dataset,seed,method,batch,threshold,test_auc,test_average_precision,n,fail_n,auto_release_rate,inspection_rate,missed_failure_rate,false_accepts,inspected_failure_count,review_fail_capture,domain_auc,shift_flag,gate_mode,minimum_failures
SECOM,7,DTCG-no-first-shift-hold,0,0.10219235075210298,0.6638173302107728,0.12056159393382793,50.0,2.0,0.1,0.9,0.0,0.0,2.0,1.0,0.9545704279355105,1,shifted-base-calibration,5
SECOM,7,DTCG-no-first-shift-hold,1,0.10219235075210298,0.6638173302107728,0.12056159393382793,50.0,1.0,0.06,0.94,0.0,0.0,1.0,1.0,0.9585405155777944,1,shifted-base-calibration,5
SECOM,7,DTCG-no-first-shift-hold,2,0.10219235075210298,0.6638173302107728,0.12056159393382793,50.0,4.0,0.2,0.8,0.0,0.0,4.0,1.0,0.9779045946736904,1,shifted-base-calibration,5
SECOM,7,DTCG-no-first-shift-hold,3,0.10219235075210298,0.6638173302107728,0.12056159393382793,50.0,0.0,0.24,0.76,0.0,0.0,0.0,0.0,0.9942422864668256,1,shifted-rolling-calibration,5
SECOM,7,DTCG-no-first-shift-hold,4,0.10219235075210298,0.6638173302107728,0.12056159393382793,50.0,1.0,0.08,0.92,0.0,0.0,1.0,1.0,0.9961292745692149,1,shifted-rolling-calibration,5
SECOM,7,DTCG-no-first-shift-hold,5,0.10219235075210298,0.6638173302107728,0.12056159393382793,50.0,1.0,0.02,0.98,0.0,0.0,1.0,1.0,0.9956280626940486,1,shifted-rolling-calibration,5
SECOM,7,DTCG-no-first-shift-hold,6,0.10219235075210298,0.6638173302107728,0.12056159393382793,50.0,1.0,0.04,0.96,0.0,0.0,1.0,1.0,0.9921783029786934,1,shifted-rolling-calibration,5
SECOM,7,DTCG-no-first-shift-hold,7,0.10219235075210298,0.6638173302107728,0.12056159393382793,50.0,3.0,0.08,0.92,0.3333333333333333,1.0,2.0,0.6666666666666666,0.996775300850898,1,shifted-rolling-calibration,5
SECOM,7,DTCG-no-first-shift-hold,8,0.10219235075210298,0.6638173302107728,0.12056159393382793,50.0,5.0,0.04,0.96,0.0,0.0,5.0,1.0,0.9976920461821805,1,shifted-rolling-calibration,5
SECOM,7,DTCG-no-first-shift-hold,9,0.10219235075210298,0.6638173302107728,0.12056159393382793,50.0,1.0,0.06,0.94,0.0,0.0,1.0,1.0,0.9971988795518207,1,shifted-rolling-calibration,5
SECOM,7,DTCG-no-first-shift-hold,10,0.10219235075210298,0.6638173302107728,0.12056159393382793,50.0,9.0,0.08,0.92,0.0,0.0,9.0,1.0,0.994539754236337,1,shifted-rolling-calibration,5
SECOM,7,DTCG-no-first-shift-hold,11,0.10219235075210298,0.6638173302107728,0.12056159393382793,50.0,3.0,0.06,0.94,0.0,0.0,3.0,1.0,0.9950061721467849,1,shifted-rolling-calibration,5
SECOM,7,DTCG-no-first-shift-hold,12,0.10219235075210298,0.6638173302107728,0.12056159393382793,50.0,3.0,0.14,0.86,0.0,0.0,3.0,1.0,0.9967565973757924,1,shifted-rolling-calibration,5
SECOM,7,DTCG-no-first-shift-hold,13,0.10219235075210298,0.6638173302107728,0.12056159393382793,50.0,0.0,0.32,0.68,0.0,0.0,0.0,0.0,0.9927867160218368,1,shifted-rolling-calibration,5
SECOM,7,DTCG-no-first-shift-hold,14,0.10219235075210298,0.6638173302107728,0.12056159393382793,50.0,1.0,0.14,0.86,0.0,0.0,1.0,1.0,0.9974937343358397,1,shifted-rolling-calibration,5
SECOM,7,DTCG-no-first-shift-hold,15,0.10219235075210298,0.6638173302107728,0.12056159393382793,17.0,0.0,0.0,1.0,0.0,0.0,0.0,0.0,0.9960011970224066,1,shifted-rolling-calibration,5
SECOM,7,DTCG-no-rolling,0,0.0,0.6638173302107728,0.12056159393382793,50.0,2.0,0.0,1.0,0.0,0.0,2.0,1.0,0.9545704279355105,1,first-shift-hold,5
SECOM,7,DTCG-no-rolling,1,0.10219235075210298,0.6638173302107728,0.12056159393382793,50.0,1.0,0.06,0.94,0.0,0.0,1.0,1.0,0.9585405155777944,1,shifted-base-calibration,5
SECOM,7,DTCG-no-rolling,2,0.10219235075210298,0.6638173302107728,0.12056159393382793,50.0,4.0,0.2,0.8,0.0,0.0,4.0,1.0,0.9779045946736904,1,shifted-base-calibration,5
SECOM,7,DTCG-no-rolling,3,0.10219235075210298,0.6638173302107728,0.12056159393382793,50.0,0.0,0.24,0.76,0.0,0.0,0.0,0.0,0.9942422864668256,1,shifted-base-calibration,5
SECOM,7,DTCG-no-rolling,4,0.10219235075210298,0.6638173302107728,0.12056159393382793,50.0,1.0,0.08,0.92,0.0,0.0,1.0,1.0,0.9961292745692149,1,shifted-base-calibration,5
SECOM,7,DTCG-no-rolling,5,0.10219235075210298,0.6638173302107728,0.12056159393382793,50.0,1.0,0.02,0.98,0.0,0.0,1.0,1.0,0.9956280626940486,1,shifted-base-calibration,5
SECOM,7,DTCG-no-rolling,6,0.10219235075210298,0.6638173302107728,0.12056159393382793,50.0,1.0,0.04,0.96,0.0,0.0,1.0,1.0,0.9921783029786934,1,shifted-base-calibration,5
SECOM,7,DTCG-no-rolling,7,0.10219235075210298,0.6638173302107728,0.12056159393382793,50.0,3.0,0.08,0.92,0.3333333333333333,1.0,2.0,0.6666666666666666,0.996775300850898,1,shifted-base-calibration,5
SECOM,7,DTCG-no-rolling,8,0.10219235075210298,0.6638173302107728,0.12056159393382793,50.0,5.0,0.04,0.96,0.0,0.0,5.0,1.0,0.9976920461821805,1,shifted-base-calibration,5
SECOM,7,DTCG-no-rolling,9,0.10219235075210298,0.6638173302107728,0.12056159393382793,50.0,1.0,0.06,0.94,0.0,0.0,1.0,1.0,0.9971988795518207,1,shifted-base-calibration,5
SECOM,7,DTCG-no-rolling,10,0.10219235075210298,0.6638173302107728,0.12056159393382793,50.0,9.0,0.08,0.92,0.0,0.0,9.0,1.0,0.994539754236337,1,shifted-base-calibration,5
SECOM,7,DTCG-no-rolling,11,0.10219235075210298,0.6638173302107728,0.12056159393382793,50.0,3.0,0.06,0.94,0.0,0.0,3.0,1.0,0.9950061721467849,1,shifted-base-calibration,5
SECOM,7,DTCG-no-rolling,12,0.10219235075210298,0.6638173302107728,0.12056159393382793,50.0,3.0,0.14,0.86,0.0,0.0,3.0,1.0,0.9967565973757924,1,shifted-base-calibration,5
SECOM,7,DTCG-no-rolling,13,0.10219235075210298,0.6638173302107728,0.12056159393382793,50.0,0.0,0.32,0.68,0.0,0.0,0.0,0.0,0.9927867160218368,1,shifted-base-calibration,5
SECOM,7,DTCG-no-rolling,14,0.10219235075210298,0.6638173302107728,0.12056159393382793,50.0,1.0,0.14,0.86,0.0,0.0,1.0,1.0,0.9974937343358397,1,shifted-base-calibration,5
SECOM,7,DTCG-no-rolling,15,0.10219235075210298,0.6638173302107728,0.12056159393382793,17.0,0.0,0.0,1.0,0.0,0.0,0.0,0.0,0.9960011970224066,1,shifted-base-calibration,5
SECOM,7,DTCG-always-roll,0,0.10219235075210298,0.6638173302107728,0.12056159393382793,50.0,2.0,0.1,0.9,0.0,0.0,2.0,1.0,0.9545704279355105,1,stable,5
SECOM,7,DTCG-always-roll,1,0.10219235075210298,0.6638173302107728,0.12056159393382793,50.0,1.0,0.06,0.94,0.0,0.0,1.0,1.0,0.9585405155777944,1,stable,5
SECOM,7,DTCG-always-roll,2,0.10219235075210298,0.6638173302107728,0.12056159393382793,50.0,4.0,0.2,0.8,0.0,0.0,4.0,1.0,0.9779045946736904,1,stable,5
SECOM,7,DTCG-always-roll,3,0.10799144385026738,0.6638173302107728,0.12056159393382793,50.0,0.0,0.38,0.62,0.0,0.0,0.0,0.0,0.9942422864668256,1,rolling-calibration,5
SECOM,7,DTCG-always-roll,4,0.10799144385026738,0.6638173302107728,0.12056159393382793,50.0,1.0,0.2,0.8,0.0,0.0,1.0,1.0,0.9961292745692149,1,rolling-calibration,5
SECOM,7,DTCG-always-roll,5,0.10799144385026738,0.6638173302107728,0.12056159393382793,50.0,1.0,0.04,0.96,0.0,0.0,1.0,1.0,0.9956280626940486,1,rolling-calibration,5
SECOM,7,DTCG-always-roll,6,0.10799144385026738,0.6638173302107728,0.12056159393382793,50.0,1.0,0.04,0.96,0.0,0.0,1.0,1.0,0.9921783029786934,1,rolling-calibration,5
SECOM,7,DTCG-always-roll,7,0.10799144385026738,0.6638173302107728,0.12056159393382793,50.0,3.0,0.1,0.9,0.3333333333333333,1.0,2.0,0.6666666666666666,0.996775300850898,1,rolling-calibration,5
SECOM,7,DTCG-always-roll,8,0.10799144385026738,0.6638173302107728,0.12056159393382793,50.0,5.0,0.06,0.94,0.0,0.0,5.0,1.0,0.9976920461821805,1,rolling-calibration,5
SECOM,7,DTCG-always-roll,9,0.10799144385026738,0.6638173302107728,0.12056159393382793,50.0,1.0,0.12,0.88,0.0,0.0,1.0,1.0,0.9971988795518207,1,rolling-calibration,5
SECOM,7,DTCG-always-roll,10,0.10799144385026738,0.6638173302107728,0.12056159393382793,50.0,9.0,0.18,0.82,0.1111111111111111,1.0,8.0,0.8888888888888888,0.994539754236337,1,rolling-calibration,5
SECOM,7,DTCG-always-roll,11,0.11915201243201246,0.6638173302107728,0.12056159393382793,50.0,3.0,0.26,0.74,0.3333333333333333,1.0,2.0,0.6666666666666666,0.9950061721467849,1,rolling-calibration,5
SECOM,7,DTCG-always-roll,12,0.11915201243201246,0.6638173302107728,0.12056159393382793,50.0,3.0,0.42,0.58,0.0,0.0,3.0,1.0,0.9967565973757924,1,rolling-calibration,5
SECOM,7,DTCG-always-roll,13,0.11915201243201246,0.6638173302107728,0.12056159393382793,50.0,0.0,0.44,0.56,0.0,0.0,0.0,0.0,0.9927867160218368,1,rolling-calibration,5
SECOM,7,DTCG-always-roll,14,0.11915201243201246,0.6638173302107728,0.12056159393382793,50.0,1.0,0.36,0.64,1.0,1.0,0.0,0.0,0.9974937343358397,1,rolling-calibration,5
SECOM,7,DTCG-always-roll,15,0.10799144385026738,0.6638173302107728,0.12056159393382793,17.0,0.0,0.0,1.0,0.0,0.0,0.0,0.0,0.9960011970224066,1,rolling-calibration,5
SECOM,7,DTCG-min-failures-1,0,0.0,0.6638173302107728,0.12056159393382793,50.0,2.0,0.0,1.0,0.0,0.0,2.0,1.0,0.9545704279355105,1,first-shift-hold,1
SECOM,7,DTCG-min-failures-1,1,0.10219235075210298,0.6638173302107728,0.12056159393382793,50.0,1.0,0.06,0.94,0.0,0.0,1.0,1.0,0.9585405155777944,1,shifted-rolling-calibration,1
SECOM,7,DTCG-min-failures-1,2,0.10219235075210298,0.6638173302107728,0.12056159393382793,50.0,4.0,0.2,0.8,0.0,0.0,4.0,1.0,0.9779045946736904,1,shifted-rolling-calibration,1
SECOM,7,DTCG-min-failures-1,3,0.10219235075210298,0.6638173302107728,0.12056159393382793,50.0,0.0,0.24,0.76,0.0,0.0,0.0,0.0,0.9942422864668256,1,shifted-rolling-calibration,1
SECOM,7,DTCG-min-failures-1,4,0.10219235075210298,0.6638173302107728,0.12056159393382793,50.0,1.0,0.08,0.92,0.0,0.0,1.0,1.0,0.9961292745692149,1,shifted-rolling-calibration,1
SECOM,7,DTCG-min-failures-1,5,0.10219235075210298,0.6638173302107728,0.12056159393382793,50.0,1.0,0.02,0.98,0.0,0.0,1.0,1.0,0.9956280626940486,1,shifted-rolling-calibration,1
SECOM,7,DTCG-min-failures-1,6,0.10219235075210298,0.6638173302107728,0.12056159393382793,50.0,1.0,0.04,0.96,0.0,0.0,1.0,1.0,0.9921783029786934,1,shifted-rolling-calibration,1
SECOM,7,DTCG-min-failures-1,7,0.10219235075210298,0.6638173302107728,0.12056159393382793,50.0,3.0,0.08,0.92,0.3333333333333333,1.0,2.0,0.6666666666666666,0.996775300850898,1,shifted-rolling-calibration,1
SECOM,7,DTCG-min-failures-1,8,0.10219235075210298,0.6638173302107728,0.12056159393382793,50.0,5.0,0.04,0.96,0.0,0.0,5.0,1.0,0.9976920461821805,1,shifted-rolling-calibration,1
SECOM,7,DTCG-min-failures-1,9,0.10219235075210298,0.6638173302107728,0.12056159393382793,50.0,1.0,0.06,0.94,0.0,0.0,1.0,1.0,0.9971988795518207,1,shifted-rolling-calibration,1
SECOM,7,DTCG-min-failures-1,10,0.10219235075210298,0.6638173302107728,0.12056159393382793,50.0,9.0,0.08,0.92,0.0,0.0,9.0,1.0,0.994539754236337,1,shifted-rolling-calibration,1
SECOM,7,DTCG-min-failures-1,11,0.10219235075210298,0.6638173302107728,0.12056159393382793,50.0,3.0,0.06,0.94,0.0,0.0,3.0,1.0,0.9950061721467849,1,shifted-rolling-calibration,1
SECOM,7,DTCG-min-failures-1,12,0.10219235075210298,0.6638173302107728,0.12056159393382793,50.0,3.0,0.14,0.86,0.0,0.0,3.0,1.0,0.9967565973757924,1,shifted-rolling-calibration,1
SECOM,7,DTCG-min-failures-1,13,0.10219235075210298,0.6638173302107728,0.12056159393382793,50.0,0.0,0.32,0.68,0.0,0.0,0.0,0.0,0.9927867160218368,1,shifted-rolling-calibration,1
SECOM,7,DTCG-min-failures-1,14,0.10219235075210298,0.6638173302107728,0.12056159393382793,50.0,1.0,0.14,0.86,0.0,0.0,1.0,1.0,0.9974937343358397,1,shifted-rolling-calibration,1
SECOM,7,DTCG-min-failures-1,15,0.10219235075210298,0.6638173302107728,0.12056159393382793,17.0,0.0,0.0,1.0,0.0,0.0,0.0,0.0,0.9960011970224066,1,shifted-rolling-calibration,1
SECOM,7,DTCG-min-failures-10,0,0.0,0.6638173302107728,0.12056159393382793,50.0,2.0,0.0,1.0,0.0,0.0,2.0,1.0,0.9545704279355105,1,first-shift-hold,10
SECOM,7,DTCG-min-failures-10,1,0.10219235075210298,0.6638173302107728,0.12056159393382793,50.0,1.0,0.06,0.94,0.0,0.0,1.0,1.0,0.9585405155777944,1,shifted-base-calibration,10
SECOM,7,DTCG-min-failures-10,2,0.10219235075210298,0.6638173302107728,0.12056159393382793,50.0,4.0,0.2,0.8,0.0,0.0,4.0,1.0,0.9779045946736904,1,shifted-base-calibration,10
SECOM,7,DTCG-min-failures-10,3,0.10219235075210298,0.6638173302107728,0.12056159393382793,50.0,0.0,0.24,0.76,0.0,0.0,0.0,0.0,0.9942422864668256,1,shifted-base-calibration,10
SECOM,7,DTCG-min-failures-10,4,0.10219235075210298,0.6638173302107728,0.12056159393382793,50.0,1.0,0.08,0.92,0.0,0.0,1.0,1.0,0.9961292745692149,1,shifted-base-calibration,10
SECOM,7,DTCG-min-failures-10,5,0.10219235075210298,0.6638173302107728,0.12056159393382793,50.0,1.0,0.02,0.98,0.0,0.0,1.0,1.0,0.9956280626940486,1,shifted-base-calibration,10
SECOM,7,DTCG-min-failures-10,6,0.10219235075210298,0.6638173302107728,0.12056159393382793,50.0,1.0,0.04,0.96,0.0,0.0,1.0,1.0,0.9921783029786934,1,shifted-base-calibration,10
SECOM,7,DTCG-min-failures-10,7,0.10219235075210298,0.6638173302107728,0.12056159393382793,50.0,3.0,0.08,0.92,0.3333333333333333,1.0,2.0,0.6666666666666666,0.996775300850898,1,shifted-base-calibration,10
SECOM,7,DTCG-min-failures-10,8,0.10219235075210298,0.6638173302107728,0.12056159393382793,50.0,5.0,0.04,0.96,0.0,0.0,5.0,1.0,0.9976920461821805,1,shifted-base-calibration,10
SECOM,7,DTCG-min-failures-10,9,0.10219235075210298,0.6638173302107728,0.12056159393382793,50.0,1.0,0.06,0.94,0.0,0.0,1.0,1.0,0.9971988795518207,1,shifted-base-calibration,10
SECOM,7,DTCG-min-failures-10,10,0.10219235075210298,0.6638173302107728,0.12056159393382793,50.0,9.0,0.08,0.92,0.0,0.0,9.0,1.0,0.994539754236337,1,shifted-base-calibration,10
SECOM,7,DTCG-min-failures-10,11,0.10219235075210298,0.6638173302107728,0.12056159393382793,50.0,3.0,0.06,0.94,0.0,0.0,3.0,1.0,0.9950061721467849,1,shifted-rolling-calibration,10
SECOM,7,DTCG-min-failures-10,12,0.10219235075210298,0.6638173302107728,0.12056159393382793,50.0,3.0,0.14,0.86,0.0,0.0,3.0,1.0,0.9967565973757924,1,shifted-rolling-calibration,10
SECOM,7,DTCG-min-failures-10,13,0.10219235075210298,0.6638173302107728,0.12056159393382793,50.0,0.0,0.32,0.68,0.0,0.0,0.0,0.0,0.9927867160218368,1,shifted-rolling-calibration,10
SECOM,7,DTCG-min-failures-10,14,0.10219235075210298,0.6638173302107728,0.12056159393382793,50.0,1.0,0.14,0.86,0.0,0.0,1.0,1.0,0.9974937343358397,1,shifted-rolling-calibration,10
SECOM,7,DTCG-min-failures-10,15,0.10219235075210298,0.6638173302107728,0.12056159393382793,17.0,0.0,0.0,1.0,0.0,0.0,0.0,0.0,0.9960011970224066,1,shifted-rolling-calibration,10
SECOM,17,DTCG-no-first-shift-hold,0,0.11768610474492824,0.7056986729117877,0.13079104836351,50.0,2.0,0.24,0.76,0.0,0.0,2.0,1.0,0.9637407005221569,1,shifted-base-calibration,5
SECOM,17,DTCG-no-first-shift-hold,1,0.11768610474492824,0.7056986729117877,0.13079104836351,50.0,1.0,0.16,0.84,0.0,0.0,1.0,1.0,0.950356782540196,1,shifted-base-calibration,5
SECOM,17,DTCG-no-first-shift-hold,2,0.11768610474492824,0.7056986729117877,0.13079104836351,50.0,4.0,0.42,0.58,0.0,0.0,4.0,1.0,0.9993941999423493,1,shifted-base-calibration,5
SECOM,17,DTCG-no-first-shift-hold,3,0.11768610474492824,0.7056986729117877,0.13079104836351,50.0,0.0,0.38,0.62,0.0,0.0,0.0,0.0,0.992985027868178,1,shifted-rolling-calibration,5
SECOM,17,DTCG-no-first-shift-hold,4,0.11768610474492824,0.7056986729117877,0.13079104836351,50.0,1.0,0.2,0.8,0.0,0.0,1.0,1.0,0.9922237551737112,1,shifted-rolling-calibration,5
SECOM,17,DTCG-no-first-shift-hold,5,0.11768610474492824,0.7056986729117877,0.13079104836351,50.0,1.0,0.06,0.94,0.0,0.0,1.0,1.0,0.9939393864380001,1,shifted-rolling-calibration,5
SECOM,17,DTCG-no-first-shift-hold,6,0.11768610474492824,0.7056986729117877,0.13079104836351,50.0,1.0,0.02,0.98,0.0,0.0,1.0,1.0,0.9927947612666433,1,shifted-rolling-calibration,5
SECOM,17,DTCG-no-first-shift-hold,7,0.11768610474492824,0.7056986729117877,0.13079104836351,50.0,3.0,0.04,0.96,0.3333333333333333,1.0,2.0,0.6666666666666666,0.994711317362766,1,shifted-rolling-calibration,5
SECOM,17,DTCG-no-first-shift-hold,8,0.11768610474492824,0.7056986729117877,0.13079104836351,50.0,5.0,0.12,0.88,0.0,0.0,5.0,1.0,0.995882691254035,1,shifted-rolling-calibration,5
SECOM,17,DTCG-no-first-shift-hold,9,0.11768610474492824,0.7056986729117877,0.13079104836351,50.0,1.0,0.14,0.86,0.0,0.0,1.0,1.0,0.9946926138876604,1,shifted-rolling-calibration,5
SECOM,17,DTCG-no-first-shift-hold,10,0.11768610474492824,0.7056986729117877,0.13079104836351,50.0,9.0,0.18,0.82,0.1111111111111111,1.0,8.0,0.8888888888888888,0.9921863482234999,1,shifted-rolling-calibration,5
SECOM,17,DTCG-no-first-shift-hold,11,0.11768610474492824,0.7056986729117877,0.13079104836351,50.0,3.0,0.16,0.84,0.0,0.0,3.0,1.0,0.9941403112698338,1,shifted-rolling-calibration,5
SECOM,17,DTCG-no-first-shift-hold,12,0.11768610474492824,0.7056986729117877,0.13079104836351,50.0,3.0,0.32,0.68,0.0,0.0,3.0,1.0,0.9914679147385584,1,shifted-rolling-calibration,5
SECOM,17,DTCG-no-first-shift-hold,13,0.11768610474492824,0.7056986729117877,0.13079104836351,50.0,0.0,0.42,0.58,0.0,0.0,0.0,0.0,0.9808344390387734,1,shifted-rolling-calibration,5
SECOM,17,DTCG-no-first-shift-hold,14,0.11768610474492824,0.7056986729117877,0.13079104836351,50.0,1.0,0.26,0.74,0.0,0.0,1.0,1.0,0.9900927967416345,1,shifted-rolling-calibration,5
SECOM,17,DTCG-no-first-shift-hold,15,0.11768610474492824,0.7056986729117877,0.13079104836351,17.0,0.0,0.23529411764705882,0.7647058823529411,0.0,0.0,0.0,0.0,0.9950061721467849,1,shifted-rolling-calibration,5
SECOM,17,DTCG-no-rolling,0,0.0,0.7056986729117877,0.13079104836351,50.0,2.0,0.0,1.0,0.0,0.0,2.0,1.0,0.9637407005221569,1,first-shift-hold,5
SECOM,17,DTCG-no-rolling,1,0.11768610474492824,0.7056986729117877,0.13079104836351,50.0,1.0,0.16,0.84,0.0,0.0,1.0,1.0,0.950356782540196,1,shifted-base-calibration,5
SECOM,17,DTCG-no-rolling,2,0.11768610474492824,0.7056986729117877,0.13079104836351,50.0,4.0,0.42,0.58,0.0,0.0,4.0,1.0,0.9993941999423493,1,shifted-base-calibration,5
SECOM,17,DTCG-no-rolling,3,0.11768610474492824,0.7056986729117877,0.13079104836351,50.0,0.0,0.38,0.62,0.0,0.0,0.0,0.0,0.992985027868178,1,shifted-base-calibration,5
SECOM,17,DTCG-no-rolling,4,0.11768610474492824,0.7056986729117877,0.13079104836351,50.0,1.0,0.2,0.8,0.0,0.0,1.0,1.0,0.9922237551737112,1,shifted-base-calibration,5
SECOM,17,DTCG-no-rolling,5,0.11768610474492824,0.7056986729117877,0.13079104836351,50.0,1.0,0.06,0.94,0.0,0.0,1.0,1.0,0.9939393864380001,1,shifted-base-calibration,5
SECOM,17,DTCG-no-rolling,6,0.11768610474492824,0.7056986729117877,0.13079104836351,50.0,1.0,0.02,0.98,0.0,0.0,1.0,1.0,0.9927947612666433,1,shifted-base-calibration,5
SECOM,17,DTCG-no-rolling,7,0.11768610474492824,0.7056986729117877,0.13079104836351,50.0,3.0,0.04,0.96,0.3333333333333333,1.0,2.0,0.6666666666666666,0.994711317362766,1,shifted-base-calibration,5
SECOM,17,DTCG-no-rolling,8,0.11768610474492824,0.7056986729117877,0.13079104836351,50.0,5.0,0.12,0.88,0.0,0.0,5.0,1.0,0.995882691254035,1,shifted-base-calibration,5
SECOM,17,DTCG-no-rolling,9,0.11768610474492824,0.7056986729117877,0.13079104836351,50.0,1.0,0.14,0.86,0.0,0.0,1.0,1.0,0.9946926138876604,1,shifted-base-calibration,5
SECOM,17,DTCG-no-rolling,10,0.11768610474492824,0.7056986729117877,0.13079104836351,50.0,9.0,0.18,0.82,0.1111111111111111,1.0,8.0,0.8888888888888888,0.9921863482234999,1,shifted-base-calibration,5
SECOM,17,DTCG-no-rolling,11,0.11768610474492824,0.7056986729117877,0.13079104836351,50.0,3.0,0.16,0.84,0.0,0.0,3.0,1.0,0.9941403112698338,1,shifted-base-calibration,5
SECOM,17,DTCG-no-rolling,12,0.11768610474492824,0.7056986729117877,0.13079104836351,50.0,3.0,0.32,0.68,0.0,0.0,3.0,1.0,0.9914679147385584,1,shifted-base-calibration,5
SECOM,17,DTCG-no-rolling,13,0.11768610474492824,0.7056986729117877,0.13079104836351,50.0,0.0,0.42,0.58,0.0,0.0,0.0,0.0,0.9808344390387734,1,shifted-base-calibration,5
SECOM,17,DTCG-no-rolling,14,0.11768610474492824,0.7056986729117877,0.13079104836351,50.0,1.0,0.26,0.74,0.0,0.0,1.0,1.0,0.9900927967416345,1,shifted-base-calibration,5
SECOM,17,DTCG-no-rolling,15,0.11768610474492824,0.7056986729117877,0.13079104836351,17.0,0.0,0.23529411764705882,0.7647058823529411,0.0,0.0,0.0,0.0,0.9950061721467849,1,shifted-base-calibration,5
SECOM,17,DTCG-always-roll,0,0.11768610474492824,0.7056986729117877,0.13079104836351,50.0,2.0,0.24,0.76,0.0,0.0,2.0,1.0,0.9637407005221569,1,stable,5
SECOM,17,DTCG-always-roll,1,0.11768610474492824,0.7056986729117877,0.13079104836351,50.0,1.0,0.16,0.84,0.0,0.0,1.0,1.0,0.950356782540196,1,stable,5
SECOM,17,DTCG-always-roll,2,0.11768610474492824,0.7056986729117877,0.13079104836351,50.0,4.0,0.42,0.58,0.0,0.0,4.0,1.0,0.9993941999423493,1,stable,5
SECOM,17,DTCG-always-roll,3,0.12750631016042768,0.7056986729117877,0.13079104836351,50.0,0.0,0.62,0.38,0.0,0.0,0.0,0.0,0.992985027868178,1,rolling-calibration,5
SECOM,17,DTCG-always-roll,4,0.12750631016042768,0.7056986729117877,0.13079104836351,50.0,1.0,0.32,0.68,0.0,0.0,1.0,1.0,0.9922237551737112,1,rolling-calibration,5
SECOM,17,DTCG-always-roll,5,0.12750631016042768,0.7056986729117877,0.13079104836351,50.0,1.0,0.06,0.94,0.0,0.0,1.0,1.0,0.9939393864380001,1,rolling-calibration,5
SECOM,17,DTCG-always-roll,6,0.12750631016042768,0.7056986729117877,0.13079104836351,50.0,1.0,0.16,0.84,0.0,0.0,1.0,1.0,0.9927947612666433,1,rolling-calibration,5
SECOM,17,DTCG-always-roll,7,0.13387032891429174,0.7056986729117877,0.13079104836351,50.0,3.0,0.32,0.68,0.3333333333333333,1.0,2.0,0.6666666666666666,0.994711317362766,1,rolling-calibration,5
SECOM,17,DTCG-always-roll,8,0.13387032891429174,0.7056986729117877,0.13079104836351,50.0,5.0,0.3,0.7,0.0,0.0,5.0,1.0,0.995882691254035,1,rolling-calibration,5
SECOM,17,DTCG-always-roll,9,0.13387032891429174,0.7056986729117877,0.13079104836351,50.0,1.0,0.36,0.64,0.0,0.0,1.0,1.0,0.9946926138876604,1,rolling-calibration,5
SECOM,17,DTCG-always-roll,10,0.13387032891429174,0.7056986729117877,0.13079104836351,50.0,9.0,0.38,0.62,0.3333333333333333,3.0,6.0,0.6666666666666666,0.9921863482234999,1,rolling-calibration,5
SECOM,17,DTCG-always-roll,11,0.13786357172239516,0.7056986729117877,0.13079104836351,50.0,3.0,0.34,0.66,0.0,0.0,3.0,1.0,0.9941403112698338,1,rolling-calibration,5
SECOM,17,DTCG-always-roll,12,0.13786357172239516,0.7056986729117877,0.13079104836351,50.0,3.0,0.62,0.38,0.0,0.0,3.0,1.0,0.9914679147385584,1,rolling-calibration,5
SECOM,17,DTCG-always-roll,13,0.13786357172239516,0.7056986729117877,0.13079104836351,50.0,0.0,0.76,0.24,0.0,0.0,0.0,0.0,0.9808344390387734,1,rolling-calibration,5
SECOM,17,DTCG-always-roll,14,0.13786357172239516,0.7056986729117877,0.13079104836351,50.0,1.0,0.54,0.46,0.0,0.0,1.0,1.0,0.9900927967416345,1,rolling-calibration,5
SECOM,17,DTCG-always-roll,15,0.13786357172239516,0.7056986729117877,0.13079104836351,17.0,0.0,0.35294117647058826,0.6470588235294118,0.0,0.0,0.0,0.0,0.9950061721467849,1,rolling-calibration,5
SECOM,17,DTCG-min-failures-1,0,0.0,0.7056986729117877,0.13079104836351,50.0,2.0,0.0,1.0,0.0,0.0,2.0,1.0,0.9637407005221569,1,first-shift-hold,1
SECOM,17,DTCG-min-failures-1,1,0.11768610474492824,0.7056986729117877,0.13079104836351,50.0,1.0,0.16,0.84,0.0,0.0,1.0,1.0,0.950356782540196,1,shifted-rolling-calibration,1
SECOM,17,DTCG-min-failures-1,2,0.11768610474492824,0.7056986729117877,0.13079104836351,50.0,4.0,0.42,0.58,0.0,0.0,4.0,1.0,0.9993941999423493,1,shifted-rolling-calibration,1
SECOM,17,DTCG-min-failures-1,3,0.11768610474492824,0.7056986729117877,0.13079104836351,50.0,0.0,0.38,0.62,0.0,0.0,0.0,0.0,0.992985027868178,1,shifted-rolling-calibration,1
SECOM,17,DTCG-min-failures-1,4,0.11768610474492824,0.7056986729117877,0.13079104836351,50.0,1.0,0.2,0.8,0.0,0.0,1.0,1.0,0.9922237551737112,1,shifted-rolling-calibration,1
SECOM,17,DTCG-min-failures-1,5,0.11768610474492824,0.7056986729117877,0.13079104836351,50.0,1.0,0.06,0.94,0.0,0.0,1.0,1.0,0.9939393864380001,1,shifted-rolling-calibration,1
SECOM,17,DTCG-min-failures-1,6,0.11768610474492824,0.7056986729117877,0.13079104836351,50.0,1.0,0.02,0.98,0.0,0.0,1.0,1.0,0.9927947612666433,1,shifted-rolling-calibration,1
SECOM,17,DTCG-min-failures-1,7,0.11768610474492824,0.7056986729117877,0.13079104836351,50.0,3.0,0.04,0.96,0.3333333333333333,1.0,2.0,0.6666666666666666,0.994711317362766,1,shifted-rolling-calibration,1
SECOM,17,DTCG-min-failures-1,8,0.11768610474492824,0.7056986729117877,0.13079104836351,50.0,5.0,0.12,0.88,0.0,0.0,5.0,1.0,0.995882691254035,1,shifted-rolling-calibration,1
SECOM,17,DTCG-min-failures-1,9,0.11768610474492824,0.7056986729117877,0.13079104836351,50.0,1.0,0.14,0.86,0.0,0.0,1.0,1.0,0.9946926138876604,1,shifted-rolling-calibration,1
SECOM,17,DTCG-min-failures-1,10,0.11768610474492824,0.7056986729117877,0.13079104836351,50.0,9.0,0.18,0.82,0.1111111111111111,1.0,8.0,0.8888888888888888,0.9921863482234999,1,shifted-rolling-calibration,1
SECOM,17,DTCG-min-failures-1,11,0.11768610474492824,0.7056986729117877,0.13079104836351,50.0,3.0,0.16,0.84,0.0,0.0,3.0,1.0,0.9941403112698338,1,shifted-rolling-calibration,1
SECOM,17,DTCG-min-failures-1,12,0.11768610474492824,0.7056986729117877,0.13079104836351,50.0,3.0,0.32,0.68,0.0,0.0,3.0,1.0,0.9914679147385584,1,shifted-rolling-calibration,1
SECOM,17,DTCG-min-failures-1,13,0.11768610474492824,0.7056986729117877,0.13079104836351,50.0,0.0,0.42,0.58,0.0,0.0,0.0,0.0,0.9808344390387734,1,shifted-rolling-calibration,1
SECOM,17,DTCG-min-failures-1,14,0.11768610474492824,0.7056986729117877,0.13079104836351,50.0,1.0,0.26,0.74,0.0,0.0,1.0,1.0,0.9900927967416345,1,shifted-rolling-calibration,1
SECOM,17,DTCG-min-failures-1,15,0.11768610474492824,0.7056986729117877,0.13079104836351,17.0,0.0,0.23529411764705882,0.7647058823529411,0.0,0.0,0.0,0.0,0.9950061721467849,1,shifted-rolling-calibration,1
SECOM,17,DTCG-min-failures-10,0,0.0,0.7056986729117877,0.13079104836351,50.0,2.0,0.0,1.0,0.0,0.0,2.0,1.0,0.9637407005221569,1,first-shift-hold,10
SECOM,17,DTCG-min-failures-10,1,0.11768610474492824,0.7056986729117877,0.13079104836351,50.0,1.0,0.16,0.84,0.0,0.0,1.0,1.0,0.950356782540196,1,shifted-base-calibration,10
SECOM,17,DTCG-min-failures-10,2,0.11768610474492824,0.7056986729117877,0.13079104836351,50.0,4.0,0.42,0.58,0.0,0.0,4.0,1.0,0.9993941999423493,1,shifted-base-calibration,10
SECOM,17,DTCG-min-failures-10,3,0.11768610474492824,0.7056986729117877,0.13079104836351,50.0,0.0,0.38,0.62,0.0,0.0,0.0,0.0,0.992985027868178,1,shifted-base-calibration,10
SECOM,17,DTCG-min-failures-10,4,0.11768610474492824,0.7056986729117877,0.13079104836351,50.0,1.0,0.2,0.8,0.0,0.0,1.0,1.0,0.9922237551737112,1,shifted-base-calibration,10
SECOM,17,DTCG-min-failures-10,5,0.11768610474492824,0.7056986729117877,0.13079104836351,50.0,1.0,0.06,0.94,0.0,0.0,1.0,1.0,0.9939393864380001,1,shifted-base-calibration,10
SECOM,17,DTCG-min-failures-10,6,0.11768610474492824,0.7056986729117877,0.13079104836351,50.0,1.0,0.02,0.98,0.0,0.0,1.0,1.0,0.9927947612666433,1,shifted-base-calibration,10
SECOM,17,DTCG-min-failures-10,7,0.11768610474492824,0.7056986729117877,0.13079104836351,50.0,3.0,0.04,0.96,0.3333333333333333,1.0,2.0,0.6666666666666666,0.994711317362766,1,shifted-base-calibration,10
SECOM,17,DTCG-min-failures-10,8,0.11768610474492824,0.7056986729117877,0.13079104836351,50.0,5.0,0.12,0.88,0.0,0.0,5.0,1.0,0.995882691254035,1,shifted-base-calibration,10
SECOM,17,DTCG-min-failures-10,9,0.11768610474492824,0.7056986729117877,0.13079104836351,50.0,1.0,0.14,0.86,0.0,0.0,1.0,1.0,0.9946926138876604,1,shifted-base-calibration,10
SECOM,17,DTCG-min-failures-10,10,0.11768610474492824,0.7056986729117877,0.13079104836351,50.0,9.0,0.18,0.82,0.1111111111111111,1.0,8.0,0.8888888888888888,0.9921863482234999,1,shifted-base-calibration,10
SECOM,17,DTCG-min-failures-10,11,0.11768610474492824,0.7056986729117877,0.13079104836351,50.0,3.0,0.16,0.84,0.0,0.0,3.0,1.0,0.9941403112698338,1,shifted-rolling-calibration,10
SECOM,17,DTCG-min-failures-10,12,0.11768610474492824,0.7056986729117877,0.13079104836351,50.0,3.0,0.32,0.68,0.0,0.0,3.0,1.0,0.9914679147385584,1,shifted-rolling-calibration,10
SECOM,17,DTCG-min-failures-10,13,0.11768610474492824,0.7056986729117877,0.13079104836351,50.0,0.0,0.42,0.58,0.0,0.0,0.0,0.0,0.9808344390387734,1,shifted-rolling-calibration,10
SECOM,17,DTCG-min-failures-10,14,0.11768610474492824,0.7056986729117877,0.13079104836351,50.0,1.0,0.26,0.74,0.0,0.0,1.0,1.0,0.9900927967416345,1,shifted-rolling-calibration,10
SECOM,17,DTCG-min-failures-10,15,0.11768610474492824,0.7056986729117877,0.13079104836351,17.0,0.0,0.23529411764705882,0.7647058823529411,0.0,0.0,0.0,0.0,0.9950061721467849,1,shifted-rolling-calibration,10
SECOM,27,DTCG-no-first-shift-hold,0,0.1231567965308813,0.6982045277127245,0.11361623680743654,50.0,2.0,0.3,0.7,0.0,0.0,2.0,1.0,0.9521315497919515,1,shifted-base-calibration,5
SECOM,27,DTCG-no-first-shift-hold,1,0.1231567965308813,0.6982045277127245,0.11361623680743654,50.0,1.0,0.26,0.74,0.0,0.0,1.0,1.0,0.9586183550403664,1,shifted-base-calibration,5
SECOM,27,DTCG-no-first-shift-hold,2,0.1231567965308813,0.6982045277127245,0.11361623680743654,50.0,4.0,0.5,0.5,0.0,0.0,4.0,1.0,0.9998525726079905,1,shifted-base-calibration,5
SECOM,27,DTCG-no-first-shift-hold,3,0.1231567965308813,0.6982045277127245,0.11361623680743654,50.0,0.0,0.46,0.54,0.0,0.0,0.0,0.0,0.9927680125467312,1,shifted-rolling-calibration,5
SECOM,27,DTCG-no-first-shift-hold,4,0.1231567965308813,0.6982045277127245,0.11361623680743654,50.0,1.0,0.26,0.74,0.0,0.0,1.0,1.0,0.996038163890851,1,shifted-rolling-calibration,5
SECOM,27,DTCG-no-first-shift-hold,5,0.1231567965308813,0.6982045277127245,0.11361623680743654,50.0,1.0,0.14,0.86,0.0,0.0,1.0,1.0,0.9964804460668791,1,shifted-rolling-calibration,5
SECOM,27,DTCG-no-first-shift-hold,6,0.1231567965308813,0.6982045277127245,0.11361623680743654,50.0,1.0,0.14,0.86,0.0,0.0,1.0,1.0,0.9926286303995283,1,shifted-rolling-calibration,5
SECOM,27,DTCG-no-first-shift-hold,7,0.1231567965308813,0.6982045277127245,0.11361623680743654,50.0,3.0,0.14,0.86,0.0,0.0,3.0,1.0,0.9969066377532946,1,shifted-rolling-calibration,5
SECOM,27,DTCG-no-first-shift-hold,8,0.1231567965308813,0.6982045277127245,0.11361623680743654,50.0,5.0,0.14,0.86,0.0,0.0,5.0,1.0,0.9967833460957046,1,shifted-rolling-calibration,5
SECOM,27,DTCG-no-first-shift-hold,9,0.1231567965308813,0.6982045277127245,0.11361623680743654,50.0,1.0,0.2,0.8,0.0,0.0,1.0,1.0,0.9958720330237357,1,shifted-rolling-calibration,5
SECOM,27,DTCG-no-first-shift-hold,10,0.1231567965308813,0.6982045277127245,0.11361623680743654,50.0,9.0,0.18,0.82,0.1111111111111111,1.0,8.0,0.8888888888888888,0.9996970999711746,1,shifted-rolling-calibration,5
SECOM,27,DTCG-no-first-shift-hold,11,0.1231567965308813,0.6982045277127245,0.11361623680743654,50.0,3.0,0.28,0.72,0.0,0.0,3.0,1.0,0.9967565973757925,1,shifted-rolling-calibration,5
SECOM,27,DTCG-no-first-shift-hold,12,0.1231567965308813,0.6982045277127245,0.11361623680743654,50.0,3.0,0.48,0.52,0.0,0.0,3.0,1.0,0.994850699509969,1,shifted-rolling-calibration,5
SECOM,27,DTCG-no-first-shift-hold,13,0.1231567965308813,0.6982045277127245,0.11361623680743654,50.0,0.0,0.58,0.42,0.0,0.0,0.0,0.0,0.9949874686716792,1,shifted-rolling-calibration,5
SECOM,27,DTCG-no-first-shift-hold,14,0.1231567965308813,0.6982045277127245,0.11361623680743654,50.0,1.0,0.38,0.62,1.0,1.0,0.0,0.0,0.9953814793788686,1,shifted-rolling-calibration,5
SECOM,27,DTCG-no-first-shift-hold,15,0.1231567965308813,0.6982045277127245,0.11361623680743654,17.0,0.0,0.0,1.0,0.0,0.0,0.0,0.0,0.9957430890659484,1,shifted-rolling-calibration,5
SECOM,27,DTCG-no-rolling,0,0.0,0.6982045277127245,0.11361623680743654,50.0,2.0,0.0,1.0,0.0,0.0,2.0,1.0,0.9521315497919515,1,first-shift-hold,5
SECOM,27,DTCG-no-rolling,1,0.1231567965308813,0.6982045277127245,0.11361623680743654,50.0,1.0,0.26,0.74,0.0,0.0,1.0,1.0,0.9586183550403664,1,shifted-base-calibration,5
SECOM,27,DTCG-no-rolling,2,0.1231567965308813,0.6982045277127245,0.11361623680743654,50.0,4.0,0.5,0.5,0.0,0.0,4.0,1.0,0.9998525726079905,1,shifted-base-calibration,5
SECOM,27,DTCG-no-rolling,3,0.1231567965308813,0.6982045277127245,0.11361623680743654,50.0,0.0,0.46,0.54,0.0,0.0,0.0,0.0,0.9927680125467312,1,shifted-base-calibration,5
SECOM,27,DTCG-no-rolling,4,0.1231567965308813,0.6982045277127245,0.11361623680743654,50.0,1.0,0.26,0.74,0.0,0.0,1.0,1.0,0.996038163890851,1,shifted-base-calibration,5
SECOM,27,DTCG-no-rolling,5,0.1231567965308813,0.6982045277127245,0.11361623680743654,50.0,1.0,0.14,0.86,0.0,0.0,1.0,1.0,0.9964804460668791,1,shifted-base-calibration,5
SECOM,27,DTCG-no-rolling,6,0.1231567965308813,0.6982045277127245,0.11361623680743654,50.0,1.0,0.14,0.86,0.0,0.0,1.0,1.0,0.9926286303995283,1,shifted-base-calibration,5
SECOM,27,DTCG-no-rolling,7,0.1231567965308813,0.6982045277127245,0.11361623680743654,50.0,3.0,0.14,0.86,0.0,0.0,3.0,1.0,0.9969066377532946,1,shifted-base-calibration,5
SECOM,27,DTCG-no-rolling,8,0.1231567965308813,0.6982045277127245,0.11361623680743654,50.0,5.0,0.14,0.86,0.0,0.0,5.0,1.0,0.9967833460957046,1,shifted-base-calibration,5
SECOM,27,DTCG-no-rolling,9,0.1231567965308813,0.6982045277127245,0.11361623680743654,50.0,1.0,0.2,0.8,0.0,0.0,1.0,1.0,0.9958720330237357,1,shifted-base-calibration,5
SECOM,27,DTCG-no-rolling,10,0.1231567965308813,0.6982045277127245,0.11361623680743654,50.0,9.0,0.18,0.82,0.1111111111111111,1.0,8.0,0.8888888888888888,0.9996970999711746,1,shifted-base-calibration,5
SECOM,27,DTCG-no-rolling,11,0.1231567965308813,0.6982045277127245,0.11361623680743654,50.0,3.0,0.28,0.72,0.0,0.0,3.0,1.0,0.9967565973757925,1,shifted-base-calibration,5
SECOM,27,DTCG-no-rolling,12,0.1231567965308813,0.6982045277127245,0.11361623680743654,50.0,3.0,0.48,0.52,0.0,0.0,3.0,1.0,0.994850699509969,1,shifted-base-calibration,5
SECOM,27,DTCG-no-rolling,13,0.1231567965308813,0.6982045277127245,0.11361623680743654,50.0,0.0,0.58,0.42,0.0,0.0,0.0,0.0,0.9949874686716792,1,shifted-base-calibration,5
SECOM,27,DTCG-no-rolling,14,0.1231567965308813,0.6982045277127245,0.11361623680743654,50.0,1.0,0.38,0.62,1.0,1.0,0.0,0.0,0.9953814793788686,1,shifted-base-calibration,5
SECOM,27,DTCG-no-rolling,15,0.1231567965308813,0.6982045277127245,0.11361623680743654,17.0,0.0,0.0,1.0,0.0,0.0,0.0,0.0,0.9957430890659484,1,shifted-base-calibration,5
SECOM,27,DTCG-always-roll,0,0.1231567965308813,0.6982045277127245,0.11361623680743654,50.0,2.0,0.3,0.7,0.0,0.0,2.0,1.0,0.9521315497919515,1,stable,5
SECOM,27,DTCG-always-roll,1,0.1231567965308813,0.6982045277127245,0.11361623680743654,50.0,1.0,0.26,0.74,0.0,0.0,1.0,1.0,0.9586183550403664,1,stable,5
SECOM,27,DTCG-always-roll,2,0.1231567965308813,0.6982045277127245,0.11361623680743654,50.0,4.0,0.5,0.5,0.0,0.0,4.0,1.0,0.9998525726079905,1,stable,5
SECOM,27,DTCG-always-roll,3,0.12831729055258467,0.6982045277127245,0.11361623680743654,50.0,0.0,0.5,0.5,0.0,0.0,0.0,0.0,0.9927680125467312,1,rolling-calibration,5
SECOM,27,DTCG-always-roll,4,0.12831729055258467,0.6982045277127245,0.11361623680743654,50.0,1.0,0.28,0.72,0.0,0.0,1.0,1.0,0.996038163890851,1,rolling-calibration,5
SECOM,27,DTCG-always-roll,5,0.12831729055258467,0.6982045277127245,0.11361623680743654,50.0,1.0,0.2,0.8,0.0,0.0,1.0,1.0,0.9964804460668791,1,rolling-calibration,5
SECOM,27,DTCG-always-roll,6,0.12831729055258467,0.6982045277127245,0.11361623680743654,50.0,1.0,0.16,0.84,0.0,0.0,1.0,1.0,0.9926286303995283,1,rolling-calibration,5
SECOM,27,DTCG-always-roll,7,0.12831729055258467,0.6982045277127245,0.11361623680743654,50.0,3.0,0.22,0.78,0.0,0.0,3.0,1.0,0.9969066377532946,1,rolling-calibration,5
SECOM,27,DTCG-always-roll,8,0.12831729055258467,0.6982045277127245,0.11361623680743654,50.0,5.0,0.2,0.8,0.0,0.0,5.0,1.0,0.9967833460957046,1,rolling-calibration,5
SECOM,27,DTCG-always-roll,9,0.12831729055258467,0.6982045277127245,0.11361623680743654,50.0,1.0,0.24,0.76,0.0,0.0,1.0,1.0,0.9958720330237357,1,rolling-calibration,5
SECOM,27,DTCG-always-roll,10,0.12831729055258467,0.6982045277127245,0.11361623680743654,50.0,9.0,0.32,0.68,0.2222222222222222,2.0,7.0,0.7777777777777778,0.9996970999711746,1,rolling-calibration,5
SECOM,27,DTCG-always-roll,11,0.12866687388877818,0.6982045277127245,0.11361623680743654,50.0,3.0,0.38,0.62,0.0,0.0,3.0,1.0,0.9967565973757925,1,rolling-calibration,5
SECOM,27,DTCG-always-roll,12,0.12866687388877818,0.6982045277127245,0.11361623680743654,50.0,3.0,0.56,0.44,0.0,0.0,3.0,1.0,0.994850699509969,1,rolling-calibration,5
SECOM,27,DTCG-always-roll,13,0.12866687388877818,0.6982045277127245,0.11361623680743654,50.0,0.0,0.64,0.36,0.0,0.0,0.0,0.0,0.9949874686716792,1,rolling-calibration,5
SECOM,27,DTCG-always-roll,14,0.12866687388877818,0.6982045277127245,0.11361623680743654,50.0,1.0,0.48,0.52,1.0,1.0,0.0,0.0,0.9953814793788686,1,rolling-calibration,5
SECOM,27,DTCG-always-roll,15,0.12866687388877818,0.6982045277127245,0.11361623680743654,17.0,0.0,0.29411764705882354,0.7058823529411765,0.0,0.0,0.0,0.0,0.9957430890659484,1,rolling-calibration,5
SECOM,27,DTCG-min-failures-1,0,0.0,0.6982045277127245,0.11361623680743654,50.0,2.0,0.0,1.0,0.0,0.0,2.0,1.0,0.9521315497919515,1,first-shift-hold,1
SECOM,27,DTCG-min-failures-1,1,0.1231567965308813,0.6982045277127245,0.11361623680743654,50.0,1.0,0.26,0.74,0.0,0.0,1.0,1.0,0.9586183550403664,1,shifted-rolling-calibration,1
SECOM,27,DTCG-min-failures-1,2,0.1231567965308813,0.6982045277127245,0.11361623680743654,50.0,4.0,0.5,0.5,0.0,0.0,4.0,1.0,0.9998525726079905,1,shifted-rolling-calibration,1
SECOM,27,DTCG-min-failures-1,3,0.1231567965308813,0.6982045277127245,0.11361623680743654,50.0,0.0,0.46,0.54,0.0,0.0,0.0,0.0,0.9927680125467312,1,shifted-rolling-calibration,1
SECOM,27,DTCG-min-failures-1,4,0.1231567965308813,0.6982045277127245,0.11361623680743654,50.0,1.0,0.26,0.74,0.0,0.0,1.0,1.0,0.996038163890851,1,shifted-rolling-calibration,1
SECOM,27,DTCG-min-failures-1,5,0.1231567965308813,0.6982045277127245,0.11361623680743654,50.0,1.0,0.14,0.86,0.0,0.0,1.0,1.0,0.9964804460668791,1,shifted-rolling-calibration,1
SECOM,27,DTCG-min-failures-1,6,0.1231567965308813,0.6982045277127245,0.11361623680743654,50.0,1.0,0.14,0.86,0.0,0.0,1.0,1.0,0.9926286303995283,1,shifted-rolling-calibration,1
SECOM,27,DTCG-min-failures-1,7,0.1231567965308813,0.6982045277127245,0.11361623680743654,50.0,3.0,0.14,0.86,0.0,0.0,3.0,1.0,0.9969066377532946,1,shifted-rolling-calibration,1
SECOM,27,DTCG-min-failures-1,8,0.1231567965308813,0.6982045277127245,0.11361623680743654,50.0,5.0,0.14,0.86,0.0,0.0,5.0,1.0,0.9967833460957046,1,shifted-rolling-calibration,1
SECOM,27,DTCG-min-failures-1,9,0.1231567965308813,0.6982045277127245,0.11361623680743654,50.0,1.0,0.2,0.8,0.0,0.0,1.0,1.0,0.9958720330237357,1,shifted-rolling-calibration,1
SECOM,27,DTCG-min-failures-1,10,0.1231567965308813,0.6982045277127245,0.11361623680743654,50.0,9.0,0.18,0.82,0.1111111111111111,1.0,8.0,0.8888888888888888,0.9996970999711746,1,shifted-rolling-calibration,1
SECOM,27,DTCG-min-failures-1,11,0.1231567965308813,0.6982045277127245,0.11361623680743654,50.0,3.0,0.28,0.72,0.0,0.0,3.0,1.0,0.9967565973757925,1,shifted-rolling-calibration,1
SECOM,27,DTCG-min-failures-1,12,0.1231567965308813,0.6982045277127245,0.11361623680743654,50.0,3.0,0.48,0.52,0.0,0.0,3.0,1.0,0.994850699509969,1,shifted-rolling-calibration,1
SECOM,27,DTCG-min-failures-1,13,0.1231567965308813,0.6982045277127245,0.11361623680743654,50.0,0.0,0.58,0.42,0.0,0.0,0.0,0.0,0.9949874686716792,1,shifted-rolling-calibration,1
SECOM,27,DTCG-min-failures-1,14,0.1231567965308813,0.6982045277127245,0.11361623680743654,50.0,1.0,0.38,0.62,1.0,1.0,0.0,0.0,0.9953814793788686,1,shifted-rolling-calibration,1
SECOM,27,DTCG-min-failures-1,15,0.1231567965308813,0.6982045277127245,0.11361623680743654,17.0,0.0,0.0,1.0,0.0,0.0,0.0,0.0,0.9957430890659484,1,shifted-rolling-calibration,1
SECOM,27,DTCG-min-failures-10,0,0.0,0.6982045277127245,0.11361623680743654,50.0,2.0,0.0,1.0,0.0,0.0,2.0,1.0,0.9521315497919515,1,first-shift-hold,10
SECOM,27,DTCG-min-failures-10,1,0.1231567965308813,0.6982045277127245,0.11361623680743654,50.0,1.0,0.26,0.74,0.0,0.0,1.0,1.0,0.9586183550403664,1,shifted-base-calibration,10
SECOM,27,DTCG-min-failures-10,2,0.1231567965308813,0.6982045277127245,0.11361623680743654,50.0,4.0,0.5,0.5,0.0,0.0,4.0,1.0,0.9998525726079905,1,shifted-base-calibration,10
SECOM,27,DTCG-min-failures-10,3,0.1231567965308813,0.6982045277127245,0.11361623680743654,50.0,0.0,0.46,0.54,0.0,0.0,0.0,0.0,0.9927680125467312,1,shifted-base-calibration,10
SECOM,27,DTCG-min-failures-10,4,0.1231567965308813,0.6982045277127245,0.11361623680743654,50.0,1.0,0.26,0.74,0.0,0.0,1.0,1.0,0.996038163890851,1,shifted-base-calibration,10
SECOM,27,DTCG-min-failures-10,5,0.1231567965308813,0.6982045277127245,0.11361623680743654,50.0,1.0,0.14,0.86,0.0,0.0,1.0,1.0,0.9964804460668791,1,shifted-base-calibration,10
SECOM,27,DTCG-min-failures-10,6,0.1231567965308813,0.6982045277127245,0.11361623680743654,50.0,1.0,0.14,0.86,0.0,0.0,1.0,1.0,0.9926286303995283,1,shifted-base-calibration,10
SECOM,27,DTCG-min-failures-10,7,0.1231567965308813,0.6982045277127245,0.11361623680743654,50.0,3.0,0.14,0.86,0.0,0.0,3.0,1.0,0.9969066377532946,1,shifted-base-calibration,10
SECOM,27,DTCG-min-failures-10,8,0.1231567965308813,0.6982045277127245,0.11361623680743654,50.0,5.0,0.14,0.86,0.0,0.0,5.0,1.0,0.9967833460957046,1,shifted-base-calibration,10
SECOM,27,DTCG-min-failures-10,9,0.1231567965308813,0.6982045277127245,0.11361623680743654,50.0,1.0,0.2,0.8,0.0,0.0,1.0,1.0,0.9958720330237357,1,shifted-rolling-calibration,10
SECOM,27,DTCG-min-failures-10,10,0.1231567965308813,0.6982045277127245,0.11361623680743654,50.0,9.0,0.18,0.82,0.1111111111111111,1.0,8.0,0.8888888888888888,0.9996970999711746,1,shifted-rolling-calibration,10
SECOM,27,DTCG-min-failures-10,11,0.1231567965308813,0.6982045277127245,0.11361623680743654,50.0,3.0,0.28,0.72,0.0,0.0,3.0,1.0,0.9967565973757925,1,shifted-rolling-calibration,10
SECOM,27,DTCG-min-failures-10,12,0.1231567965308813,0.6982045277127245,0.11361623680743654,50.0,3.0,0.48,0.52,0.0,0.0,3.0,1.0,0.994850699509969,1,shifted-rolling-calibration,10
SECOM,27,DTCG-min-failures-10,13,0.1231567965308813,0.6982045277127245,0.11361623680743654,50.0,0.0,0.58,0.42,0.0,0.0,0.0,0.0,0.9949874686716792,1,shifted-rolling-calibration,10
SECOM,27,DTCG-min-failures-10,14,0.1231567965308813,0.6982045277127245,0.11361623680743654,50.0,1.0,0.38,0.62,1.0,1.0,0.0,0.0,0.9953814793788686,1,shifted-rolling-calibration,10
SECOM,27,DTCG-min-failures-10,15,0.1231567965308813,0.6982045277127245,0.11361623680743654,17.0,0.0,0.0,1.0,0.0,0.0,0.0,0.0,0.9957430890659484,1,shifted-rolling-calibration,10
SECOM,37,DTCG-no-first-shift-hold,0,0.10840506806574912,0.6165105386416861,0.10441089547429536,50.0,2.0,0.08,0.92,0.0,0.0,2.0,1.0,0.9585031086275829,1,shifted-base-calibration,5
SECOM,37,DTCG-no-first-shift-hold,1,0.10840506806574912,0.6165105386416861,0.10441089547429536,50.0,1.0,0.12,0.88,0.0,0.0,1.0,1.0,0.9646789686023663,1,shifted-base-calibration,5
SECOM,37,DTCG-no-first-shift-hold,2,0.10840506806574912,0.6165105386416861,0.10441089547429536,50.0,4.0,0.3,0.7,0.0,0.0,4.0,1.0,0.9984613641214537,1,shifted-base-calibration,5
SECOM,37,DTCG-no-first-shift-hold,3,0.10840506806574912,0.6165105386416861,0.10441089547429536,50.0,0.0,0.24,0.76,0.0,0.0,0.0,0.0,0.9936256218905473,1,shifted-rolling-calibration,5
SECOM,37,DTCG-no-first-shift-hold,4,0.10840506806574912,0.6165105386416861,0.10441089547429536,50.0,1.0,0.2,0.8,0.0,0.0,1.0,1.0,0.9949633329372597,1,shifted-rolling-calibration,5
SECOM,37,DTCG-no-first-shift-hold,5,0.10840506806574912,0.6165105386416861,0.10441089547429536,50.0,1.0,0.08,0.92,0.0,0.0,1.0,1.0,0.9990671641791046,1,shifted-rolling-calibration,5
SECOM,37,DTCG-no-first-shift-hold,6,0.10840506806574912,0.6165105386416861,0.10441089547429536,50.0,1.0,0.06,0.94,0.0,0.0,1.0,1.0,0.9991154356479433,1,shifted-rolling-calibration,5
SECOM,37,DTCG-no-first-shift-hold,7,0.10840506806574912,0.6165105386416861,0.10441089547429536,50.0,3.0,0.08,0.92,0.3333333333333333,1.0,2.0,0.6666666666666666,0.9938080495356036,1,shifted-rolling-calibration,5
SECOM,37,DTCG-no-first-shift-hold,8,0.10840506806574912,0.6165105386416861,0.10441089547429536,50.0,5.0,0.08,0.92,0.0,0.0,5.0,1.0,0.9974937343358397,1,shifted-rolling-calibration,5
SECOM,37,DTCG-no-first-shift-hold,9,0.10840506806574912,0.6165105386416861,0.10441089547429536,50.0,1.0,0.14,0.86,0.0,0.0,1.0,1.0,0.9936310541498611,1,shifted-rolling-calibration,5
SECOM,37,DTCG-no-first-shift-hold,10,0.10840506806574912,0.6165105386416861,0.10441089547429536,50.0,9.0,0.06,0.94,0.1111111111111111,1.0,8.0,0.8888888888888888,0.9973302164542172,1,shifted-rolling-calibration,5
SECOM,37,DTCG-no-first-shift-hold,11,0.10840506806574912,0.6165105386416861,0.10441089547429536,50.0,3.0,0.04,0.96,0.0,0.0,3.0,1.0,0.9949874686716792,1,shifted-rolling-calibration,5
SECOM,37,DTCG-no-first-shift-hold,12,0.10840506806574912,0.6165105386416861,0.10441089547429536,50.0,3.0,0.16,0.84,0.0,0.0,3.0,1.0,0.997641161727849,1,shifted-rolling-calibration,5
SECOM,37,DTCG-no-first-shift-hold,13,0.10840506806574912,0.6165105386416861,0.10441089547429536,50.0,0.0,0.36,0.64,0.0,0.0,0.0,0.0,0.9995335820895522,1,shifted-rolling-calibration,5
SECOM,37,DTCG-no-first-shift-hold,14,0.10840506806574912,0.6165105386416861,0.10441089547429536,50.0,1.0,0.12,0.88,0.0,0.0,1.0,1.0,0.9964617425917736,1,shifted-rolling-calibration,5
SECOM,37,DTCG-no-first-shift-hold,15,0.10840506806574912,0.6165105386416861,0.10441089547429536,17.0,0.0,0.0,1.0,0.0,0.0,0.0,0.0,0.9954051796157058,1,shifted-rolling-calibration,5
SECOM,37,DTCG-no-rolling,0,0.0,0.6165105386416861,0.10441089547429536,50.0,2.0,0.0,1.0,0.0,0.0,2.0,1.0,0.9585031086275829,1,first-shift-hold,5
SECOM,37,DTCG-no-rolling,1,0.10840506806574912,0.6165105386416861,0.10441089547429536,50.0,1.0,0.12,0.88,0.0,0.0,1.0,1.0,0.9646789686023663,1,shifted-base-calibration,5
SECOM,37,DTCG-no-rolling,2,0.10840506806574912,0.6165105386416861,0.10441089547429536,50.0,4.0,0.3,0.7,0.0,0.0,4.0,1.0,0.9984613641214537,1,shifted-base-calibration,5
SECOM,37,DTCG-no-rolling,3,0.10840506806574912,0.6165105386416861,0.10441089547429536,50.0,0.0,0.24,0.76,0.0,0.0,0.0,0.0,0.9936256218905473,1,shifted-base-calibration,5
SECOM,37,DTCG-no-rolling,4,0.10840506806574912,0.6165105386416861,0.10441089547429536,50.0,1.0,0.2,0.8,0.0,0.0,1.0,1.0,0.9949633329372597,1,shifted-base-calibration,5
SECOM,37,DTCG-no-rolling,5,0.10840506806574912,0.6165105386416861,0.10441089547429536,50.0,1.0,0.08,0.92,0.0,0.0,1.0,1.0,0.9990671641791046,1,shifted-base-calibration,5
SECOM,37,DTCG-no-rolling,6,0.10840506806574912,0.6165105386416861,0.10441089547429536,50.0,1.0,0.06,0.94,0.0,0.0,1.0,1.0,0.9991154356479433,1,shifted-base-calibration,5
SECOM,37,DTCG-no-rolling,7,0.10840506806574912,0.6165105386416861,0.10441089547429536,50.0,3.0,0.08,0.92,0.3333333333333333,1.0,2.0,0.6666666666666666,0.9938080495356036,1,shifted-base-calibration,5
SECOM,37,DTCG-no-rolling,8,0.10840506806574912,0.6165105386416861,0.10441089547429536,50.0,5.0,0.08,0.92,0.0,0.0,5.0,1.0,0.9974937343358397,1,shifted-base-calibration,5
SECOM,37,DTCG-no-rolling,9,0.10840506806574912,0.6165105386416861,0.10441089547429536,50.0,1.0,0.14,0.86,0.0,0.0,1.0,1.0,0.9936310541498611,1,shifted-base-calibration,5
SECOM,37,DTCG-no-rolling,10,0.10840506806574912,0.6165105386416861,0.10441089547429536,50.0,9.0,0.06,0.94,0.1111111111111111,1.0,8.0,0.8888888888888888,0.9973302164542172,1,shifted-base-calibration,5
SECOM,37,DTCG-no-rolling,11,0.10840506806574912,0.6165105386416861,0.10441089547429536,50.0,3.0,0.04,0.96,0.0,0.0,3.0,1.0,0.9949874686716792,1,shifted-base-calibration,5
SECOM,37,DTCG-no-rolling,12,0.10840506806574912,0.6165105386416861,0.10441089547429536,50.0,3.0,0.16,0.84,0.0,0.0,3.0,1.0,0.997641161727849,1,shifted-base-calibration,5
SECOM,37,DTCG-no-rolling,13,0.10840506806574912,0.6165105386416861,0.10441089547429536,50.0,0.0,0.36,0.64,0.0,0.0,0.0,0.0,0.9995335820895522,1,shifted-base-calibration,5
SECOM,37,DTCG-no-rolling,14,0.10840506806574912,0.6165105386416861,0.10441089547429536,50.0,1.0,0.12,0.88,0.0,0.0,1.0,1.0,0.9964617425917736,1,shifted-base-calibration,5
SECOM,37,DTCG-no-rolling,15,0.10840506806574912,0.6165105386416861,0.10441089547429536,17.0,0.0,0.0,1.0,0.0,0.0,0.0,0.0,0.9954051796157058,1,shifted-base-calibration,5
SECOM,37,DTCG-always-roll,0,0.10840506806574912,0.6165105386416861,0.10441089547429536,50.0,2.0,0.08,0.92,0.0,0.0,2.0,1.0,0.9585031086275829,1,stable,5
SECOM,37,DTCG-always-roll,1,0.10840506806574912,0.6165105386416861,0.10441089547429536,50.0,1.0,0.12,0.88,0.0,0.0,1.0,1.0,0.9646789686023663,1,stable,5
SECOM,37,DTCG-always-roll,2,0.10840506806574912,0.6165105386416861,0.10441089547429536,50.0,4.0,0.3,0.7,0.0,0.0,4.0,1.0,0.9984613641214537,1,stable,5
SECOM,37,DTCG-always-roll,3,0.1144237670825905,0.6165105386416861,0.10441089547429536,50.0,0.0,0.34,0.66,0.0,0.0,0.0,0.0,0.9936256218905473,1,rolling-calibration,5
SECOM,37,DTCG-always-roll,4,0.1144237670825905,0.6165105386416861,0.10441089547429536,50.0,1.0,0.24,0.76,0.0,0.0,1.0,1.0,0.9949633329372597,1,rolling-calibration,5
SECOM,37,DTCG-always-roll,5,0.1144237670825905,0.6165105386416861,0.10441089547429536,50.0,1.0,0.14,0.86,0.0,0.0,1.0,1.0,0.9990671641791046,1,rolling-calibration,5
SECOM,37,DTCG-always-roll,6,0.11465349431442307,0.6165105386416861,0.10441089547429536,50.0,1.0,0.08,0.92,0.0,0.0,1.0,1.0,0.9991154356479433,1,rolling-calibration,5
SECOM,37,DTCG-always-roll,7,0.11465349431442307,0.6165105386416861,0.10441089547429536,50.0,3.0,0.12,0.88,0.3333333333333333,1.0,2.0,0.6666666666666666,0.9938080495356036,1,rolling-calibration,5
SECOM,37,DTCG-always-roll,8,0.11465349431442307,0.6165105386416861,0.10441089547429536,50.0,5.0,0.08,0.92,0.0,0.0,5.0,1.0,0.9974937343358397,1,rolling-calibration,5
SECOM,37,DTCG-always-roll,9,0.11465349431442307,0.6165105386416861,0.10441089547429536,50.0,1.0,0.16,0.84,0.0,0.0,1.0,1.0,0.9936310541498611,1,rolling-calibration,5
SECOM,37,DTCG-always-roll,10,0.12702300314065007,0.6165105386416861,0.10441089547429536,50.0,9.0,0.26,0.74,0.4444444444444444,4.0,5.0,0.5555555555555556,0.9973302164542172,1,rolling-calibration,5
SECOM,37,DTCG-always-roll,11,0.1334354570919276,0.6165105386416861,0.10441089547429536,50.0,3.0,0.36,0.64,0.0,0.0,3.0,1.0,0.9949874686716792,1,rolling-calibration,5
SECOM,37,DTCG-always-roll,12,0.13584147355912057,0.6165105386416861,0.10441089547429536,50.0,3.0,0.6,0.4,0.6666666666666666,2.0,1.0,0.3333333333333333,0.997641161727849,1,rolling-calibration,5
SECOM,37,DTCG-always-roll,13,0.13584147355912057,0.6165105386416861,0.10441089547429536,50.0,0.0,0.74,0.26,0.0,0.0,0.0,0.0,0.9995335820895522,1,rolling-calibration,5
SECOM,37,DTCG-always-roll,14,0.13584147355912057,0.6165105386416861,0.10441089547429536,50.0,1.0,0.56,0.44,1.0,1.0,0.0,0.0,0.9964617425917736,1,rolling-calibration,5
SECOM,37,DTCG-always-roll,15,0.13584147355912057,0.6165105386416861,0.10441089547429536,17.0,0.0,0.29411764705882354,0.7058823529411765,0.0,0.0,0.0,0.0,0.9954051796157058,1,rolling-calibration,5
SECOM,37,DTCG-min-failures-1,0,0.0,0.6165105386416861,0.10441089547429536,50.0,2.0,0.0,1.0,0.0,0.0,2.0,1.0,0.9585031086275829,1,first-shift-hold,1
SECOM,37,DTCG-min-failures-1,1,0.10840506806574912,0.6165105386416861,0.10441089547429536,50.0,1.0,0.12,0.88,0.0,0.0,1.0,1.0,0.9646789686023663,1,shifted-rolling-calibration,1
SECOM,37,DTCG-min-failures-1,2,0.10840506806574912,0.6165105386416861,0.10441089547429536,50.0,4.0,0.3,0.7,0.0,0.0,4.0,1.0,0.9984613641214537,1,shifted-rolling-calibration,1
SECOM,37,DTCG-min-failures-1,3,0.10840506806574912,0.6165105386416861,0.10441089547429536,50.0,0.0,0.24,0.76,0.0,0.0,0.0,0.0,0.9936256218905473,1,shifted-rolling-calibration,1
SECOM,37,DTCG-min-failures-1,4,0.10840506806574912,0.6165105386416861,0.10441089547429536,50.0,1.0,0.2,0.8,0.0,0.0,1.0,1.0,0.9949633329372597,1,shifted-rolling-calibration,1
SECOM,37,DTCG-min-failures-1,5,0.10840506806574912,0.6165105386416861,0.10441089547429536,50.0,1.0,0.08,0.92,0.0,0.0,1.0,1.0,0.9990671641791046,1,shifted-rolling-calibration,1
SECOM,37,DTCG-min-failures-1,6,0.10840506806574912,0.6165105386416861,0.10441089547429536,50.0,1.0,0.06,0.94,0.0,0.0,1.0,1.0,0.9991154356479433,1,shifted-rolling-calibration,1
SECOM,37,DTCG-min-failures-1,7,0.10840506806574912,0.6165105386416861,0.10441089547429536,50.0,3.0,0.08,0.92,0.3333333333333333,1.0,2.0,0.6666666666666666,0.9938080495356036,1,shifted-rolling-calibration,1
SECOM,37,DTCG-min-failures-1,8,0.10840506806574912,0.6165105386416861,0.10441089547429536,50.0,5.0,0.08,0.92,0.0,0.0,5.0,1.0,0.9974937343358397,1,shifted-rolling-calibration,1
SECOM,37,DTCG-min-failures-1,9,0.10840506806574912,0.6165105386416861,0.10441089547429536,50.0,1.0,0.14,0.86,0.0,0.0,1.0,1.0,0.9936310541498611,1,shifted-rolling-calibration,1
SECOM,37,DTCG-min-failures-1,10,0.10840506806574912,0.6165105386416861,0.10441089547429536,50.0,9.0,0.06,0.94,0.1111111111111111,1.0,8.0,0.8888888888888888,0.9973302164542172,1,shifted-rolling-calibration,1
SECOM,37,DTCG-min-failures-1,11,0.10840506806574912,0.6165105386416861,0.10441089547429536,50.0,3.0,0.04,0.96,0.0,0.0,3.0,1.0,0.9949874686716792,1,shifted-rolling-calibration,1
SECOM,37,DTCG-min-failures-1,12,0.10840506806574912,0.6165105386416861,0.10441089547429536,50.0,3.0,0.16,0.84,0.0,0.0,3.0,1.0,0.997641161727849,1,shifted-rolling-calibration,1
SECOM,37,DTCG-min-failures-1,13,0.10840506806574912,0.6165105386416861,0.10441089547429536,50.0,0.0,0.36,0.64,0.0,0.0,0.0,0.0,0.9995335820895522,1,shifted-rolling-calibration,1
SECOM,37,DTCG-min-failures-1,14,0.10840506806574912,0.6165105386416861,0.10441089547429536,50.0,1.0,0.12,0.88,0.0,0.0,1.0,1.0,0.9964617425917736,1,shifted-rolling-calibration,1
SECOM,37,DTCG-min-failures-1,15,0.10840506806574912,0.6165105386416861,0.10441089547429536,17.0,0.0,0.0,1.0,0.0,0.0,0.0,0.0,0.9954051796157058,1,shifted-rolling-calibration,1
SECOM,37,DTCG-min-failures-10,0,0.0,0.6165105386416861,0.10441089547429536,50.0,2.0,0.0,1.0,0.0,0.0,2.0,1.0,0.9585031086275829,1,first-shift-hold,10
SECOM,37,DTCG-min-failures-10,1,0.10840506806574912,0.6165105386416861,0.10441089547429536,50.0,1.0,0.12,0.88,0.0,0.0,1.0,1.0,0.9646789686023663,1,shifted-base-calibration,10
SECOM,37,DTCG-min-failures-10,2,0.10840506806574912,0.6165105386416861,0.10441089547429536,50.0,4.0,0.3,0.7,0.0,0.0,4.0,1.0,0.9984613641214537,1,shifted-base-calibration,10
SECOM,37,DTCG-min-failures-10,3,0.10840506806574912,0.6165105386416861,0.10441089547429536,50.0,0.0,0.24,0.76,0.0,0.0,0.0,0.0,0.9936256218905473,1,shifted-base-calibration,10
SECOM,37,DTCG-min-failures-10,4,0.10840506806574912,0.6165105386416861,0.10441089547429536,50.0,1.0,0.2,0.8,0.0,0.0,1.0,1.0,0.9949633329372597,1,shifted-base-calibration,10
SECOM,37,DTCG-min-failures-10,5,0.10840506806574912,0.6165105386416861,0.10441089547429536,50.0,1.0,0.08,0.92,0.0,0.0,1.0,1.0,0.9990671641791046,1,shifted-base-calibration,10
SECOM,37,DTCG-min-failures-10,6,0.10840506806574912,0.6165105386416861,0.10441089547429536,50.0,1.0,0.06,0.94,0.0,0.0,1.0,1.0,0.9991154356479433,1,shifted-base-calibration,10
SECOM,37,DTCG-min-failures-10,7,0.10840506806574912,0.6165105386416861,0.10441089547429536,50.0,3.0,0.08,0.92,0.3333333333333333,1.0,2.0,0.6666666666666666,0.9938080495356036,1,shifted-base-calibration,10
SECOM,37,DTCG-min-failures-10,8,0.10840506806574912,0.6165105386416861,0.10441089547429536,50.0,5.0,0.08,0.92,0.0,0.0,5.0,1.0,0.9974937343358397,1,shifted-base-calibration,10
SECOM,37,DTCG-min-failures-10,9,0.10840506806574912,0.6165105386416861,0.10441089547429536,50.0,1.0,0.14,0.86,0.0,0.0,1.0,1.0,0.9936310541498611,1,shifted-base-calibration,10
SECOM,37,DTCG-min-failures-10,10,0.10840506806574912,0.6165105386416861,0.10441089547429536,50.0,9.0,0.06,0.94,0.1111111111111111,1.0,8.0,0.8888888888888888,0.9973302164542172,1,shifted-base-calibration,10
SECOM,37,DTCG-min-failures-10,11,0.10840506806574912,0.6165105386416861,0.10441089547429536,50.0,3.0,0.04,0.96,0.0,0.0,3.0,1.0,0.9949874686716792,1,shifted-rolling-calibration,10
SECOM,37,DTCG-min-failures-10,12,0.10840506806574912,0.6165105386416861,0.10441089547429536,50.0,3.0,0.16,0.84,0.0,0.0,3.0,1.0,0.997641161727849,1,shifted-rolling-calibration,10
SECOM,37,DTCG-min-failures-10,13,0.10840506806574912,0.6165105386416861,0.10441089547429536,50.0,0.0,0.36,0.64,0.0,0.0,0.0,0.0,0.9995335820895522,1,shifted-rolling-calibration,10
SECOM,37,DTCG-min-failures-10,14,0.10840506806574912,0.6165105386416861,0.10441089547429536,50.0,1.0,0.12,0.88,0.0,0.0,1.0,1.0,0.9964617425917736,1,shifted-rolling-calibration,10
SECOM,37,DTCG-min-failures-10,15,0.10840506806574912,0.6165105386416861,0.10441089547429536,17.0,0.0,0.0,1.0,0.0,0.0,0.0,0.0,0.9954051796157058,1,shifted-rolling-calibration,10
SECOM,47,DTCG-no-first-shift-hold,0,0.12252009882102755,0.6820062451209992,0.09663424684700718,50.0,2.0,0.24,0.76,0.0,0.0,2.0,1.0,0.9673485458598208,1,shifted-base-calibration,5
SECOM,47,DTCG-no-first-shift-hold,1,0.12252009882102755,0.6820062451209992,0.09663424684700718,50.0,1.0,0.26,0.74,0.0,0.0,1.0,1.0,0.9439906559638782,1,shifted-base-calibration,5
SECOM,47,DTCG-no-first-shift-hold,2,0.12252009882102755,0.6820062451209992,0.09663424684700718,50.0,4.0,0.38,0.62,0.0,0.0,4.0,1.0,0.9944834375226916,1,shifted-base-calibration,5
SECOM,47,DTCG-no-first-shift-hold,3,0.12252009882102755,0.6820062451209992,0.09663424684700718,50.0,0.0,0.36,0.64,0.0,0.0,0.0,0.0,0.9954967257916522,1,shifted-rolling-calibration,5
SECOM,47,DTCG-no-first-shift-hold,4,0.12252009882102755,0.6820062451209992,0.09663424684700718,50.0,1.0,0.34,0.66,0.0,0.0,1.0,1.0,0.9923337756155094,1,shifted-rolling-calibration,5
SECOM,47,DTCG-no-first-shift-hold,5,0.12252009882102755,0.6820062451209992,0.09663424684700718,50.0,1.0,0.18,0.82,0.0,0.0,1.0,1.0,0.9961105710941092,1,shifted-rolling-calibration,5
SECOM,47,DTCG-no-first-shift-hold,6,0.12252009882102755,0.6820062451209992,0.09663424684700718,50.0,1.0,0.12,0.88,0.0,0.0,1.0,1.0,0.9991154356479434,1,shifted-rolling-calibration,5
SECOM,47,DTCG-no-first-shift-hold,7,0.12252009882102755,0.6820062451209992,0.09663424684700718,50.0,3.0,0.08,0.92,0.0,0.0,3.0,1.0,0.9990832546687174,1,shifted-rolling-calibration,5
SECOM,47,DTCG-no-first-shift-hold,8,0.12252009882102755,0.6820062451209992,0.09663424684700718,50.0,5.0,0.1,0.9,0.0,0.0,5.0,1.0,0.9942181507324062,1,shifted-rolling-calibration,5
SECOM,47,DTCG-no-first-shift-hold,9,0.12252009882102755,0.6820062451209992,0.09663424684700718,50.0,1.0,0.2,0.8,0.0,0.0,1.0,1.0,0.9972175830269263,1,shifted-rolling-calibration,5
SECOM,47,DTCG-no-first-shift-hold,10,0.12252009882102755,0.6820062451209992,0.09663424684700718,50.0,9.0,0.22,0.78,0.3333333333333333,3.0,6.0,0.6666666666666666,0.9929019624346203,1,shifted-rolling-calibration,5
SECOM,47,DTCG-no-first-shift-hold,11,0.12252009882102755,0.6820062451209992,0.09663424684700718,50.0,3.0,0.14,0.86,0.0,0.0,3.0,1.0,0.9903071990775887,1,shifted-rolling-calibration,5
SECOM,47,DTCG-no-first-shift-hold,12,0.12252009882102755,0.6820062451209992,0.09663424684700718,50.0,3.0,0.28,0.72,0.0,0.0,3.0,1.0,0.9970514521598113,1,shifted-rolling-calibration,5
SECOM,47,DTCG-no-first-shift-hold,13,0.12252009882102755,0.6820062451209992,0.09663424684700718,50.0,0.0,0.48,0.52,0.0,0.0,0.0,0.0,0.9970434069150048,1,shifted-rolling-calibration,5
SECOM,47,DTCG-no-first-shift-hold,14,0.12252009882102755,0.6820062451209992,0.09663424684700718,50.0,1.0,0.28,0.72,0.0,0.0,1.0,1.0,0.9904172195193867,1,shifted-rolling-calibration,5
SECOM,47,DTCG-no-first-shift-hold,15,0.12252009882102755,0.6820062451209992,0.09663424684700718,17.0,0.0,0.11764705882352941,0.8823529411764706,0.0,0.0,0.0,0.0,0.9936545343458149,1,shifted-rolling-calibration,5
SECOM,47,DTCG-no-rolling,0,0.0,0.6820062451209992,0.09663424684700718,50.0,2.0,0.0,1.0,0.0,0.0,2.0,1.0,0.9673485458598208,1,first-shift-hold,5
SECOM,47,DTCG-no-rolling,1,0.12252009882102755,0.6820062451209992,0.09663424684700718,50.0,1.0,0.26,0.74,0.0,0.0,1.0,1.0,0.9439906559638782,1,shifted-base-calibration,5
SECOM,47,DTCG-no-rolling,2,0.12252009882102755,0.6820062451209992,0.09663424684700718,50.0,4.0,0.38,0.62,0.0,0.0,4.0,1.0,0.9944834375226916,1,shifted-base-calibration,5
SECOM,47,DTCG-no-rolling,3,0.12252009882102755,0.6820062451209992,0.09663424684700718,50.0,0.0,0.36,0.64,0.0,0.0,0.0,0.0,0.9954967257916522,1,shifted-base-calibration,5
SECOM,47,DTCG-no-rolling,4,0.12252009882102755,0.6820062451209992,0.09663424684700718,50.0,1.0,0.34,0.66,0.0,0.0,1.0,1.0,0.9923337756155094,1,shifted-base-calibration,5
SECOM,47,DTCG-no-rolling,5,0.12252009882102755,0.6820062451209992,0.09663424684700718,50.0,1.0,0.18,0.82,0.0,0.0,1.0,1.0,0.9961105710941092,1,shifted-base-calibration,5
SECOM,47,DTCG-no-rolling,6,0.12252009882102755,0.6820062451209992,0.09663424684700718,50.0,1.0,0.12,0.88,0.0,0.0,1.0,1.0,0.9991154356479434,1,shifted-base-calibration,5
SECOM,47,DTCG-no-rolling,7,0.12252009882102755,0.6820062451209992,0.09663424684700718,50.0,3.0,0.08,0.92,0.0,0.0,3.0,1.0,0.9990832546687174,1,shifted-base-calibration,5
SECOM,47,DTCG-no-rolling,8,0.12252009882102755,0.6820062451209992,0.09663424684700718,50.0,5.0,0.1,0.9,0.0,0.0,5.0,1.0,0.9942181507324062,1,shifted-base-calibration,5
SECOM,47,DTCG-no-rolling,9,0.12252009882102755,0.6820062451209992,0.09663424684700718,50.0,1.0,0.2,0.8,0.0,0.0,1.0,1.0,0.9972175830269263,1,shifted-base-calibration,5
SECOM,47,DTCG-no-rolling,10,0.12252009882102755,0.6820062451209992,0.09663424684700718,50.0,9.0,0.22,0.78,0.3333333333333333,3.0,6.0,0.6666666666666666,0.9929019624346203,1,shifted-base-calibration,5
SECOM,47,DTCG-no-rolling,11,0.12252009882102755,0.6820062451209992,0.09663424684700718,50.0,3.0,0.14,0.86,0.0,0.0,3.0,1.0,0.9903071990775887,1,shifted-base-calibration,5
SECOM,47,DTCG-no-rolling,12,0.12252009882102755,0.6820062451209992,0.09663424684700718,50.0,3.0,0.28,0.72,0.0,0.0,3.0,1.0,0.9970514521598113,1,shifted-base-calibration,5
SECOM,47,DTCG-no-rolling,13,0.12252009882102755,0.6820062451209992,0.09663424684700718,50.0,0.0,0.48,0.52,0.0,0.0,0.0,0.0,0.9970434069150048,1,shifted-base-calibration,5
SECOM,47,DTCG-no-rolling,14,0.12252009882102755,0.6820062451209992,0.09663424684700718,50.0,1.0,0.28,0.72,0.0,0.0,1.0,1.0,0.9904172195193867,1,shifted-base-calibration,5
SECOM,47,DTCG-no-rolling,15,0.12252009882102755,0.6820062451209992,0.09663424684700718,17.0,0.0,0.11764705882352941,0.8823529411764706,0.0,0.0,0.0,0.0,0.9936545343458149,1,shifted-base-calibration,5
SECOM,47,DTCG-always-roll,0,0.12252009882102755,0.6820062451209992,0.09663424684700718,50.0,2.0,0.24,0.76,0.0,0.0,2.0,1.0,0.9673485458598208,1,stable,5
SECOM,47,DTCG-always-roll,1,0.12252009882102755,0.6820062451209992,0.09663424684700718,50.0,1.0,0.26,0.74,0.0,0.0,1.0,1.0,0.9439906559638782,1,stable,5
SECOM,47,DTCG-always-roll,2,0.12252009882102755,0.6820062451209992,0.09663424684700718,50.0,4.0,0.38,0.62,0.0,0.0,4.0,1.0,0.9944834375226916,1,stable,5
SECOM,47,DTCG-always-roll,3,0.1265191481377239,0.6820062451209992,0.09663424684700718,50.0,0.0,0.4,0.6,0.0,0.0,0.0,0.0,0.9954967257916522,1,rolling-calibration,5
SECOM,47,DTCG-always-roll,4,0.1265191481377239,0.6820062451209992,0.09663424684700718,50.0,1.0,0.38,0.62,0.0,0.0,1.0,1.0,0.9923337756155094,1,rolling-calibration,5
SECOM,47,DTCG-always-roll,5,0.1265191481377239,0.6820062451209992,0.09663424684700718,50.0,1.0,0.22,0.78,0.0,0.0,1.0,1.0,0.9961105710941092,1,rolling-calibration,5
SECOM,47,DTCG-always-roll,6,0.1265191481377239,0.6820062451209992,0.09663424684700718,50.0,1.0,0.12,0.88,0.0,0.0,1.0,1.0,0.9991154356479434,1,rolling-calibration,5
SECOM,47,DTCG-always-roll,7,0.1265191481377239,0.6820062451209992,0.09663424684700718,50.0,3.0,0.12,0.88,0.0,0.0,3.0,1.0,0.9990832546687174,1,rolling-calibration,5
SECOM,47,DTCG-always-roll,8,0.1265191481377239,0.6820062451209992,0.09663424684700718,50.0,5.0,0.1,0.9,0.0,0.0,5.0,1.0,0.9942181507324062,1,rolling-calibration,5
SECOM,47,DTCG-always-roll,9,0.1265191481377239,0.6820062451209992,0.09663424684700718,50.0,1.0,0.24,0.76,0.0,0.0,1.0,1.0,0.9972175830269263,1,rolling-calibration,5
SECOM,47,DTCG-always-roll,10,0.1265191481377239,0.6820062451209992,0.09663424684700718,50.0,9.0,0.3,0.7,0.3333333333333333,3.0,6.0,0.6666666666666666,0.9929019624346203,1,rolling-calibration,5
SECOM,47,DTCG-always-roll,11,0.1273335370511841,0.6820062451209992,0.09663424684700718,50.0,3.0,0.2,0.8,0.0,0.0,3.0,1.0,0.9903071990775887,1,rolling-calibration,5
SECOM,47,DTCG-always-roll,12,0.1273335370511841,0.6820062451209992,0.09663424684700718,50.0,3.0,0.34,0.66,0.0,0.0,3.0,1.0,0.9970514521598113,1,rolling-calibration,5
SECOM,47,DTCG-always-roll,13,0.1273335370511841,0.6820062451209992,0.09663424684700718,50.0,0.0,0.58,0.42,0.0,0.0,0.0,0.0,0.9970434069150048,1,rolling-calibration,5
SECOM,47,DTCG-always-roll,14,0.1273335370511841,0.6820062451209992,0.09663424684700718,50.0,1.0,0.34,0.66,0.0,0.0,1.0,1.0,0.9904172195193867,1,rolling-calibration,5
SECOM,47,DTCG-always-roll,15,0.1273335370511841,0.6820062451209992,0.09663424684700718,17.0,0.0,0.29411764705882354,0.7058823529411765,0.0,0.0,0.0,0.0,0.9936545343458149,1,rolling-calibration,5
SECOM,47,DTCG-min-failures-1,0,0.0,0.6820062451209992,0.09663424684700718,50.0,2.0,0.0,1.0,0.0,0.0,2.0,1.0,0.9673485458598208,1,first-shift-hold,1
SECOM,47,DTCG-min-failures-1,1,0.12252009882102755,0.6820062451209992,0.09663424684700718,50.0,1.0,0.26,0.74,0.0,0.0,1.0,1.0,0.9439906559638782,1,shifted-rolling-calibration,1
SECOM,47,DTCG-min-failures-1,2,0.12252009882102755,0.6820062451209992,0.09663424684700718,50.0,4.0,0.38,0.62,0.0,0.0,4.0,1.0,0.9944834375226916,1,shifted-rolling-calibration,1
SECOM,47,DTCG-min-failures-1,3,0.12252009882102755,0.6820062451209992,0.09663424684700718,50.0,0.0,0.36,0.64,0.0,0.0,0.0,0.0,0.9954967257916522,1,shifted-rolling-calibration,1
SECOM,47,DTCG-min-failures-1,4,0.12252009882102755,0.6820062451209992,0.09663424684700718,50.0,1.0,0.34,0.66,0.0,0.0,1.0,1.0,0.9923337756155094,1,shifted-rolling-calibration,1
SECOM,47,DTCG-min-failures-1,5,0.12252009882102755,0.6820062451209992,0.09663424684700718,50.0,1.0,0.18,0.82,0.0,0.0,1.0,1.0,0.9961105710941092,1,shifted-rolling-calibration,1
SECOM,47,DTCG-min-failures-1,6,0.12252009882102755,0.6820062451209992,0.09663424684700718,50.0,1.0,0.12,0.88,0.0,0.0,1.0,1.0,0.9991154356479434,1,shifted-rolling-calibration,1
SECOM,47,DTCG-min-failures-1,7,0.12252009882102755,0.6820062451209992,0.09663424684700718,50.0,3.0,0.08,0.92,0.0,0.0,3.0,1.0,0.9990832546687174,1,shifted-rolling-calibration,1
SECOM,47,DTCG-min-failures-1,8,0.12252009882102755,0.6820062451209992,0.09663424684700718,50.0,5.0,0.1,0.9,0.0,0.0,5.0,1.0,0.9942181507324062,1,shifted-rolling-calibration,1
SECOM,47,DTCG-min-failures-1,9,0.12252009882102755,0.6820062451209992,0.09663424684700718,50.0,1.0,0.2,0.8,0.0,0.0,1.0,1.0,0.9972175830269263,1,shifted-rolling-calibration,1
SECOM,47,DTCG-min-failures-1,10,0.12252009882102755,0.6820062451209992,0.09663424684700718,50.0,9.0,0.22,0.78,0.3333333333333333,3.0,6.0,0.6666666666666666,0.9929019624346203,1,shifted-rolling-calibration,1
SECOM,47,DTCG-min-failures-1,11,0.12252009882102755,0.6820062451209992,0.09663424684700718,50.0,3.0,0.14,0.86,0.0,0.0,3.0,1.0,0.9903071990775887,1,shifted-rolling-calibration,1
SECOM,47,DTCG-min-failures-1,12,0.12252009882102755,0.6820062451209992,0.09663424684700718,50.0,3.0,0.28,0.72,0.0,0.0,3.0,1.0,0.9970514521598113,1,shifted-rolling-calibration,1
SECOM,47,DTCG-min-failures-1,13,0.12252009882102755,0.6820062451209992,0.09663424684700718,50.0,0.0,0.48,0.52,0.0,0.0,0.0,0.0,0.9970434069150048,1,shifted-rolling-calibration,1
SECOM,47,DTCG-min-failures-1,14,0.12252009882102755,0.6820062451209992,0.09663424684700718,50.0,1.0,0.28,0.72,0.0,0.0,1.0,1.0,0.9904172195193867,1,shifted-rolling-calibration,1
SECOM,47,DTCG-min-failures-1,15,0.12252009882102755,0.6820062451209992,0.09663424684700718,17.0,0.0,0.11764705882352941,0.8823529411764706,0.0,0.0,0.0,0.0,0.9936545343458149,1,shifted-rolling-calibration,1
SECOM,47,DTCG-min-failures-10,0,0.0,0.6820062451209992,0.09663424684700718,50.0,2.0,0.0,1.0,0.0,0.0,2.0,1.0,0.9673485458598208,1,first-shift-hold,10
SECOM,47,DTCG-min-failures-10,1,0.12252009882102755,0.6820062451209992,0.09663424684700718,50.0,1.0,0.26,0.74,0.0,0.0,1.0,1.0,0.9439906559638782,1,shifted-base-calibration,10
SECOM,47,DTCG-min-failures-10,2,0.12252009882102755,0.6820062451209992,0.09663424684700718,50.0,4.0,0.38,0.62,0.0,0.0,4.0,1.0,0.9944834375226916,1,shifted-base-calibration,10
SECOM,47,DTCG-min-failures-10,3,0.12252009882102755,0.6820062451209992,0.09663424684700718,50.0,0.0,0.36,0.64,0.0,0.0,0.0,0.0,0.9954967257916522,1,shifted-base-calibration,10
SECOM,47,DTCG-min-failures-10,4,0.12252009882102755,0.6820062451209992,0.09663424684700718,50.0,1.0,0.34,0.66,0.0,0.0,1.0,1.0,0.9923337756155094,1,shifted-base-calibration,10
SECOM,47,DTCG-min-failures-10,5,0.12252009882102755,0.6820062451209992,0.09663424684700718,50.0,1.0,0.18,0.82,0.0,0.0,1.0,1.0,0.9961105710941092,1,shifted-base-calibration,10
SECOM,47,DTCG-min-failures-10,6,0.12252009882102755,0.6820062451209992,0.09663424684700718,50.0,1.0,0.12,0.88,0.0,0.0,1.0,1.0,0.9991154356479434,1,shifted-base-calibration,10
SECOM,47,DTCG-min-failures-10,7,0.12252009882102755,0.6820062451209992,0.09663424684700718,50.0,3.0,0.08,0.92,0.0,0.0,3.0,1.0,0.9990832546687174,1,shifted-base-calibration,10
SECOM,47,DTCG-min-failures-10,8,0.12252009882102755,0.6820062451209992,0.09663424684700718,50.0,5.0,0.1,0.9,0.0,0.0,5.0,1.0,0.9942181507324062,1,shifted-base-calibration,10
SECOM,47,DTCG-min-failures-10,9,0.12252009882102755,0.6820062451209992,0.09663424684700718,50.0,1.0,0.2,0.8,0.0,0.0,1.0,1.0,0.9972175830269263,1,shifted-rolling-calibration,10
SECOM,47,DTCG-min-failures-10,10,0.12252009882102755,0.6820062451209992,0.09663424684700718,50.0,9.0,0.22,0.78,0.3333333333333333,3.0,6.0,0.6666666666666666,0.9929019624346203,1,shifted-rolling-calibration,10
SECOM,47,DTCG-min-failures-10,11,0.12252009882102755,0.6820062451209992,0.09663424684700718,50.0,3.0,0.14,0.86,0.0,0.0,3.0,1.0,0.9903071990775887,1,shifted-rolling-calibration,10
SECOM,47,DTCG-min-failures-10,12,0.12252009882102755,0.6820062451209992,0.09663424684700718,50.0,3.0,0.28,0.72,0.0,0.0,3.0,1.0,0.9970514521598113,1,shifted-rolling-calibration,10
SECOM,47,DTCG-min-failures-10,13,0.12252009882102755,0.6820062451209992,0.09663424684700718,50.0,0.0,0.48,0.52,0.0,0.0,0.0,0.0,0.9970434069150048,1,shifted-rolling-calibration,10
SECOM,47,DTCG-min-failures-10,14,0.12252009882102755,0.6820062451209992,0.09663424684700718,50.0,1.0,0.28,0.72,0.0,0.0,1.0,1.0,0.9904172195193867,1,shifted-rolling-calibration,10
SECOM,47,DTCG-min-failures-10,15,0.12252009882102755,0.6820062451209992,0.09663424684700718,17.0,0.0,0.11764705882352941,0.8823529411764706,0.0,0.0,0.0,0.0,0.9936545343458149,1,shifted-rolling-calibration,10
AI4I,7,DTCG-no-first-shift-hold,0,0.0662168704138175,0.9472404189385322,0.6894256265569412,50.0,1.0,0.8,0.2,0.0,0.0,1.0,1.0,0.8975316153087562,1,shifted-base-calibration,5
AI4I,7,DTCG-no-first-shift-hold,1,0.0662168704138175,0.9472404189385322,0.6894256265569412,50.0,0.0,0.98,0.02,0.0,0.0,0.0,0.0,0.898429704508283,1,shifted-base-calibration,5
AI4I,7,DTCG-no-first-shift-hold,2,0.0662168704138175,0.9472404189385322,0.6894256265569412,50.0,1.0,0.92,0.08,1.0,1.0,0.0,0.0,0.9316144403067853,1,shifted-base-calibration,5
AI4I,7,DTCG-no-first-shift-hold,3,0.0662168704138175,0.9472404189385322,0.6894256265569412,50.0,3.0,0.8,0.2,0.0,0.0,3.0,1.0,0.9932104474171676,1,shifted-base-calibration,5
AI4I,7,DTCG-no-first-shift-hold,4,0.0662168704138175,0.9472404189385322,0.6894256265569412,50.0,1.0,0.88,0.12,0.0,0.0,1.0,1.0,1.0,1,shifted-base-calibration,5
AI4I,7,DTCG-no-first-shift-hold,5,0.0662168704138175,0.9472404189385322,0.6894256265569412,50.0,0.0,0.8,0.2,0.0,0.0,0.0,0.0,1.0,1,shifted-rolling-calibration,5
AI4I,7,DTCG-no-first-shift-hold,6,0.0662168704138175,0.9472404189385322,0.6894256265569412,50.0,1.0,0.92,0.08,0.0,0.0,1.0,1.0,1.0,1,shifted-rolling-calibration,5
AI4I,7,DTCG-no-first-shift-hold,7,0.0662168704138175,0.9472404189385322,0.6894256265569412,50.0,2.0,0.82,0.18,0.0,0.0,2.0,1.0,1.0,1,shifted-rolling-calibration,5
AI4I,7,DTCG-no-first-shift-hold,8,0.0662168704138175,0.9472404189385322,0.6894256265569412,50.0,1.0,0.88,0.12,0.0,0.0,1.0,1.0,1.0,1,shifted-rolling-calibration,5
AI4I,7,DTCG-no-first-shift-hold,9,0.0662168704138175,0.9472404189385322,0.6894256265569412,50.0,0.0,0.94,0.06,0.0,0.0,0.0,0.0,1.0,1,shifted-rolling-calibration,5
AI4I,7,DTCG-no-first-shift-hold,10,0.0662168704138175,0.9472404189385322,0.6894256265569412,50.0,1.0,0.94,0.06,1.0,1.0,0.0,0.0,1.0,1,shifted-rolling-calibration,5
AI4I,7,DTCG-no-first-shift-hold,11,0.0662168704138175,0.9472404189385322,0.6894256265569412,50.0,1.0,0.94,0.06,0.0,0.0,1.0,1.0,1.0,1,shifted-rolling-calibration,5
AI4I,7,DTCG-no-first-shift-hold,12,0.0662168704138175,0.9472404189385322,0.6894256265569412,50.0,2.0,0.9,0.1,0.5,1.0,1.0,0.5,1.0,1,shifted-rolling-calibration,5
AI4I,7,DTCG-no-first-shift-hold,13,0.0662168704138175,0.9472404189385322,0.6894256265569412,50.0,1.0,0.98,0.02,0.0,0.0,1.0,1.0,1.0,1,shifted-rolling-calibration,5
AI4I,7,DTCG-no-first-shift-hold,14,0.0662168704138175,0.9472404189385322,0.6894256265569412,50.0,0.0,1.0,0.0,0.0,0.0,0.0,0.0,1.0,1,shifted-rolling-calibration,5
AI4I,7,DTCG-no-first-shift-hold,15,0.0662168704138175,0.9472404189385322,0.6894256265569412,50.0,0.0,0.96,0.04,0.0,0.0,0.0,0.0,1.0,1,shifted-rolling-calibration,5
AI4I,7,DTCG-no-first-shift-hold,16,0.0662168704138175,0.9472404189385322,0.6894256265569412,50.0,1.0,0.92,0.08,0.0,0.0,1.0,1.0,1.0,1,shifted-rolling-calibration,5
AI4I,7,DTCG-no-first-shift-hold,17,0.0662168704138175,0.9472404189385322,0.6894256265569412,50.0,0.0,0.98,0.02,0.0,0.0,0.0,0.0,1.0,1,shifted-rolling-calibration,5
AI4I,7,DTCG-no-first-shift-hold,18,0.0662168704138175,0.9472404189385322,0.6894256265569412,50.0,1.0,0.96,0.04,0.0,0.0,1.0,1.0,1.0,1,shifted-rolling-calibration,5
AI4I,7,DTCG-no-first-shift-hold,19,0.0662168704138175,0.9472404189385322,0.6894256265569412,50.0,0.0,0.98,0.02,0.0,0.0,0.0,0.0,1.0,1,shifted-rolling-calibration,5
AI4I,7,DTCG-no-first-shift-hold,20,0.0662168704138175,0.9472404189385322,0.6894256265569412,50.0,4.0,0.86,0.14,0.25,1.0,3.0,0.75,1.0,1,shifted-rolling-calibration,5
AI4I,7,DTCG-no-first-shift-hold,21,0.0662168704138175,0.9472404189385322,0.6894256265569412,50.0,1.0,0.96,0.04,0.0,0.0,1.0,1.0,1.0,1,shifted-rolling-calibration,5
AI4I,7,DTCG-no-first-shift-hold,22,0.0662168704138175,0.9472404189385322,0.6894256265569412,50.0,0.0,1.0,0.0,0.0,0.0,0.0,0.0,1.0,1,shifted-rolling-calibration,5
AI4I,7,DTCG-no-first-shift-hold,23,0.0662168704138175,0.9472404189385322,0.6894256265569412,50.0,2.0,0.94,0.06,0.5,1.0,1.0,0.5,1.0,1,shifted-rolling-calibration,5
AI4I,7,DTCG-no-first-shift-hold,24,0.0662168704138175,0.9472404189385322,0.6894256265569412,50.0,0.0,0.96,0.04,0.0,0.0,0.0,0.0,1.0,1,shifted-rolling-calibration,5
AI4I,7,DTCG-no-first-shift-hold,25,0.0662168704138175,0.9472404189385322,0.6894256265569412,50.0,0.0,0.96,0.04,0.0,0.0,0.0,0.0,1.0,1,shifted-rolling-calibration,5
AI4I,7,DTCG-no-first-shift-hold,26,0.0662168704138175,0.9472404189385322,0.6894256265569412,50.0,0.0,0.94,0.06,0.0,0.0,0.0,0.0,1.0,1,shifted-rolling-calibration,5
AI4I,7,DTCG-no-first-shift-hold,27,0.0662168704138175,0.9472404189385322,0.6894256265569412,50.0,0.0,1.0,0.0,0.0,0.0,0.0,0.0,1.0,1,shifted-rolling-calibration,5
AI4I,7,DTCG-no-first-shift-hold,28,0.0662168704138175,0.9472404189385322,0.6894256265569412,50.0,1.0,0.96,0.04,0.0,0.0,1.0,1.0,1.0,1,shifted-rolling-calibration,5
AI4I,7,DTCG-no-first-shift-hold,29,0.0662168704138175,0.9472404189385322,0.6894256265569412,50.0,1.0,0.86,0.14,0.0,0.0,1.0,1.0,0.9999116763822645,1,shifted-rolling-calibration,5
AI4I,7,DTCG-no-first-shift-hold,30,0.0662168704138175,0.9472404189385322,0.6894256265569412,50.0,0.0,0.96,0.04,0.0,0.0,0.0,0.0,0.9970742415402438,1,shifted-rolling-calibration,5
AI4I,7,DTCG-no-first-shift-hold,31,0.0662168704138175,0.9472404189385322,0.6894256265569412,50.0,1.0,0.88,0.12,1.0,1.0,0.0,0.0,0.9933228216751896,1,shifted-rolling-calibration,5
AI4I,7,DTCG-no-first-shift-hold,32,0.0662168704138175,0.9472404189385322,0.6894256265569412,50.0,1.0,0.94,0.06,0.0,0.0,1.0,1.0,1.0,1,shifted-rolling-calibration,5
AI4I,7,DTCG-no-first-shift-hold,33,0.0662168704138175,0.9472404189385322,0.6894256265569412,50.0,6.0,0.62,0.38,0.0,0.0,6.0,1.0,1.0,1,shifted-rolling-calibration,5
AI4I,7,DTCG-no-first-shift-hold,34,0.0662168704138175,0.9472404189385322,0.6894256265569412,50.0,0.0,0.92,0.08,0.0,0.0,0.0,0.0,1.0,1,shifted-rolling-calibration,5
AI4I,7,DTCG-no-first-shift-hold,35,0.0662168704138175,0.9472404189385322,0.6894256265569412,50.0,2.0,0.92,0.08,0.0,0.0,2.0,1.0,1.0,1,shifted-rolling-calibration,5
AI4I,7,DTCG-no-first-shift-hold,36,0.0662168704138175,0.9472404189385322,0.6894256265569412,50.0,2.0,0.8,0.2,0.0,0.0,2.0,1.0,1.0,1,shifted-rolling-calibration,5
AI4I,7,DTCG-no-first-shift-hold,37,0.0662168704138175,0.9472404189385322,0.6894256265569412,50.0,0.0,0.98,0.02,0.0,0.0,0.0,0.0,1.0,1,shifted-rolling-calibration,5
AI4I,7,DTCG-no-first-shift-hold,38,0.0662168704138175,0.9472404189385322,0.6894256265569412,50.0,0.0,0.96,0.04,0.0,0.0,0.0,0.0,1.0,1,shifted-rolling-calibration,5
AI4I,7,DTCG-no-first-shift-hold,39,0.0662168704138175,0.9472404189385322,0.6894256265569412,50.0,1.0,0.98,0.02,0.0,0.0,1.0,1.0,1.0,1,shifted-rolling-calibration,5
AI4I,7,DTCG-no-rolling,0,0.0,0.9472404189385322,0.6894256265569412,50.0,1.0,0.0,1.0,0.0,0.0,1.0,1.0,0.8975316153087562,1,first-shift-hold,5
AI4I,7,DTCG-no-rolling,1,0.0662168704138175,0.9472404189385322,0.6894256265569412,50.0,0.0,0.98,0.02,0.0,0.0,0.0,0.0,0.898429704508283,1,shifted-base-calibration,5
AI4I,7,DTCG-no-rolling,2,0.0662168704138175,0.9472404189385322,0.6894256265569412,50.0,1.0,0.92,0.08,1.0,1.0,0.0,0.0,0.9316144403067853,1,shifted-base-calibration,5
AI4I,7,DTCG-no-rolling,3,0.0662168704138175,0.9472404189385322,0.6894256265569412,50.0,3.0,0.8,0.2,0.0,0.0,3.0,1.0,0.9932104474171676,1,shifted-base-calibration,5
AI4I,7,DTCG-no-rolling,4,0.0662168704138175,0.9472404189385322,0.6894256265569412,50.0,1.0,0.88,0.12,0.0,0.0,1.0,1.0,1.0,1,shifted-base-calibration,5
AI4I,7,DTCG-no-rolling,5,0.0662168704138175,0.9472404189385322,0.6894256265569412,50.0,0.0,0.8,0.2,0.0,0.0,0.0,0.0,1.0,1,shifted-base-calibration,5
AI4I,7,DTCG-no-rolling,6,0.0662168704138175,0.9472404189385322,0.6894256265569412,50.0,1.0,0.92,0.08,0.0,0.0,1.0,1.0,1.0,1,shifted-base-calibration,5
AI4I,7,DTCG-no-rolling,7,0.0662168704138175,0.9472404189385322,0.6894256265569412,50.0,2.0,0.82,0.18,0.0,0.0,2.0,1.0,1.0,1,shifted-base-calibration,5
AI4I,7,DTCG-no-rolling,8,0.0662168704138175,0.9472404189385322,0.6894256265569412,50.0,1.0,0.88,0.12,0.0,0.0,1.0,1.0,1.0,1,shifted-base-calibration,5
AI4I,7,DTCG-no-rolling,9,0.0662168704138175,0.9472404189385322,0.6894256265569412,50.0,0.0,0.94,0.06,0.0,0.0,0.0,0.0,1.0,1,shifted-base-calibration,5
AI4I,7,DTCG-no-rolling,10,0.0662168704138175,0.9472404189385322,0.6894256265569412,50.0,1.0,0.94,0.06,1.0,1.0,0.0,0.0,1.0,1,shifted-base-calibration,5
AI4I,7,DTCG-no-rolling,11,0.0662168704138175,0.9472404189385322,0.6894256265569412,50.0,1.0,0.94,0.06,0.0,0.0,1.0,1.0,1.0,1,shifted-base-calibration,5
AI4I,7,DTCG-no-rolling,12,0.0662168704138175,0.9472404189385322,0.6894256265569412,50.0,2.0,0.9,0.1,0.5,1.0,1.0,0.5,1.0,1,shifted-base-calibration,5
AI4I,7,DTCG-no-rolling,13,0.0662168704138175,0.9472404189385322,0.6894256265569412,50.0,1.0,0.98,0.02,0.0,0.0,1.0,1.0,1.0,1,shifted-base-calibration,5
AI4I,7,DTCG-no-rolling,14,0.0662168704138175,0.9472404189385322,0.6894256265569412,50.0,0.0,1.0,0.0,0.0,0.0,0.0,0.0,1.0,1,shifted-base-calibration,5
AI4I,7,DTCG-no-rolling,15,0.0662168704138175,0.9472404189385322,0.6894256265569412,50.0,0.0,0.96,0.04,0.0,0.0,0.0,0.0,1.0,1,shifted-base-calibration,5
AI4I,7,DTCG-no-rolling,16,0.0662168704138175,0.9472404189385322,0.6894256265569412,50.0,1.0,0.92,0.08,0.0,0.0,1.0,1.0,1.0,1,shifted-base-calibration,5
AI4I,7,DTCG-no-rolling,17,0.0662168704138175,0.9472404189385322,0.6894256265569412,50.0,0.0,0.98,0.02,0.0,0.0,0.0,0.0,1.0,1,shifted-base-calibration,5
AI4I,7,DTCG-no-rolling,18,0.0662168704138175,0.9472404189385322,0.6894256265569412,50.0,1.0,0.96,0.04,0.0,0.0,1.0,1.0,1.0,1,shifted-base-calibration,5
AI4I,7,DTCG-no-rolling,19,0.0662168704138175,0.9472404189385322,0.6894256265569412,50.0,0.0,0.98,0.02,0.0,0.0,0.0,0.0,1.0,1,shifted-base-calibration,5
AI4I,7,DTCG-no-rolling,20,0.0662168704138175,0.9472404189385322,0.6894256265569412,50.0,4.0,0.86,0.14,0.25,1.0,3.0,0.75,1.0,1,shifted-base-calibration,5
AI4I,7,DTCG-no-rolling,21,0.0662168704138175,0.9472404189385322,0.6894256265569412,50.0,1.0,0.96,0.04,0.0,0.0,1.0,1.0,1.0,1,shifted-base-calibration,5
AI4I,7,DTCG-no-rolling,22,0.0662168704138175,0.9472404189385322,0.6894256265569412,50.0,0.0,1.0,0.0,0.0,0.0,0.0,0.0,1.0,1,shifted-base-calibration,5
AI4I,7,DTCG-no-rolling,23,0.0662168704138175,0.9472404189385322,0.6894256265569412,50.0,2.0,0.94,0.06,0.5,1.0,1.0,0.5,1.0,1,shifted-base-calibration,5
AI4I,7,DTCG-no-rolling,24,0.0662168704138175,0.9472404189385322,0.6894256265569412,50.0,0.0,0.96,0.04,0.0,0.0,0.0,0.0,1.0,1,shifted-base-calibration,5
AI4I,7,DTCG-no-rolling,25,0.0662168704138175,0.9472404189385322,0.6894256265569412,50.0,0.0,0.96,0.04,0.0,0.0,0.0,0.0,1.0,1,shifted-base-calibration,5
AI4I,7,DTCG-no-rolling,26,0.0662168704138175,0.9472404189385322,0.6894256265569412,50.0,0.0,0.94,0.06,0.0,0.0,0.0,0.0,1.0,1,shifted-base-calibration,5
AI4I,7,DTCG-no-rolling,27,0.0662168704138175,0.9472404189385322,0.6894256265569412,50.0,0.0,1.0,0.0,0.0,0.0,0.0,0.0,1.0,1,shifted-base-calibration,5
AI4I,7,DTCG-no-rolling,28,0.0662168704138175,0.9472404189385322,0.6894256265569412,50.0,1.0,0.96,0.04,0.0,0.0,1.0,1.0,1.0,1,shifted-base-calibration,5
AI4I,7,DTCG-no-rolling,29,0.0662168704138175,0.9472404189385322,0.6894256265569412,50.0,1.0,0.86,0.14,0.0,0.0,1.0,1.0,0.9999116763822645,1,shifted-base-calibration,5
AI4I,7,DTCG-no-rolling,30,0.0662168704138175,0.9472404189385322,0.6894256265569412,50.0,0.0,0.96,0.04,0.0,0.0,0.0,0.0,0.9970742415402438,1,shifted-base-calibration,5
AI4I,7,DTCG-no-rolling,31,0.0662168704138175,0.9472404189385322,0.6894256265569412,50.0,1.0,0.88,0.12,1.0,1.0,0.0,0.0,0.9933228216751896,1,shifted-base-calibration,5
AI4I,7,DTCG-no-rolling,32,0.0662168704138175,0.9472404189385322,0.6894256265569412,50.0,1.0,0.94,0.06,0.0,0.0,1.0,1.0,1.0,1,shifted-base-calibration,5
AI4I,7,DTCG-no-rolling,33,0.0662168704138175,0.9472404189385322,0.6894256265569412,50.0,6.0,0.62,0.38,0.0,0.0,6.0,1.0,1.0,1,shifted-base-calibration,5
AI4I,7,DTCG-no-rolling,34,0.0662168704138175,0.9472404189385322,0.6894256265569412,50.0,0.0,0.92,0.08,0.0,0.0,0.0,0.0,1.0,1,shifted-base-calibration,5
AI4I,7,DTCG-no-rolling,35,0.0662168704138175,0.9472404189385322,0.6894256265569412,50.0,2.0,0.92,0.08,0.0,0.0,2.0,1.0,1.0,1,shifted-base-calibration,5
AI4I,7,DTCG-no-rolling,36,0.0662168704138175,0.9472404189385322,0.6894256265569412,50.0,2.0,0.8,0.2,0.0,0.0,2.0,1.0,1.0,1,shifted-base-calibration,5
AI4I,7,DTCG-no-rolling,37,0.0662168704138175,0.9472404189385322,0.6894256265569412,50.0,0.0,0.98,0.02,0.0,0.0,0.0,0.0,1.0,1,shifted-base-calibration,5
AI4I,7,DTCG-no-rolling,38,0.0662168704138175,0.9472404189385322,0.6894256265569412,50.0,0.0,0.96,0.04,0.0,0.0,0.0,0.0,1.0,1,shifted-base-calibration,5
AI4I,7,DTCG-no-rolling,39,0.0662168704138175,0.9472404189385322,0.6894256265569412,50.0,1.0,0.98,0.02,0.0,0.0,1.0,1.0,1.0,1,shifted-base-calibration,5
AI4I,7,DTCG-always-roll,0,0.0662168704138175,0.9472404189385322,0.6894256265569412,50.0,1.0,0.8,0.2,0.0,0.0,1.0,1.0,0.8975316153087562,1,stable,5
AI4I,7,DTCG-always-roll,1,0.0662168704138175,0.9472404189385322,0.6894256265569412,50.0,0.0,0.98,0.02,0.0,0.0,0.0,0.0,0.898429704508283,1,stable,5
AI4I,7,DTCG-always-roll,2,0.0662168704138175,0.9472404189385322,0.6894256265569412,50.0,1.0,0.92,0.08,1.0,1.0,0.0,0.0,0.9316144403067853,1,stable,5
AI4I,7,DTCG-always-roll,3,0.0662168704138175,0.9472404189385322,0.6894256265569412,50.0,3.0,0.8,0.2,0.0,0.0,3.0,1.0,0.9932104474171676,1,stable,5
AI4I,7,DTCG-always-roll,4,0.0662168704138175,0.9472404189385322,0.6894256265569412,50.0,1.0,0.88,0.12,0.0,0.0,1.0,1.0,1.0,1,stable,5
AI4I,7,DTCG-always-roll,5,0.07184349997339198,0.9472404189385322,0.6894256265569412,50.0,0.0,0.8,0.2,0.0,0.0,0.0,0.0,1.0,1,rolling-calibration,5
AI4I,7,DTCG-always-roll,6,0.07413075641148434,0.9472404189385322,0.6894256265569412,50.0,1.0,0.94,0.06,0.0,0.0,1.0,1.0,1.0,1,rolling-calibration,5
AI4I,7,DTCG-always-roll,7,0.07444288939818351,0.9472404189385322,0.6894256265569412,50.0,2.0,0.86,0.14,0.5,1.0,1.0,0.5,1.0,1,rolling-calibration,5
AI4I,7,DTCG-always-roll,8,0.07585610364766748,0.9472404189385322,0.6894256265569412,50.0,1.0,0.88,0.12,0.0,0.0,1.0,1.0,1.0,1,rolling-calibration,5
AI4I,7,DTCG-always-roll,9,0.07705440531160382,0.9472404189385322,0.6894256265569412,50.0,0.0,0.94,0.06,0.0,0.0,0.0,0.0,1.0,1,rolling-calibration,5
AI4I,7,DTCG-always-roll,10,0.07739919310332401,0.9472404189385322,0.6894256265569412,50.0,1.0,0.94,0.06,1.0,1.0,0.0,0.0,1.0,1,rolling-calibration,5
AI4I,7,DTCG-always-roll,11,0.07752317432024357,0.9472404189385322,0.6894256265569412,50.0,1.0,0.94,0.06,0.0,0.0,1.0,1.0,1.0,1,rolling-calibration,5
AI4I,7,DTCG-always-roll,12,0.0787130850117374,0.9472404189385322,0.6894256265569412,50.0,2.0,0.9,0.1,0.5,1.0,1.0,0.5,1.0,1,rolling-calibration,5
AI4I,7,DTCG-always-roll,13,0.07995306988060895,0.9472404189385322,0.6894256265569412,50.0,1.0,0.98,0.02,0.0,0.0,1.0,1.0,1.0,1,rolling-calibration,5
AI4I,7,DTCG-always-roll,14,0.07995306988060895,0.9472404189385322,0.6894256265569412,50.0,0.0,1.0,0.0,0.0,0.0,0.0,0.0,1.0,1,rolling-calibration,5
AI4I,7,DTCG-always-roll,15,0.07995306988060895,0.9472404189385322,0.6894256265569412,50.0,0.0,0.98,0.02,0.0,0.0,0.0,0.0,1.0,1,rolling-calibration,5
AI4I,7,DTCG-always-roll,16,0.08062920469343637,0.9472404189385322,0.6894256265569412,50.0,1.0,0.94,0.06,0.0,0.0,1.0,1.0,1.0,1,rolling-calibration,5
AI4I,7,DTCG-always-roll,17,0.08069257774904834,0.9472404189385322,0.6894256265569412,50.0,0.0,0.98,0.02,0.0,0.0,0.0,0.0,1.0,1,rolling-calibration,5
AI4I,7,DTCG-always-roll,18,0.08089832040177429,0.9472404189385322,0.6894256265569412,50.0,1.0,0.96,0.04,0.0,0.0,1.0,1.0,1.0,1,rolling-calibration,5
AI4I,7,DTCG-always-roll,19,0.08130686084469363,0.9472404189385322,0.6894256265569412,50.0,0.0,0.98,0.02,0.0,0.0,0.0,0.0,1.0,1,rolling-calibration,5
AI4I,7,DTCG-always-roll,20,0.08173502368188164,0.9472404189385322,0.6894256265569412,50.0,4.0,0.86,0.14,0.25,1.0,3.0,0.75,1.0,1,rolling-calibration,5
AI4I,7,DTCG-always-roll,21,0.08353440238141835,0.9472404189385322,0.6894256265569412,50.0,1.0,0.96,0.04,0.0,0.0,1.0,1.0,1.0,1,rolling-calibration,5
AI4I,7,DTCG-always-roll,22,0.08389264626918903,0.9472404189385322,0.6894256265569412,50.0,0.0,1.0,0.0,0.0,0.0,0.0,0.0,1.0,1,rolling-calibration,5
AI4I,7,DTCG-always-roll,23,0.08389264626918903,0.9472404189385322,0.6894256265569412,50.0,2.0,0.94,0.06,0.5,1.0,1.0,0.5,1.0,1,rolling-calibration,5
AI4I,7,DTCG-always-roll,24,0.08453258116982647,0.9472404189385322,0.6894256265569412,50.0,0.0,0.96,0.04,0.0,0.0,0.0,0.0,1.0,1,rolling-calibration,5
AI4I,7,DTCG-always-roll,25,0.08470233695790412,0.9472404189385322,0.6894256265569412,50.0,0.0,0.96,0.04,0.0,0.0,0.0,0.0,1.0,1,rolling-calibration,5
AI4I,7,DTCG-always-roll,26,0.08490498976466744,0.9472404189385322,0.6894256265569412,50.0,0.0,0.96,0.04,0.0,0.0,0.0,0.0,1.0,1,rolling-calibration,5
AI4I,7,DTCG-always-roll,27,0.08548754080356286,0.9472404189385322,0.6894256265569412,50.0,0.0,1.0,0.0,0.0,0.0,0.0,0.0,1.0,1,rolling-calibration,5
AI4I,7,DTCG-always-roll,28,0.08548754080356286,0.9472404189385322,0.6894256265569412,50.0,1.0,0.98,0.02,0.0,0.0,1.0,1.0,1.0,1,rolling-calibration,5
AI4I,7,DTCG-always-roll,29,0.08548754080356286,0.9472404189385322,0.6894256265569412,50.0,1.0,0.9,0.1,0.0,0.0,1.0,1.0,0.9999116763822645,1,rolling-calibration,5
AI4I,7,DTCG-always-roll,30,0.08917977551859899,0.9472404189385322,0.6894256265569412,50.0,0.0,0.98,0.02,0.0,0.0,0.0,0.0,0.9970742415402438,1,rolling-calibration,5
AI4I,7,DTCG-always-roll,31,0.0893026741541911,0.9472404189385322,0.6894256265569412,50.0,1.0,0.98,0.02,1.0,1.0,0.0,0.0,0.9933228216751896,1,rolling-calibration,5
AI4I,7,DTCG-always-roll,32,0.08937929418821057,0.9472404189385322,0.6894256265569412,50.0,1.0,0.96,0.04,0.0,0.0,1.0,1.0,1.0,1,rolling-calibration,5
AI4I,7,DTCG-always-roll,33,0.0894195463053587,0.9472404189385322,0.6894256265569412,50.0,6.0,0.68,0.32,0.0,0.0,6.0,1.0,1.0,1,rolling-calibration,5
AI4I,7,DTCG-always-roll,34,0.09270617540597448,0.9472404189385322,0.6894256265569412,50.0,0.0,0.96,0.04,0.0,0.0,0.0,0.0,1.0,1,rolling-calibration,5
AI4I,7,DTCG-always-roll,35,0.09313138967562991,0.9472404189385322,0.6894256265569412,50.0,2.0,0.96,0.04,0.0,0.0,2.0,1.0,1.0,1,rolling-calibration,5
AI4I,7,DTCG-always-roll,36,0.09313138967562991,0.9472404189385322,0.6894256265569412,50.0,2.0,0.84,0.16,0.0,0.0,2.0,1.0,1.0,1,rolling-calibration,5
AI4I,7,DTCG-always-roll,37,0.09854923859718559,0.9472404189385322,0.6894256265569412,50.0,0.0,0.98,0.02,0.0,0.0,0.0,0.0,1.0,1,rolling-calibration,5
AI4I,7,DTCG-always-roll,38,0.09883667026566381,0.9472404189385322,0.6894256265569412,50.0,0.0,0.96,0.04,0.0,0.0,0.0,0.0,1.0,1,rolling-calibration,5
AI4I,7,DTCG-always-roll,39,0.1002601334396848,0.9472404189385322,0.6894256265569412,50.0,1.0,0.98,0.02,0.0,0.0,1.0,1.0,1.0,1,rolling-calibration,5
AI4I,7,DTCG-min-failures-1,0,0.0,0.9472404189385322,0.6894256265569412,50.0,1.0,0.0,1.0,0.0,0.0,1.0,1.0,0.8975316153087562,1,first-shift-hold,1
AI4I,7,DTCG-min-failures-1,1,0.0662168704138175,0.9472404189385322,0.6894256265569412,50.0,0.0,0.98,0.02,0.0,0.0,0.0,0.0,0.898429704508283,1,shifted-rolling-calibration,1
AI4I,7,DTCG-min-failures-1,2,0.0662168704138175,0.9472404189385322,0.6894256265569412,50.0,1.0,0.92,0.08,1.0,1.0,0.0,0.0,0.9316144403067853,1,shifted-rolling-calibration,1
AI4I,7,DTCG-min-failures-1,3,0.0662168704138175,0.9472404189385322,0.6894256265569412,50.0,3.0,0.8,0.2,0.0,0.0,3.0,1.0,0.9932104474171676,1,shifted-rolling-calibration,1
AI4I,7,DTCG-min-failures-1,4,0.0662168704138175,0.9472404189385322,0.6894256265569412,50.0,1.0,0.88,0.12,0.0,0.0,1.0,1.0,1.0,1,shifted-rolling-calibration,1
AI4I,7,DTCG-min-failures-1,5,0.0662168704138175,0.9472404189385322,0.6894256265569412,50.0,0.0,0.8,0.2,0.0,0.0,0.0,0.0,1.0,1,shifted-rolling-calibration,1
AI4I,7,DTCG-min-failures-1,6,0.0662168704138175,0.9472404189385322,0.6894256265569412,50.0,1.0,0.92,0.08,0.0,0.0,1.0,1.0,1.0,1,shifted-rolling-calibration,1
AI4I,7,DTCG-min-failures-1,7,0.0662168704138175,0.9472404189385322,0.6894256265569412,50.0,2.0,0.82,0.18,0.0,0.0,2.0,1.0,1.0,1,shifted-rolling-calibration,1
AI4I,7,DTCG-min-failures-1,8,0.0662168704138175,0.9472404189385322,0.6894256265569412,50.0,1.0,0.88,0.12,0.0,0.0,1.0,1.0,1.0,1,shifted-rolling-calibration,1
AI4I,7,DTCG-min-failures-1,9,0.0662168704138175,0.9472404189385322,0.6894256265569412,50.0,0.0,0.94,0.06,0.0,0.0,0.0,0.0,1.0,1,shifted-rolling-calibration,1
AI4I,7,DTCG-min-failures-1,10,0.0662168704138175,0.9472404189385322,0.6894256265569412,50.0,1.0,0.94,0.06,1.0,1.0,0.0,0.0,1.0,1,shifted-rolling-calibration,1
AI4I,7,DTCG-min-failures-1,11,0.0662168704138175,0.9472404189385322,0.6894256265569412,50.0,1.0,0.94,0.06,0.0,0.0,1.0,1.0,1.0,1,shifted-rolling-calibration,1
AI4I,7,DTCG-min-failures-1,12,0.0662168704138175,0.9472404189385322,0.6894256265569412,50.0,2.0,0.9,0.1,0.5,1.0,1.0,0.5,1.0,1,shifted-rolling-calibration,1
AI4I,7,DTCG-min-failures-1,13,0.0662168704138175,0.9472404189385322,0.6894256265569412,50.0,1.0,0.98,0.02,0.0,0.0,1.0,1.0,1.0,1,shifted-rolling-calibration,1
AI4I,7,DTCG-min-failures-1,14,0.0662168704138175,0.9472404189385322,0.6894256265569412,50.0,0.0,1.0,0.0,0.0,0.0,0.0,0.0,1.0,1,shifted-rolling-calibration,1
AI4I,7,DTCG-min-failures-1,15,0.0662168704138175,0.9472404189385322,0.6894256265569412,50.0,0.0,0.96,0.04,0.0,0.0,0.0,0.0,1.0,1,shifted-rolling-calibration,1
AI4I,7,DTCG-min-failures-1,16,0.0662168704138175,0.9472404189385322,0.6894256265569412,50.0,1.0,0.92,0.08,0.0,0.0,1.0,1.0,1.0,1,shifted-rolling-calibration,1
AI4I,7,DTCG-min-failures-1,17,0.0662168704138175,0.9472404189385322,0.6894256265569412,50.0,0.0,0.98,0.02,0.0,0.0,0.0,0.0,1.0,1,shifted-rolling-calibration,1
AI4I,7,DTCG-min-failures-1,18,0.0662168704138175,0.9472404189385322,0.6894256265569412,50.0,1.0,0.96,0.04,0.0,0.0,1.0,1.0,1.0,1,shifted-rolling-calibration,1
AI4I,7,DTCG-min-failures-1,19,0.0662168704138175,0.9472404189385322,0.6894256265569412,50.0,0.0,0.98,0.02,0.0,0.0,0.0,0.0,1.0,1,shifted-rolling-calibration,1
AI4I,7,DTCG-min-failures-1,20,0.0662168704138175,0.9472404189385322,0.6894256265569412,50.0,4.0,0.86,0.14,0.25,1.0,3.0,0.75,1.0,1,shifted-rolling-calibration,1
AI4I,7,DTCG-min-failures-1,21,0.0662168704138175,0.9472404189385322,0.6894256265569412,50.0,1.0,0.96,0.04,0.0,0.0,1.0,1.0,1.0,1,shifted-rolling-calibration,1
AI4I,7,DTCG-min-failures-1,22,0.0662168704138175,0.9472404189385322,0.6894256265569412,50.0,0.0,1.0,0.0,0.0,0.0,0.0,0.0,1.0,1,shifted-rolling-calibration,1
AI4I,7,DTCG-min-failures-1,23,0.0662168704138175,0.9472404189385322,0.6894256265569412,50.0,2.0,0.94,0.06,0.5,1.0,1.0,0.5,1.0,1,shifted-rolling-calibration,1
AI4I,7,DTCG-min-failures-1,24,0.0662168704138175,0.9472404189385322,0.6894256265569412,50.0,0.0,0.96,0.04,0.0,0.0,0.0,0.0,1.0,1,shifted-rolling-calibration,1
AI4I,7,DTCG-min-failures-1,25,0.0662168704138175,0.9472404189385322,0.6894256265569412,50.0,0.0,0.96,0.04,0.0,0.0,0.0,0.0,1.0,1,shifted-rolling-calibration,1
AI4I,7,DTCG-min-failures-1,26,0.0662168704138175,0.9472404189385322,0.6894256265569412,50.0,0.0,0.94,0.06,0.0,0.0,0.0,0.0,1.0,1,shifted-rolling-calibration,1
AI4I,7,DTCG-min-failures-1,27,0.0662168704138175,0.9472404189385322,0.6894256265569412,50.0,0.0,1.0,0.0,0.0,0.0,0.0,0.0,1.0,1,shifted-rolling-calibration,1
AI4I,7,DTCG-min-failures-1,28,0.0662168704138175,0.9472404189385322,0.6894256265569412,50.0,1.0,0.96,0.04,0.0,0.0,1.0,1.0,1.0,1,shifted-rolling-calibration,1
AI4I,7,DTCG-min-failures-1,29,0.0662168704138175,0.9472404189385322,0.6894256265569412,50.0,1.0,0.86,0.14,0.0,0.0,1.0,1.0,0.9999116763822645,1,shifted-rolling-calibration,1
AI4I,7,DTCG-min-failures-1,30,0.0662168704138175,0.9472404189385322,0.6894256265569412,50.0,0.0,0.96,0.04,0.0,0.0,0.0,0.0,0.9970742415402438,1,shifted-rolling-calibration,1
AI4I,7,DTCG-min-failures-1,31,0.0662168704138175,0.9472404189385322,0.6894256265569412,50.0,1.0,0.88,0.12,1.0,1.0,0.0,0.0,0.9933228216751896,1,shifted-rolling-calibration,1
AI4I,7,DTCG-min-failures-1,32,0.0662168704138175,0.9472404189385322,0.6894256265569412,50.0,1.0,0.94,0.06,0.0,0.0,1.0,1.0,1.0,1,shifted-rolling-calibration,1
AI4I,7,DTCG-min-failures-1,33,0.0662168704138175,0.9472404189385322,0.6894256265569412,50.0,6.0,0.62,0.38,0.0,0.0,6.0,1.0,1.0,1,shifted-rolling-calibration,1
AI4I,7,DTCG-min-failures-1,34,0.0662168704138175,0.9472404189385322,0.6894256265569412,50.0,0.0,0.92,0.08,0.0,0.0,0.0,0.0,1.0,1,shifted-rolling-calibration,1
AI4I,7,DTCG-min-failures-1,35,0.0662168704138175,0.9472404189385322,0.6894256265569412,50.0,2.0,0.92,0.08,0.0,0.0,2.0,1.0,1.0,1,shifted-rolling-calibration,1
AI4I,7,DTCG-min-failures-1,36,0.0662168704138175,0.9472404189385322,0.6894256265569412,50.0,2.0,0.8,0.2,0.0,0.0,2.0,1.0,1.0,1,shifted-rolling-calibration,1
AI4I,7,DTCG-min-failures-1,37,0.0662168704138175,0.9472404189385322,0.6894256265569412,50.0,0.0,0.98,0.02,0.0,0.0,0.0,0.0,1.0,1,shifted-rolling-calibration,1
AI4I,7,DTCG-min-failures-1,38,0.0662168704138175,0.9472404189385322,0.6894256265569412,50.0,0.0,0.96,0.04,0.0,0.0,0.0,0.0,1.0,1,shifted-rolling-calibration,1
AI4I,7,DTCG-min-failures-1,39,0.0662168704138175,0.9472404189385322,0.6894256265569412,50.0,1.0,0.98,0.02,0.0,0.0,1.0,1.0,1.0,1,shifted-rolling-calibration,1
AI4I,7,DTCG-min-failures-10,0,0.0,0.9472404189385322,0.6894256265569412,50.0,1.0,0.0,1.0,0.0,0.0,1.0,1.0,0.8975316153087562,1,first-shift-hold,10
AI4I,7,DTCG-min-failures-10,1,0.0662168704138175,0.9472404189385322,0.6894256265569412,50.0,0.0,0.98,0.02,0.0,0.0,0.0,0.0,0.898429704508283,1,shifted-base-calibration,10
AI4I,7,DTCG-min-failures-10,2,0.0662168704138175,0.9472404189385322,0.6894256265569412,50.0,1.0,0.92,0.08,1.0,1.0,0.0,0.0,0.9316144403067853,1,shifted-base-calibration,10
AI4I,7,DTCG-min-failures-10,3,0.0662168704138175,0.9472404189385322,0.6894256265569412,50.0,3.0,0.8,0.2,0.0,0.0,3.0,1.0,0.9932104474171676,1,shifted-base-calibration,10
AI4I,7,DTCG-min-failures-10,4,0.0662168704138175,0.9472404189385322,0.6894256265569412,50.0,1.0,0.88,0.12,0.0,0.0,1.0,1.0,1.0,1,shifted-base-calibration,10
AI4I,7,DTCG-min-failures-10,5,0.0662168704138175,0.9472404189385322,0.6894256265569412,50.0,0.0,0.8,0.2,0.0,0.0,0.0,0.0,1.0,1,shifted-base-calibration,10
AI4I,7,DTCG-min-failures-10,6,0.0662168704138175,0.9472404189385322,0.6894256265569412,50.0,1.0,0.92,0.08,0.0,0.0,1.0,1.0,1.0,1,shifted-base-calibration,10
AI4I,7,DTCG-min-failures-10,7,0.0662168704138175,0.9472404189385322,0.6894256265569412,50.0,2.0,0.82,0.18,0.0,0.0,2.0,1.0,1.0,1,shifted-base-calibration,10
AI4I,7,DTCG-min-failures-10,8,0.0662168704138175,0.9472404189385322,0.6894256265569412,50.0,1.0,0.88,0.12,0.0,0.0,1.0,1.0,1.0,1,shifted-base-calibration,10
AI4I,7,DTCG-min-failures-10,9,0.0662168704138175,0.9472404189385322,0.6894256265569412,50.0,0.0,0.94,0.06,0.0,0.0,0.0,0.0,1.0,1,shifted-base-calibration,10
AI4I,7,DTCG-min-failures-10,10,0.0662168704138175,0.9472404189385322,0.6894256265569412,50.0,1.0,0.94,0.06,1.0,1.0,0.0,0.0,1.0,1,shifted-base-calibration,10
AI4I,7,DTCG-min-failures-10,11,0.0662168704138175,0.9472404189385322,0.6894256265569412,50.0,1.0,0.94,0.06,0.0,0.0,1.0,1.0,1.0,1,shifted-base-calibration,10
AI4I,7,DTCG-min-failures-10,12,0.0662168704138175,0.9472404189385322,0.6894256265569412,50.0,2.0,0.9,0.1,0.5,1.0,1.0,0.5,1.0,1,shifted-rolling-calibration,10
AI4I,7,DTCG-min-failures-10,13,0.0662168704138175,0.9472404189385322,0.6894256265569412,50.0,1.0,0.98,0.02,0.0,0.0,1.0,1.0,1.0,1,shifted-rolling-calibration,10
AI4I,7,DTCG-min-failures-10,14,0.0662168704138175,0.9472404189385322,0.6894256265569412,50.0,0.0,1.0,0.0,0.0,0.0,0.0,0.0,1.0,1,shifted-rolling-calibration,10
AI4I,7,DTCG-min-failures-10,15,0.0662168704138175,0.9472404189385322,0.6894256265569412,50.0,0.0,0.96,0.04,0.0,0.0,0.0,0.0,1.0,1,shifted-rolling-calibration,10
AI4I,7,DTCG-min-failures-10,16,0.0662168704138175,0.9472404189385322,0.6894256265569412,50.0,1.0,0.92,0.08,0.0,0.0,1.0,1.0,1.0,1,shifted-rolling-calibration,10
AI4I,7,DTCG-min-failures-10,17,0.0662168704138175,0.9472404189385322,0.6894256265569412,50.0,0.0,0.98,0.02,0.0,0.0,0.0,0.0,1.0,1,shifted-rolling-calibration,10
AI4I,7,DTCG-min-failures-10,18,0.0662168704138175,0.9472404189385322,0.6894256265569412,50.0,1.0,0.96,0.04,0.0,0.0,1.0,1.0,1.0,1,shifted-rolling-calibration,10
AI4I,7,DTCG-min-failures-10,19,0.0662168704138175,0.9472404189385322,0.6894256265569412,50.0,0.0,0.98,0.02,0.0,0.0,0.0,0.0,1.0,1,shifted-rolling-calibration,10
AI4I,7,DTCG-min-failures-10,20,0.0662168704138175,0.9472404189385322,0.6894256265569412,50.0,4.0,0.86,0.14,0.25,1.0,3.0,0.75,1.0,1,shifted-rolling-calibration,10
AI4I,7,DTCG-min-failures-10,21,0.0662168704138175,0.9472404189385322,0.6894256265569412,50.0,1.0,0.96,0.04,0.0,0.0,1.0,1.0,1.0,1,shifted-rolling-calibration,10
AI4I,7,DTCG-min-failures-10,22,0.0662168704138175,0.9472404189385322,0.6894256265569412,50.0,0.0,1.0,0.0,0.0,0.0,0.0,0.0,1.0,1,shifted-rolling-calibration,10
AI4I,7,DTCG-min-failures-10,23,0.0662168704138175,0.9472404189385322,0.6894256265569412,50.0,2.0,0.94,0.06,0.5,1.0,1.0,0.5,1.0,1,shifted-rolling-calibration,10
AI4I,7,DTCG-min-failures-10,24,0.0662168704138175,0.9472404189385322,0.6894256265569412,50.0,0.0,0.96,0.04,0.0,0.0,0.0,0.0,1.0,1,shifted-rolling-calibration,10
AI4I,7,DTCG-min-failures-10,25,0.0662168704138175,0.9472404189385322,0.6894256265569412,50.0,0.0,0.96,0.04,0.0,0.0,0.0,0.0,1.0,1,shifted-rolling-calibration,10
AI4I,7,DTCG-min-failures-10,26,0.0662168704138175,0.9472404189385322,0.6894256265569412,50.0,0.0,0.94,0.06,0.0,0.0,0.0,0.0,1.0,1,shifted-rolling-calibration,10
AI4I,7,DTCG-min-failures-10,27,0.0662168704138175,0.9472404189385322,0.6894256265569412,50.0,0.0,1.0,0.0,0.0,0.0,0.0,0.0,1.0,1,shifted-rolling-calibration,10
AI4I,7,DTCG-min-failures-10,28,0.0662168704138175,0.9472404189385322,0.6894256265569412,50.0,1.0,0.96,0.04,0.0,0.0,1.0,1.0,1.0,1,shifted-rolling-calibration,10
AI4I,7,DTCG-min-failures-10,29,0.0662168704138175,0.9472404189385322,0.6894256265569412,50.0,1.0,0.86,0.14,0.0,0.0,1.0,1.0,0.9999116763822645,1,shifted-rolling-calibration,10
AI4I,7,DTCG-min-failures-10,30,0.0662168704138175,0.9472404189385322,0.6894256265569412,50.0,0.0,0.96,0.04,0.0,0.0,0.0,0.0,0.9970742415402438,1,shifted-rolling-calibration,10
AI4I,7,DTCG-min-failures-10,31,0.0662168704138175,0.9472404189385322,0.6894256265569412,50.0,1.0,0.88,0.12,1.0,1.0,0.0,0.0,0.9933228216751896,1,shifted-rolling-calibration,10
AI4I,7,DTCG-min-failures-10,32,0.0662168704138175,0.9472404189385322,0.6894256265569412,50.0,1.0,0.94,0.06,0.0,0.0,1.0,1.0,1.0,1,shifted-rolling-calibration,10
AI4I,7,DTCG-min-failures-10,33,0.0662168704138175,0.9472404189385322,0.6894256265569412,50.0,6.0,0.62,0.38,0.0,0.0,6.0,1.0,1.0,1,shifted-rolling-calibration,10
AI4I,7,DTCG-min-failures-10,34,0.0662168704138175,0.9472404189385322,0.6894256265569412,50.0,0.0,0.92,0.08,0.0,0.0,0.0,0.0,1.0,1,shifted-rolling-calibration,10
AI4I,7,DTCG-min-failures-10,35,0.0662168704138175,0.9472404189385322,0.6894256265569412,50.0,2.0,0.92,0.08,0.0,0.0,2.0,1.0,1.0,1,shifted-rolling-calibration,10
AI4I,7,DTCG-min-failures-10,36,0.0662168704138175,0.9472404189385322,0.6894256265569412,50.0,2.0,0.8,0.2,0.0,0.0,2.0,1.0,1.0,1,shifted-rolling-calibration,10
AI4I,7,DTCG-min-failures-10,37,0.0662168704138175,0.9472404189385322,0.6894256265569412,50.0,0.0,0.98,0.02,0.0,0.0,0.0,0.0,1.0,1,shifted-rolling-calibration,10
AI4I,7,DTCG-min-failures-10,38,0.0662168704138175,0.9472404189385322,0.6894256265569412,50.0,0.0,0.96,0.04,0.0,0.0,0.0,0.0,1.0,1,shifted-rolling-calibration,10
AI4I,7,DTCG-min-failures-10,39,0.0662168704138175,0.9472404189385322,0.6894256265569412,50.0,1.0,0.98,0.02,0.0,0.0,1.0,1.0,1.0,1,shifted-rolling-calibration,10
AI4I,17,DTCG-no-first-shift-hold,0,0.05408218736233905,0.9587403077969117,0.6847878696162173,50.0,1.0,0.78,0.22,0.0,0.0,1.0,1.0,0.9352701817700936,1,shifted-base-calibration,5
AI4I,17,DTCG-no-first-shift-hold,1,0.05408218736233905,0.9587403077969117,0.6847878696162173,50.0,0.0,0.92,0.08,0.0,0.0,0.0,0.0,0.9010387272359228,1,shifted-base-calibration,5
AI4I,17,DTCG-no-first-shift-hold,2,0.05408218736233905,0.9587403077969117,0.6847878696162173,50.0,1.0,0.86,0.14,1.0,1.0,0.0,0.0,0.9276239816851864,1,shifted-base-calibration,5
AI4I,17,DTCG-no-first-shift-hold,3,0.05408218736233905,0.9587403077969117,0.6847878696162173,50.0,3.0,0.78,0.22,0.0,0.0,3.0,1.0,0.9949746134705126,1,shifted-base-calibration,5
AI4I,17,DTCG-no-first-shift-hold,4,0.05408218736233905,0.9587403077969117,0.6847878696162173,50.0,1.0,0.84,0.16,0.0,0.0,1.0,1.0,1.0,1,shifted-base-calibration,5
AI4I,17,DTCG-no-first-shift-hold,5,0.05408218736233905,0.9587403077969117,0.6847878696162173,50.0,0.0,0.78,0.22,0.0,0.0,0.0,0.0,1.0,1,shifted-rolling-calibration,5
AI4I,17,DTCG-no-first-shift-hold,6,0.05408218736233905,0.9587403077969117,0.6847878696162173,50.0,1.0,0.92,0.08,0.0,0.0,1.0,1.0,1.0,1,shifted-rolling-calibration,5
AI4I,17,DTCG-no-first-shift-hold,7,0.05408218736233905,0.9587403077969117,0.6847878696162173,50.0,2.0,0.8,0.2,0.0,0.0,2.0,1.0,1.0,1,shifted-rolling-calibration,5
AI4I,17,DTCG-no-first-shift-hold,8,0.05408218736233905,0.9587403077969117,0.6847878696162173,50.0,1.0,0.86,0.14,0.0,0.0,1.0,1.0,1.0,1,shifted-rolling-calibration,5
AI4I,17,DTCG-no-first-shift-hold,9,0.05408218736233905,0.9587403077969117,0.6847878696162173,50.0,0.0,0.92,0.08,0.0,0.0,0.0,0.0,1.0,1,shifted-rolling-calibration,5
AI4I,17,DTCG-no-first-shift-hold,10,0.05408218736233905,0.9587403077969117,0.6847878696162173,50.0,1.0,0.94,0.06,1.0,1.0,0.0,0.0,1.0,1,shifted-rolling-calibration,5
AI4I,17,DTCG-no-first-shift-hold,11,0.05408218736233905,0.9587403077969117,0.6847878696162173,50.0,1.0,0.94,0.06,0.0,0.0,1.0,1.0,1.0,1,shifted-rolling-calibration,5
AI4I,17,DTCG-no-first-shift-hold,12,0.05408218736233905,0.9587403077969117,0.6847878696162173,50.0,2.0,0.88,0.12,0.0,0.0,2.0,1.0,1.0,1,shifted-rolling-calibration,5
AI4I,17,DTCG-no-first-shift-hold,13,0.05408218736233905,0.9587403077969117,0.6847878696162173,50.0,1.0,0.94,0.06,0.0,0.0,1.0,1.0,1.0,1,shifted-rolling-calibration,5
AI4I,17,DTCG-no-first-shift-hold,14,0.05408218736233905,0.9587403077969117,0.6847878696162173,50.0,0.0,0.98,0.02,0.0,0.0,0.0,0.0,1.0,1,shifted-rolling-calibration,5
AI4I,17,DTCG-no-first-shift-hold,15,0.05408218736233905,0.9587403077969117,0.6847878696162173,50.0,0.0,0.94,0.06,0.0,0.0,0.0,0.0,1.0,1,shifted-rolling-calibration,5
AI4I,17,DTCG-no-first-shift-hold,16,0.05408218736233905,0.9587403077969117,0.6847878696162173,50.0,1.0,0.92,0.08,0.0,0.0,1.0,1.0,1.0,1,shifted-rolling-calibration,5
AI4I,17,DTCG-no-first-shift-hold,17,0.05408218736233905,0.9587403077969117,0.6847878696162173,50.0,0.0,0.98,0.02,0.0,0.0,0.0,0.0,1.0,1,shifted-rolling-calibration,5
AI4I,17,DTCG-no-first-shift-hold,18,0.05408218736233905,0.9587403077969117,0.6847878696162173,50.0,1.0,0.92,0.08,0.0,0.0,1.0,1.0,1.0,1,shifted-rolling-calibration,5
AI4I,17,DTCG-no-first-shift-hold,19,0.05408218736233905,0.9587403077969117,0.6847878696162173,50.0,0.0,0.96,0.04,0.0,0.0,0.0,0.0,1.0,1,shifted-rolling-calibration,5
AI4I,17,DTCG-no-first-shift-hold,20,0.05408218736233905,0.9587403077969117,0.6847878696162173,50.0,4.0,0.86,0.14,0.25,1.0,3.0,0.75,1.0,1,shifted-rolling-calibration,5
AI4I,17,DTCG-no-first-shift-hold,21,0.05408218736233905,0.9587403077969117,0.6847878696162173,50.0,1.0,0.96,0.04,0.0,0.0,1.0,1.0,1.0,1,shifted-rolling-calibration,5
AI4I,17,DTCG-no-first-shift-hold,22,0.05408218736233905,0.9587403077969117,0.6847878696162173,50.0,0.0,1.0,0.0,0.0,0.0,0.0,0.0,1.0,1,shifted-rolling-calibration,5
AI4I,17,DTCG-no-first-shift-hold,23,0.05408218736233905,0.9587403077969117,0.6847878696162173,50.0,2.0,0.94,0.06,0.5,1.0,1.0,0.5,1.0,1,shifted-rolling-calibration,5
AI4I,17,DTCG-no-first-shift-hold,24,0.05408218736233905,0.9587403077969117,0.6847878696162173,50.0,0.0,0.96,0.04,0.0,0.0,0.0,0.0,1.0,1,shifted-rolling-calibration,5
AI4I,17,DTCG-no-first-shift-hold,25,0.05408218736233905,0.9587403077969117,0.6847878696162173,50.0,0.0,0.96,0.04,0.0,0.0,0.0,0.0,1.0,1,shifted-rolling-calibration,5
AI4I,17,DTCG-no-first-shift-hold,26,0.05408218736233905,0.9587403077969117,0.6847878696162173,50.0,0.0,0.92,0.08,0.0,0.0,0.0,0.0,1.0,1,shifted-rolling-calibration,5
AI4I,17,DTCG-no-first-shift-hold,27,0.05408218736233905,0.9587403077969117,0.6847878696162173,50.0,0.0,1.0,0.0,0.0,0.0,0.0,0.0,1.0,1,shifted-rolling-calibration,5
AI4I,17,DTCG-no-first-shift-hold,28,0.05408218736233905,0.9587403077969117,0.6847878696162173,50.0,1.0,0.94,0.06,0.0,0.0,1.0,1.0,1.0,1,shifted-rolling-calibration,5
AI4I,17,DTCG-no-first-shift-hold,29,0.05408218736233905,0.9587403077969117,0.6847878696162173,50.0,1.0,0.84,0.16,0.0,0.0,1.0,1.0,0.9999687656171914,1,shifted-rolling-calibration,5
AI4I,17,DTCG-no-first-shift-hold,30,0.05408218736233905,0.9587403077969117,0.6847878696162173,50.0,0.0,0.92,0.08,0.0,0.0,0.0,0.0,0.996723297510404,1,shifted-rolling-calibration,5
AI4I,17,DTCG-no-first-shift-hold,31,0.05408218736233905,0.9587403077969117,0.6847878696162173,50.0,1.0,0.8,0.2,1.0,1.0,0.0,0.0,0.9929268109718326,1,shifted-rolling-calibration,5
AI4I,17,DTCG-no-first-shift-hold,32,0.05408218736233905,0.9587403077969117,0.6847878696162173,50.0,1.0,0.94,0.06,0.0,0.0,1.0,1.0,1.0,1,shifted-rolling-calibration,5
AI4I,17,DTCG-no-first-shift-hold,33,0.05408218736233905,0.9587403077969117,0.6847878696162173,50.0,6.0,0.58,0.42,0.0,0.0,6.0,1.0,1.0,1,shifted-rolling-calibration,5
AI4I,17,DTCG-no-first-shift-hold,34,0.05408218736233905,0.9587403077969117,0.6847878696162173,50.0,0.0,0.92,0.08,0.0,0.0,0.0,0.0,1.0,1,shifted-rolling-calibration,5
AI4I,17,DTCG-no-first-shift-hold,35,0.05408218736233905,0.9587403077969117,0.6847878696162173,50.0,2.0,0.94,0.06,0.0,0.0,2.0,1.0,1.0,1,shifted-rolling-calibration,5
AI4I,17,DTCG-no-first-shift-hold,36,0.05408218736233905,0.9587403077969117,0.6847878696162173,50.0,2.0,0.76,0.24,0.0,0.0,2.0,1.0,1.0,1,shifted-rolling-calibration,5
AI4I,17,DTCG-no-first-shift-hold,37,0.05408218736233905,0.9587403077969117,0.6847878696162173,50.0,0.0,0.98,0.02,0.0,0.0,0.0,0.0,1.0,1,shifted-rolling-calibration,5
AI4I,17,DTCG-no-first-shift-hold,38,0.05408218736233905,0.9587403077969117,0.6847878696162173,50.0,0.0,0.96,0.04,0.0,0.0,0.0,0.0,1.0,1,shifted-rolling-calibration,5
AI4I,17,DTCG-no-first-shift-hold,39,0.05408218736233905,0.9587403077969117,0.6847878696162173,50.0,1.0,0.92,0.08,0.0,0.0,1.0,1.0,1.0,1,shifted-rolling-calibration,5
AI4I,17,DTCG-no-rolling,0,0.0,0.9587403077969117,0.6847878696162173,50.0,1.0,0.0,1.0,0.0,0.0,1.0,1.0,0.9352701817700936,1,first-shift-hold,5
AI4I,17,DTCG-no-rolling,1,0.05408218736233905,0.9587403077969117,0.6847878696162173,50.0,0.0,0.92,0.08,0.0,0.0,0.0,0.0,0.9010387272359228,1,shifted-base-calibration,5
AI4I,17,DTCG-no-rolling,2,0.05408218736233905,0.9587403077969117,0.6847878696162173,50.0,1.0,0.86,0.14,1.0,1.0,0.0,0.0,0.9276239816851864,1,shifted-base-calibration,5
AI4I,17,DTCG-no-rolling,3,0.05408218736233905,0.9587403077969117,0.6847878696162173,50.0,3.0,0.78,0.22,0.0,0.0,3.0,1.0,0.9949746134705126,1,shifted-base-calibration,5
AI4I,17,DTCG-no-rolling,4,0.05408218736233905,0.9587403077969117,0.6847878696162173,50.0,1.0,0.84,0.16,0.0,0.0,1.0,1.0,1.0,1,shifted-base-calibration,5
AI4I,17,DTCG-no-rolling,5,0.05408218736233905,0.9587403077969117,0.6847878696162173,50.0,0.0,0.78,0.22,0.0,0.0,0.0,0.0,1.0,1,shifted-base-calibration,5
AI4I,17,DTCG-no-rolling,6,0.05408218736233905,0.9587403077969117,0.6847878696162173,50.0,1.0,0.92,0.08,0.0,0.0,1.0,1.0,1.0,1,shifted-base-calibration,5
AI4I,17,DTCG-no-rolling,7,0.05408218736233905,0.9587403077969117,0.6847878696162173,50.0,2.0,0.8,0.2,0.0,0.0,2.0,1.0,1.0,1,shifted-base-calibration,5
AI4I,17,DTCG-no-rolling,8,0.05408218736233905,0.9587403077969117,0.6847878696162173,50.0,1.0,0.86,0.14,0.0,0.0,1.0,1.0,1.0,1,shifted-base-calibration,5
AI4I,17,DTCG-no-rolling,9,0.05408218736233905,0.9587403077969117,0.6847878696162173,50.0,0.0,0.92,0.08,0.0,0.0,0.0,0.0,1.0,1,shifted-base-calibration,5
AI4I,17,DTCG-no-rolling,10,0.05408218736233905,0.9587403077969117,0.6847878696162173,50.0,1.0,0.94,0.06,1.0,1.0,0.0,0.0,1.0,1,shifted-base-calibration,5
AI4I,17,DTCG-no-rolling,11,0.05408218736233905,0.9587403077969117,0.6847878696162173,50.0,1.0,0.94,0.06,0.0,0.0,1.0,1.0,1.0,1,shifted-base-calibration,5
AI4I,17,DTCG-no-rolling,12,0.05408218736233905,0.9587403077969117,0.6847878696162173,50.0,2.0,0.88,0.12,0.0,0.0,2.0,1.0,1.0,1,shifted-base-calibration,5
AI4I,17,DTCG-no-rolling,13,0.05408218736233905,0.9587403077969117,0.6847878696162173,50.0,1.0,0.94,0.06,0.0,0.0,1.0,1.0,1.0,1,shifted-base-calibration,5
AI4I,17,DTCG-no-rolling,14,0.05408218736233905,0.9587403077969117,0.6847878696162173,50.0,0.0,0.98,0.02,0.0,0.0,0.0,0.0,1.0,1,shifted-base-calibration,5
AI4I,17,DTCG-no-rolling,15,0.05408218736233905,0.9587403077969117,0.6847878696162173,50.0,0.0,0.94,0.06,0.0,0.0,0.0,0.0,1.0,1,shifted-base-calibration,5
AI4I,17,DTCG-no-rolling,16,0.05408218736233905,0.9587403077969117,0.6847878696162173,50.0,1.0,0.92,0.08,0.0,0.0,1.0,1.0,1.0,1,shifted-base-calibration,5
AI4I,17,DTCG-no-rolling,17,0.05408218736233905,0.9587403077969117,0.6847878696162173,50.0,0.0,0.98,0.02,0.0,0.0,0.0,0.0,1.0,1,shifted-base-calibration,5
AI4I,17,DTCG-no-rolling,18,0.05408218736233905,0.9587403077969117,0.6847878696162173,50.0,1.0,0.92,0.08,0.0,0.0,1.0,1.0,1.0,1,shifted-base-calibration,5
AI4I,17,DTCG-no-rolling,19,0.05408218736233905,0.9587403077969117,0.6847878696162173,50.0,0.0,0.96,0.04,0.0,0.0,0.0,0.0,1.0,1,shifted-base-calibration,5
AI4I,17,DTCG-no-rolling,20,0.05408218736233905,0.9587403077969117,0.6847878696162173,50.0,4.0,0.86,0.14,0.25,1.0,3.0,0.75,1.0,1,shifted-base-calibration,5
AI4I,17,DTCG-no-rolling,21,0.05408218736233905,0.9587403077969117,0.6847878696162173,50.0,1.0,0.96,0.04,0.0,0.0,1.0,1.0,1.0,1,shifted-base-calibration,5
AI4I,17,DTCG-no-rolling,22,0.05408218736233905,0.9587403077969117,0.6847878696162173,50.0,0.0,1.0,0.0,0.0,0.0,0.0,0.0,1.0,1,shifted-base-calibration,5
AI4I,17,DTCG-no-rolling,23,0.05408218736233905,0.9587403077969117,0.6847878696162173,50.0,2.0,0.94,0.06,0.5,1.0,1.0,0.5,1.0,1,shifted-base-calibration,5
AI4I,17,DTCG-no-rolling,24,0.05408218736233905,0.9587403077969117,0.6847878696162173,50.0,0.0,0.96,0.04,0.0,0.0,0.0,0.0,1.0,1,shifted-base-calibration,5
AI4I,17,DTCG-no-rolling,25,0.05408218736233905,0.9587403077969117,0.6847878696162173,50.0,0.0,0.96,0.04,0.0,0.0,0.0,0.0,1.0,1,shifted-base-calibration,5
AI4I,17,DTCG-no-rolling,26,0.05408218736233905,0.9587403077969117,0.6847878696162173,50.0,0.0,0.92,0.08,0.0,0.0,0.0,0.0,1.0,1,shifted-base-calibration,5
AI4I,17,DTCG-no-rolling,27,0.05408218736233905,0.9587403077969117,0.6847878696162173,50.0,0.0,1.0,0.0,0.0,0.0,0.0,0.0,1.0,1,shifted-base-calibration,5
AI4I,17,DTCG-no-rolling,28,0.05408218736233905,0.9587403077969117,0.6847878696162173,50.0,1.0,0.94,0.06,0.0,0.0,1.0,1.0,1.0,1,shifted-base-calibration,5
AI4I,17,DTCG-no-rolling,29,0.05408218736233905,0.9587403077969117,0.6847878696162173,50.0,1.0,0.84,0.16,0.0,0.0,1.0,1.0,0.9999687656171914,1,shifted-base-calibration,5
AI4I,17,DTCG-no-rolling,30,0.05408218736233905,0.9587403077969117,0.6847878696162173,50.0,0.0,0.92,0.08,0.0,0.0,0.0,0.0,0.996723297510404,1,shifted-base-calibration,5
AI4I,17,DTCG-no-rolling,31,0.05408218736233905,0.9587403077969117,0.6847878696162173,50.0,1.0,0.8,0.2,1.0,1.0,0.0,0.0,0.9929268109718326,1,shifted-base-calibration,5
AI4I,17,DTCG-no-rolling,32,0.05408218736233905,0.9587403077969117,0.6847878696162173,50.0,1.0,0.94,0.06,0.0,0.0,1.0,1.0,1.0,1,shifted-base-calibration,5
AI4I,17,DTCG-no-rolling,33,0.05408218736233905,0.9587403077969117,0.6847878696162173,50.0,6.0,0.58,0.42,0.0,0.0,6.0,1.0,1.0,1,shifted-base-calibration,5
AI4I,17,DTCG-no-rolling,34,0.05408218736233905,0.9587403077969117,0.6847878696162173,50.0,0.0,0.92,0.08,0.0,0.0,0.0,0.0,1.0,1,shifted-base-calibration,5
AI4I,17,DTCG-no-rolling,35,0.05408218736233905,0.9587403077969117,0.6847878696162173,50.0,2.0,0.94,0.06,0.0,0.0,2.0,1.0,1.0,1,shifted-base-calibration,5
AI4I,17,DTCG-no-rolling,36,0.05408218736233905,0.9587403077969117,0.6847878696162173,50.0,2.0,0.76,0.24,0.0,0.0,2.0,1.0,1.0,1,shifted-base-calibration,5
AI4I,17,DTCG-no-rolling,37,0.05408218736233905,0.9587403077969117,0.6847878696162173,50.0,0.0,0.98,0.02,0.0,0.0,0.0,0.0,1.0,1,shifted-base-calibration,5
AI4I,17,DTCG-no-rolling,38,0.05408218736233905,0.9587403077969117,0.6847878696162173,50.0,0.0,0.96,0.04,0.0,0.0,0.0,0.0,1.0,1,shifted-base-calibration,5
AI4I,17,DTCG-no-rolling,39,0.05408218736233905,0.9587403077969117,0.6847878696162173,50.0,1.0,0.92,0.08,0.0,0.0,1.0,1.0,1.0,1,shifted-base-calibration,5
AI4I,17,DTCG-always-roll,0,0.05408218736233905,0.9587403077969117,0.6847878696162173,50.0,1.0,0.78,0.22,0.0,0.0,1.0,1.0,0.9352701817700936,1,stable,5
AI4I,17,DTCG-always-roll,1,0.05408218736233905,0.9587403077969117,0.6847878696162173,50.0,0.0,0.92,0.08,0.0,0.0,0.0,0.0,0.9010387272359228,1,stable,5
AI4I,17,DTCG-always-roll,2,0.05408218736233905,0.9587403077969117,0.6847878696162173,50.0,1.0,0.86,0.14,1.0,1.0,0.0,0.0,0.9276239816851864,1,stable,5
AI4I,17,DTCG-always-roll,3,0.05408218736233905,0.9587403077969117,0.6847878696162173,50.0,3.0,0.78,0.22,0.0,0.0,3.0,1.0,0.9949746134705126,1,stable,5
AI4I,17,DTCG-always-roll,4,0.05408218736233905,0.9587403077969117,0.6847878696162173,50.0,1.0,0.84,0.16,0.0,0.0,1.0,1.0,1.0,1,stable,5
AI4I,17,DTCG-always-roll,5,0.07355219174275543,0.9587403077969117,0.6847878696162173,50.0,0.0,0.8,0.2,0.0,0.0,0.0,0.0,1.0,1,rolling-calibration,5
AI4I,17,DTCG-always-roll,6,0.07659400312071761,0.9587403077969117,0.6847878696162173,50.0,1.0,0.98,0.02,0.0,0.0,1.0,1.0,1.0,1,rolling-calibration,5
AI4I,17,DTCG-always-roll,7,0.07659400312071761,0.9587403077969117,0.6847878696162173,50.0,2.0,0.84,0.16,0.0,0.0,2.0,1.0,1.0,1,rolling-calibration,5
AI4I,17,DTCG-always-roll,8,0.07769121394631151,0.9587403077969117,0.6847878696162173,50.0,1.0,0.88,0.12,0.0,0.0,1.0,1.0,1.0,1,rolling-calibration,5
AI4I,17,DTCG-always-roll,9,0.07931501188662488,0.9587403077969117,0.6847878696162173,50.0,0.0,0.94,0.06,0.0,0.0,0.0,0.0,1.0,1,rolling-calibration,5
AI4I,17,DTCG-always-roll,10,0.07987976751242819,0.9587403077969117,0.6847878696162173,50.0,1.0,0.94,0.06,1.0,1.0,0.0,0.0,1.0,1,rolling-calibration,5
AI4I,17,DTCG-always-roll,11,0.08058954474582902,0.9587403077969117,0.6847878696162173,50.0,1.0,0.94,0.06,0.0,0.0,1.0,1.0,1.0,1,rolling-calibration,5
AI4I,17,DTCG-always-roll,12,0.08103091987014835,0.9587403077969117,0.6847878696162173,50.0,2.0,0.9,0.1,0.5,1.0,1.0,0.5,1.0,1,rolling-calibration,5
AI4I,17,DTCG-always-roll,13,0.08171011978046032,0.9587403077969117,0.6847878696162173,50.0,1.0,0.98,0.02,0.0,0.0,1.0,1.0,1.0,1,rolling-calibration,5
AI4I,17,DTCG-always-roll,14,0.08171011978046032,0.9587403077969117,0.6847878696162173,50.0,0.0,1.0,0.0,0.0,0.0,0.0,0.0,1.0,1,rolling-calibration,5
AI4I,17,DTCG-always-roll,15,0.08171011978046032,0.9587403077969117,0.6847878696162173,50.0,0.0,0.98,0.02,0.0,0.0,0.0,0.0,1.0,1,rolling-calibration,5
AI4I,17,DTCG-always-roll,16,0.08182771149730901,0.9587403077969117,0.6847878696162173,50.0,1.0,0.92,0.08,0.0,0.0,1.0,1.0,1.0,1,rolling-calibration,5
AI4I,17,DTCG-always-roll,17,0.08256448371717721,0.9587403077969117,0.6847878696162173,50.0,0.0,0.98,0.02,0.0,0.0,0.0,0.0,1.0,1,rolling-calibration,5
AI4I,17,DTCG-always-roll,18,0.08256448371717721,0.9587403077969117,0.6847878696162173,50.0,1.0,0.96,0.04,0.0,0.0,1.0,1.0,1.0,1,rolling-calibration,5
AI4I,17,DTCG-always-roll,19,0.08303425708106821,0.9587403077969117,0.6847878696162173,50.0,0.0,0.98,0.02,0.0,0.0,0.0,0.0,1.0,1,rolling-calibration,5
AI4I,17,DTCG-always-roll,20,0.08396409988159285,0.9587403077969117,0.6847878696162173,50.0,4.0,0.86,0.14,0.25,1.0,3.0,0.75,1.0,1,rolling-calibration,5
AI4I,17,DTCG-always-roll,21,0.0848371082558523,0.9587403077969117,0.6847878696162173,50.0,1.0,0.96,0.04,0.0,0.0,1.0,1.0,1.0,1,rolling-calibration,5
AI4I,17,DTCG-always-roll,22,0.0850226640594068,0.9587403077969117,0.6847878696162173,50.0,0.0,1.0,0.0,0.0,0.0,0.0,0.0,1.0,1,rolling-calibration,5
AI4I,17,DTCG-always-roll,23,0.0850226640594068,0.9587403077969117,0.6847878696162173,50.0,2.0,0.94,0.06,0.5,1.0,1.0,0.5,1.0,1,rolling-calibration,5
AI4I,17,DTCG-always-roll,24,0.08600991919081516,0.9587403077969117,0.6847878696162173,50.0,0.0,0.96,0.04,0.0,0.0,0.0,0.0,1.0,1,rolling-calibration,5
AI4I,17,DTCG-always-roll,25,0.08629970243105152,0.9587403077969117,0.6847878696162173,50.0,0.0,0.96,0.04,0.0,0.0,0.0,0.0,1.0,1,rolling-calibration,5
AI4I,17,DTCG-always-roll,26,0.08689801841777074,0.9587403077969117,0.6847878696162173,50.0,0.0,0.96,0.04,0.0,0.0,0.0,0.0,1.0,1,rolling-calibration,5
AI4I,17,DTCG-always-roll,27,0.08739197656538585,0.9587403077969117,0.6847878696162173,50.0,0.0,1.0,0.0,0.0,0.0,0.0,0.0,1.0,1,rolling-calibration,5
AI4I,17,DTCG-always-roll,28,0.08739197656538585,0.9587403077969117,0.6847878696162173,50.0,1.0,0.98,0.02,0.0,0.0,1.0,1.0,1.0,1,rolling-calibration,5
AI4I,17,DTCG-always-roll,29,0.08739197656538585,0.9587403077969117,0.6847878696162173,50.0,1.0,0.92,0.08,0.0,0.0,1.0,1.0,0.9999687656171914,1,rolling-calibration,5
AI4I,17,DTCG-always-roll,30,0.0885193783653118,0.9587403077969117,0.6847878696162173,50.0,0.0,0.98,0.02,0.0,0.0,0.0,0.0,0.996723297510404,1,rolling-calibration,5
AI4I,17,DTCG-always-roll,31,0.08952941111494912,0.9587403077969117,0.6847878696162173,50.0,1.0,0.98,0.02,1.0,1.0,0.0,0.0,0.9929268109718326,1,rolling-calibration,5
AI4I,17,DTCG-always-roll,32,0.08952941111494912,0.9587403077969117,0.6847878696162173,50.0,1.0,0.98,0.02,0.0,0.0,1.0,1.0,1.0,1,rolling-calibration,5
AI4I,17,DTCG-always-roll,33,0.08952941111494912,0.9587403077969117,0.6847878696162173,50.0,6.0,0.68,0.32,0.0,0.0,6.0,1.0,1.0,1,rolling-calibration,5
AI4I,17,DTCG-always-roll,34,0.09199379836932563,0.9587403077969117,0.6847878696162173,50.0,0.0,0.98,0.02,0.0,0.0,0.0,0.0,1.0,1,rolling-calibration,5
AI4I,17,DTCG-always-roll,35,0.09345570727267263,0.9587403077969117,0.6847878696162173,50.0,2.0,0.96,0.04,0.0,0.0,2.0,1.0,1.0,1,rolling-calibration,5
AI4I,17,DTCG-always-roll,36,0.09345570727267263,0.9587403077969117,0.6847878696162173,50.0,2.0,0.84,0.16,0.0,0.0,2.0,1.0,1.0,1,rolling-calibration,5
AI4I,17,DTCG-always-roll,37,0.09613738888562415,0.9587403077969117,0.6847878696162173,50.0,0.0,0.98,0.02,0.0,0.0,0.0,0.0,1.0,1,rolling-calibration,5
AI4I,17,DTCG-always-roll,38,0.09673281480237887,0.9587403077969117,0.6847878696162173,50.0,0.0,0.96,0.04,0.0,0.0,0.0,0.0,1.0,1,rolling-calibration,5
AI4I,17,DTCG-always-roll,39,0.09806391367829144,0.9587403077969117,0.6847878696162173,50.0,1.0,0.98,0.02,0.0,0.0,1.0,1.0,1.0,1,rolling-calibration,5
AI4I,17,DTCG-min-failures-1,0,0.0,0.9587403077969117,0.6847878696162173,50.0,1.0,0.0,1.0,0.0,0.0,1.0,1.0,0.9352701817700936,1,first-shift-hold,1
AI4I,17,DTCG-min-failures-1,1,0.05408218736233905,0.9587403077969117,0.6847878696162173,50.0,0.0,0.92,0.08,0.0,0.0,0.0,0.0,0.9010387272359228,1,shifted-rolling-calibration,1
AI4I,17,DTCG-min-failures-1,2,0.05408218736233905,0.9587403077969117,0.6847878696162173,50.0,1.0,0.86,0.14,1.0,1.0,0.0,0.0,0.9276239816851864,1,shifted-rolling-calibration,1
AI4I,17,DTCG-min-failures-1,3,0.05408218736233905,0.9587403077969117,0.6847878696162173,50.0,3.0,0.78,0.22,0.0,0.0,3.0,1.0,0.9949746134705126,1,shifted-rolling-calibration,1
AI4I,17,DTCG-min-failures-1,4,0.05408218736233905,0.9587403077969117,0.6847878696162173,50.0,1.0,0.84,0.16,0.0,0.0,1.0,1.0,1.0,1,shifted-rolling-calibration,1
AI4I,17,DTCG-min-failures-1,5,0.05408218736233905,0.9587403077969117,0.6847878696162173,50.0,0.0,0.78,0.22,0.0,0.0,0.0,0.0,1.0,1,shifted-rolling-calibration,1
AI4I,17,DTCG-min-failures-1,6,0.05408218736233905,0.9587403077969117,0.6847878696162173,50.0,1.0,0.92,0.08,0.0,0.0,1.0,1.0,1.0,1,shifted-rolling-calibration,1
AI4I,17,DTCG-min-failures-1,7,0.05408218736233905,0.9587403077969117,0.6847878696162173,50.0,2.0,0.8,0.2,0.0,0.0,2.0,1.0,1.0,1,shifted-rolling-calibration,1
AI4I,17,DTCG-min-failures-1,8,0.05408218736233905,0.9587403077969117,0.6847878696162173,50.0,1.0,0.86,0.14,0.0,0.0,1.0,1.0,1.0,1,shifted-rolling-calibration,1
AI4I,17,DTCG-min-failures-1,9,0.05408218736233905,0.9587403077969117,0.6847878696162173,50.0,0.0,0.92,0.08,0.0,0.0,0.0,0.0,1.0,1,shifted-rolling-calibration,1
AI4I,17,DTCG-min-failures-1,10,0.05408218736233905,0.9587403077969117,0.6847878696162173,50.0,1.0,0.94,0.06,1.0,1.0,0.0,0.0,1.0,1,shifted-rolling-calibration,1
AI4I,17,DTCG-min-failures-1,11,0.05408218736233905,0.9587403077969117,0.6847878696162173,50.0,1.0,0.94,0.06,0.0,0.0,1.0,1.0,1.0,1,shifted-rolling-calibration,1
AI4I,17,DTCG-min-failures-1,12,0.05408218736233905,0.9587403077969117,0.6847878696162173,50.0,2.0,0.88,0.12,0.0,0.0,2.0,1.0,1.0,1,shifted-rolling-calibration,1
AI4I,17,DTCG-min-failures-1,13,0.05408218736233905,0.9587403077969117,0.6847878696162173,50.0,1.0,0.94,0.06,0.0,0.0,1.0,1.0,1.0,1,shifted-rolling-calibration,1
AI4I,17,DTCG-min-failures-1,14,0.05408218736233905,0.9587403077969117,0.6847878696162173,50.0,0.0,0.98,0.02,0.0,0.0,0.0,0.0,1.0,1,shifted-rolling-calibration,1
AI4I,17,DTCG-min-failures-1,15,0.05408218736233905,0.9587403077969117,0.6847878696162173,50.0,0.0,0.94,0.06,0.0,0.0,0.0,0.0,1.0,1,shifted-rolling-calibration,1
AI4I,17,DTCG-min-failures-1,16,0.05408218736233905,0.9587403077969117,0.6847878696162173,50.0,1.0,0.92,0.08,0.0,0.0,1.0,1.0,1.0,1,shifted-rolling-calibration,1
AI4I,17,DTCG-min-failures-1,17,0.05408218736233905,0.9587403077969117,0.6847878696162173,50.0,0.0,0.98,0.02,0.0,0.0,0.0,0.0,1.0,1,shifted-rolling-calibration,1
AI4I,17,DTCG-min-failures-1,18,0.05408218736233905,0.9587403077969117,0.6847878696162173,50.0,1.0,0.92,0.08,0.0,0.0,1.0,1.0,1.0,1,shifted-rolling-calibration,1
AI4I,17,DTCG-min-failures-1,19,0.05408218736233905,0.9587403077969117,0.6847878696162173,50.0,0.0,0.96,0.04,0.0,0.0,0.0,0.0,1.0,1,shifted-rolling-calibration,1
AI4I,17,DTCG-min-failures-1,20,0.05408218736233905,0.9587403077969117,0.6847878696162173,50.0,4.0,0.86,0.14,0.25,1.0,3.0,0.75,1.0,1,shifted-rolling-calibration,1
AI4I,17,DTCG-min-failures-1,21,0.05408218736233905,0.9587403077969117,0.6847878696162173,50.0,1.0,0.96,0.04,0.0,0.0,1.0,1.0,1.0,1,shifted-rolling-calibration,1
AI4I,17,DTCG-min-failures-1,22,0.05408218736233905,0.9587403077969117,0.6847878696162173,50.0,0.0,1.0,0.0,0.0,0.0,0.0,0.0,1.0,1,shifted-rolling-calibration,1
AI4I,17,DTCG-min-failures-1,23,0.05408218736233905,0.9587403077969117,0.6847878696162173,50.0,2.0,0.94,0.06,0.5,1.0,1.0,0.5,1.0,1,shifted-rolling-calibration,1
AI4I,17,DTCG-min-failures-1,24,0.05408218736233905,0.9587403077969117,0.6847878696162173,50.0,0.0,0.96,0.04,0.0,0.0,0.0,0.0,1.0,1,shifted-rolling-calibration,1
AI4I,17,DTCG-min-failures-1,25,0.05408218736233905,0.9587403077969117,0.6847878696162173,50.0,0.0,0.96,0.04,0.0,0.0,0.0,0.0,1.0,1,shifted-rolling-calibration,1
AI4I,17,DTCG-min-failures-1,26,0.05408218736233905,0.9587403077969117,0.6847878696162173,50.0,0.0,0.92,0.08,0.0,0.0,0.0,0.0,1.0,1,shifted-rolling-calibration,1
AI4I,17,DTCG-min-failures-1,27,0.05408218736233905,0.9587403077969117,0.6847878696162173,50.0,0.0,1.0,0.0,0.0,0.0,0.0,0.0,1.0,1,shifted-rolling-calibration,1
AI4I,17,DTCG-min-failures-1,28,0.05408218736233905,0.9587403077969117,0.6847878696162173,50.0,1.0,0.94,0.06,0.0,0.0,1.0,1.0,1.0,1,shifted-rolling-calibration,1
AI4I,17,DTCG-min-failures-1,29,0.05408218736233905,0.9587403077969117,0.6847878696162173,50.0,1.0,0.84,0.16,0.0,0.0,1.0,1.0,0.9999687656171914,1,shifted-rolling-calibration,1
AI4I,17,DTCG-min-failures-1,30,0.05408218736233905,0.9587403077969117,0.6847878696162173,50.0,0.0,0.92,0.08,0.0,0.0,0.0,0.0,0.996723297510404,1,shifted-rolling-calibration,1
AI4I,17,DTCG-min-failures-1,31,0.05408218736233905,0.9587403077969117,0.6847878696162173,50.0,1.0,0.8,0.2,1.0,1.0,0.0,0.0,0.9929268109718326,1,shifted-rolling-calibration,1
AI4I,17,DTCG-min-failures-1,32,0.05408218736233905,0.9587403077969117,0.6847878696162173,50.0,1.0,0.94,0.06,0.0,0.0,1.0,1.0,1.0,1,shifted-rolling-calibration,1
AI4I,17,DTCG-min-failures-1,33,0.05408218736233905,0.9587403077969117,0.6847878696162173,50.0,6.0,0.58,0.42,0.0,0.0,6.0,1.0,1.0,1,shifted-rolling-calibration,1
AI4I,17,DTCG-min-failures-1,34,0.05408218736233905,0.9587403077969117,0.6847878696162173,50.0,0.0,0.92,0.08,0.0,0.0,0.0,0.0,1.0,1,shifted-rolling-calibration,1
AI4I,17,DTCG-min-failures-1,35,0.05408218736233905,0.9587403077969117,0.6847878696162173,50.0,2.0,0.94,0.06,0.0,0.0,2.0,1.0,1.0,1,shifted-rolling-calibration,1
AI4I,17,DTCG-min-failures-1,36,0.05408218736233905,0.9587403077969117,0.6847878696162173,50.0,2.0,0.76,0.24,0.0,0.0,2.0,1.0,1.0,1,shifted-rolling-calibration,1
AI4I,17,DTCG-min-failures-1,37,0.05408218736233905,0.9587403077969117,0.6847878696162173,50.0,0.0,0.98,0.02,0.0,0.0,0.0,0.0,1.0,1,shifted-rolling-calibration,1
AI4I,17,DTCG-min-failures-1,38,0.05408218736233905,0.9587403077969117,0.6847878696162173,50.0,0.0,0.96,0.04,0.0,0.0,0.0,0.0,1.0,1,shifted-rolling-calibration,1
AI4I,17,DTCG-min-failures-1,39,0.05408218736233905,0.9587403077969117,0.6847878696162173,50.0,1.0,0.92,0.08,0.0,0.0,1.0,1.0,1.0,1,shifted-rolling-calibration,1
AI4I,17,DTCG-min-failures-10,0,0.0,0.9587403077969117,0.6847878696162173,50.0,1.0,0.0,1.0,0.0,0.0,1.0,1.0,0.9352701817700936,1,first-shift-hold,10
AI4I,17,DTCG-min-failures-10,1,0.05408218736233905,0.9587403077969117,0.6847878696162173,50.0,0.0,0.92,0.08,0.0,0.0,0.0,0.0,0.9010387272359228,1,shifted-base-calibration,10
AI4I,17,DTCG-min-failures-10,2,0.05408218736233905,0.9587403077969117,0.6847878696162173,50.0,1.0,0.86,0.14,1.0,1.0,0.0,0.0,0.9276239816851864,1,shifted-base-calibration,10
AI4I,17,DTCG-min-failures-10,3,0.05408218736233905,0.9587403077969117,0.6847878696162173,50.0,3.0,0.78,0.22,0.0,0.0,3.0,1.0,0.9949746134705126,1,shifted-base-calibration,10
AI4I,17,DTCG-min-failures-10,4,0.05408218736233905,0.9587403077969117,0.6847878696162173,50.0,1.0,0.84,0.16,0.0,0.0,1.0,1.0,1.0,1,shifted-base-calibration,10
AI4I,17,DTCG-min-failures-10,5,0.05408218736233905,0.9587403077969117,0.6847878696162173,50.0,0.0,0.78,0.22,0.0,0.0,0.0,0.0,1.0,1,shifted-base-calibration,10
AI4I,17,DTCG-min-failures-10,6,0.05408218736233905,0.9587403077969117,0.6847878696162173,50.0,1.0,0.92,0.08,0.0,0.0,1.0,1.0,1.0,1,shifted-base-calibration,10
AI4I,17,DTCG-min-failures-10,7,0.05408218736233905,0.9587403077969117,0.6847878696162173,50.0,2.0,0.8,0.2,0.0,0.0,2.0,1.0,1.0,1,shifted-base-calibration,10
AI4I,17,DTCG-min-failures-10,8,0.05408218736233905,0.9587403077969117,0.6847878696162173,50.0,1.0,0.86,0.14,0.0,0.0,1.0,1.0,1.0,1,shifted-base-calibration,10
AI4I,17,DTCG-min-failures-10,9,0.05408218736233905,0.9587403077969117,0.6847878696162173,50.0,0.0,0.92,0.08,0.0,0.0,0.0,0.0,1.0,1,shifted-base-calibration,10
AI4I,17,DTCG-min-failures-10,10,0.05408218736233905,0.9587403077969117,0.6847878696162173,50.0,1.0,0.94,0.06,1.0,1.0,0.0,0.0,1.0,1,shifted-base-calibration,10
AI4I,17,DTCG-min-failures-10,11,0.05408218736233905,0.9587403077969117,0.6847878696162173,50.0,1.0,0.94,0.06,0.0,0.0,1.0,1.0,1.0,1,shifted-base-calibration,10
AI4I,17,DTCG-min-failures-10,12,0.05408218736233905,0.9587403077969117,0.6847878696162173,50.0,2.0,0.88,0.12,0.0,0.0,2.0,1.0,1.0,1,shifted-rolling-calibration,10
AI4I,17,DTCG-min-failures-10,13,0.05408218736233905,0.9587403077969117,0.6847878696162173,50.0,1.0,0.94,0.06,0.0,0.0,1.0,1.0,1.0,1,shifted-rolling-calibration,10
AI4I,17,DTCG-min-failures-10,14,0.05408218736233905,0.9587403077969117,0.6847878696162173,50.0,0.0,0.98,0.02,0.0,0.0,0.0,0.0,1.0,1,shifted-rolling-calibration,10
AI4I,17,DTCG-min-failures-10,15,0.05408218736233905,0.9587403077969117,0.6847878696162173,50.0,0.0,0.94,0.06,0.0,0.0,0.0,0.0,1.0,1,shifted-rolling-calibration,10
AI4I,17,DTCG-min-failures-10,16,0.05408218736233905,0.9587403077969117,0.6847878696162173,50.0,1.0,0.92,0.08,0.0,0.0,1.0,1.0,1.0,1,shifted-rolling-calibration,10
AI4I,17,DTCG-min-failures-10,17,0.05408218736233905,0.9587403077969117,0.6847878696162173,50.0,0.0,0.98,0.02,0.0,0.0,0.0,0.0,1.0,1,shifted-rolling-calibration,10
AI4I,17,DTCG-min-failures-10,18,0.05408218736233905,0.9587403077969117,0.6847878696162173,50.0,1.0,0.92,0.08,0.0,0.0,1.0,1.0,1.0,1,shifted-rolling-calibration,10
AI4I,17,DTCG-min-failures-10,19,0.05408218736233905,0.9587403077969117,0.6847878696162173,50.0,0.0,0.96,0.04,0.0,0.0,0.0,0.0,1.0,1,shifted-rolling-calibration,10
AI4I,17,DTCG-min-failures-10,20,0.05408218736233905,0.9587403077969117,0.6847878696162173,50.0,4.0,0.86,0.14,0.25,1.0,3.0,0.75,1.0,1,shifted-rolling-calibration,10
AI4I,17,DTCG-min-failures-10,21,0.05408218736233905,0.9587403077969117,0.6847878696162173,50.0,1.0,0.96,0.04,0.0,0.0,1.0,1.0,1.0,1,shifted-rolling-calibration,10
AI4I,17,DTCG-min-failures-10,22,0.05408218736233905,0.9587403077969117,0.6847878696162173,50.0,0.0,1.0,0.0,0.0,0.0,0.0,0.0,1.0,1,shifted-rolling-calibration,10
AI4I,17,DTCG-min-failures-10,23,0.05408218736233905,0.9587403077969117,0.6847878696162173,50.0,2.0,0.94,0.06,0.5,1.0,1.0,0.5,1.0,1,shifted-rolling-calibration,10
AI4I,17,DTCG-min-failures-10,24,0.05408218736233905,0.9587403077969117,0.6847878696162173,50.0,0.0,0.96,0.04,0.0,0.0,0.0,0.0,1.0,1,shifted-rolling-calibration,10
AI4I,17,DTCG-min-failures-10,25,0.05408218736233905,0.9587403077969117,0.6847878696162173,50.0,0.0,0.96,0.04,0.0,0.0,0.0,0.0,1.0,1,shifted-rolling-calibration,10
AI4I,17,DTCG-min-failures-10,26,0.05408218736233905,0.9587403077969117,0.6847878696162173,50.0,0.0,0.92,0.08,0.0,0.0,0.0,0.0,1.0,1,shifted-rolling-calibration,10
AI4I,17,DTCG-min-failures-10,27,0.05408218736233905,0.9587403077969117,0.6847878696162173,50.0,0.0,1.0,0.0,0.0,0.0,0.0,0.0,1.0,1,shifted-rolling-calibration,10
AI4I,17,DTCG-min-failures-10,28,0.05408218736233905,0.9587403077969117,0.6847878696162173,50.0,1.0,0.94,0.06,0.0,0.0,1.0,1.0,1.0,1,shifted-rolling-calibration,10
AI4I,17,DTCG-min-failures-10,29,0.05408218736233905,0.9587403077969117,0.6847878696162173,50.0,1.0,0.84,0.16,0.0,0.0,1.0,1.0,0.9999687656171914,1,shifted-rolling-calibration,10
AI4I,17,DTCG-min-failures-10,30,0.05408218736233905,0.9587403077969117,0.6847878696162173,50.0,0.0,0.92,0.08,0.0,0.0,0.0,0.0,0.996723297510404,1,shifted-rolling-calibration,10
AI4I,17,DTCG-min-failures-10,31,0.05408218736233905,0.9587403077969117,0.6847878696162173,50.0,1.0,0.8,0.2,1.0,1.0,0.0,0.0,0.9929268109718326,1,shifted-rolling-calibration,10
AI4I,17,DTCG-min-failures-10,32,0.05408218736233905,0.9587403077969117,0.6847878696162173,50.0,1.0,0.94,0.06,0.0,0.0,1.0,1.0,1.0,1,shifted-rolling-calibration,10
AI4I,17,DTCG-min-failures-10,33,0.05408218736233905,0.9587403077969117,0.6847878696162173,50.0,6.0,0.58,0.42,0.0,0.0,6.0,1.0,1.0,1,shifted-rolling-calibration,10
AI4I,17,DTCG-min-failures-10,34,0.05408218736233905,0.9587403077969117,0.6847878696162173,50.0,0.0,0.92,0.08,0.0,0.0,0.0,0.0,1.0,1,shifted-rolling-calibration,10
AI4I,17,DTCG-min-failures-10,35,0.05408218736233905,0.9587403077969117,0.6847878696162173,50.0,2.0,0.94,0.06,0.0,0.0,2.0,1.0,1.0,1,shifted-rolling-calibration,10
AI4I,17,DTCG-min-failures-10,36,0.05408218736233905,0.9587403077969117,0.6847878696162173,50.0,2.0,0.76,0.24,0.0,0.0,2.0,1.0,1.0,1,shifted-rolling-calibration,10
AI4I,17,DTCG-min-failures-10,37,0.05408218736233905,0.9587403077969117,0.6847878696162173,50.0,0.0,0.98,0.02,0.0,0.0,0.0,0.0,1.0,1,shifted-rolling-calibration,10
AI4I,17,DTCG-min-failures-10,38,0.05408218736233905,0.9587403077969117,0.6847878696162173,50.0,0.0,0.96,0.04,0.0,0.0,0.0,0.0,1.0,1,shifted-rolling-calibration,10
AI4I,17,DTCG-min-failures-10,39,0.05408218736233905,0.9587403077969117,0.6847878696162173,50.0,1.0,0.92,0.08,0.0,0.0,1.0,1.0,1.0,1,shifted-rolling-calibration,10
AI4I,27,DTCG-no-first-shift-hold,0,0.04761066779272205,0.9561448240693524,0.6839142939752005,50.0,1.0,0.72,0.28,0.0,0.0,1.0,1.0,0.9303690375709514,1,shifted-base-calibration,5
AI4I,27,DTCG-no-first-shift-hold,1,0.04761066779272205,0.9561448240693524,0.6839142939752005,50.0,0.0,0.9,0.1,0.0,0.0,0.0,0.0,0.9053447408516196,1,shifted-base-calibration,5
AI4I,27,DTCG-no-first-shift-hold,2,0.04761066779272205,0.9561448240693524,0.6839142939752005,50.0,1.0,0.8,0.2,1.0,1.0,0.0,0.0,0.9281729255492374,1,shifted-base-calibration,5
AI4I,27,DTCG-no-first-shift-hold,3,0.04761066779272205,0.9561448240693524,0.6839142939752005,50.0,3.0,0.74,0.26,0.0,0.0,3.0,1.0,0.9930607033526163,1,shifted-base-calibration,5
AI4I,27,DTCG-no-first-shift-hold,4,0.04761066779272205,0.9561448240693524,0.6839142939752005,50.0,1.0,0.78,0.22,0.0,0.0,1.0,1.0,1.0,1,shifted-base-calibration,5
AI4I,27,DTCG-no-first-shift-hold,5,0.04761066779272205,0.9561448240693524,0.6839142939752005,50.0,0.0,0.74,0.26,0.0,0.0,0.0,0.0,1.0,1,shifted-rolling-calibration,5
AI4I,27,DTCG-no-first-shift-hold,6,0.04761066779272205,0.9561448240693524,0.6839142939752005,50.0,1.0,0.9,0.1,0.0,0.0,1.0,1.0,1.0,1,shifted-rolling-calibration,5
AI4I,27,DTCG-no-first-shift-hold,7,0.04761066779272205,0.9561448240693524,0.6839142939752005,50.0,2.0,0.8,0.2,0.0,0.0,2.0,1.0,1.0,1,shifted-rolling-calibration,5
AI4I,27,DTCG-no-first-shift-hold,8,0.04761066779272205,0.9561448240693524,0.6839142939752005,50.0,1.0,0.86,0.14,0.0,0.0,1.0,1.0,1.0,1,shifted-rolling-calibration,5
AI4I,27,DTCG-no-first-shift-hold,9,0.04761066779272205,0.9561448240693524,0.6839142939752005,50.0,0.0,0.92,0.08,0.0,0.0,0.0,0.0,1.0,1,shifted-rolling-calibration,5
AI4I,27,DTCG-no-first-shift-hold,10,0.04761066779272205,0.9561448240693524,0.6839142939752005,50.0,1.0,0.94,0.06,1.0,1.0,0.0,0.0,1.0,1,shifted-rolling-calibration,5
AI4I,27,DTCG-no-first-shift-hold,11,0.04761066779272205,0.9561448240693524,0.6839142939752005,50.0,1.0,0.94,0.06,0.0,0.0,1.0,1.0,1.0,1,shifted-rolling-calibration,5
AI4I,27,DTCG-no-first-shift-hold,12,0.04761066779272205,0.9561448240693524,0.6839142939752005,50.0,2.0,0.86,0.14,0.5,1.0,1.0,0.5,1.0,1,shifted-rolling-calibration,5
AI4I,27,DTCG-no-first-shift-hold,13,0.04761066779272205,0.9561448240693524,0.6839142939752005,50.0,1.0,0.96,0.04,0.0,0.0,1.0,1.0,1.0,1,shifted-rolling-calibration,5
AI4I,27,DTCG-no-first-shift-hold,14,0.04761066779272205,0.9561448240693524,0.6839142939752005,50.0,0.0,0.98,0.02,0.0,0.0,0.0,0.0,1.0,1,shifted-rolling-calibration,5
AI4I,27,DTCG-no-first-shift-hold,15,0.04761066779272205,0.9561448240693524,0.6839142939752005,50.0,0.0,0.92,0.08,0.0,0.0,0.0,0.0,1.0,1,shifted-rolling-calibration,5
AI4I,27,DTCG-no-first-shift-hold,16,0.04761066779272205,0.9561448240693524,0.6839142939752005,50.0,1.0,0.92,0.08,0.0,0.0,1.0,1.0,1.0,1,shifted-rolling-calibration,5
AI4I,27,DTCG-no-first-shift-hold,17,0.04761066779272205,0.9561448240693524,0.6839142939752005,50.0,0.0,0.98,0.02,0.0,0.0,0.0,0.0,1.0,1,shifted-rolling-calibration,5
AI4I,27,DTCG-no-first-shift-hold,18,0.04761066779272205,0.9561448240693524,0.6839142939752005,50.0,1.0,0.94,0.06,0.0,0.0,1.0,1.0,1.0,1,shifted-rolling-calibration,5
AI4I,27,DTCG-no-first-shift-hold,19,0.04761066779272205,0.9561448240693524,0.6839142939752005,50.0,0.0,0.94,0.06,0.0,0.0,0.0,0.0,1.0,1,shifted-rolling-calibration,5
AI4I,27,DTCG-no-first-shift-hold,20,0.04761066779272205,0.9561448240693524,0.6839142939752005,50.0,4.0,0.86,0.14,0.25,1.0,3.0,0.75,1.0,1,shifted-rolling-calibration,5
AI4I,27,DTCG-no-first-shift-hold,21,0.04761066779272205,0.9561448240693524,0.6839142939752005,50.0,1.0,0.96,0.04,0.0,0.0,1.0,1.0,1.0,1,shifted-rolling-calibration,5
AI4I,27,DTCG-no-first-shift-hold,22,0.04761066779272205,0.9561448240693524,0.6839142939752005,50.0,0.0,1.0,0.0,0.0,0.0,0.0,0.0,1.0,1,shifted-rolling-calibration,5
AI4I,27,DTCG-no-first-shift-hold,23,0.04761066779272205,0.9561448240693524,0.6839142939752005,50.0,2.0,0.94,0.06,0.5,1.0,1.0,0.5,1.0,1,shifted-rolling-calibration,5
AI4I,27,DTCG-no-first-shift-hold,24,0.04761066779272205,0.9561448240693524,0.6839142939752005,50.0,0.0,0.96,0.04,0.0,0.0,0.0,0.0,1.0,1,shifted-rolling-calibration,5
AI4I,27,DTCG-no-first-shift-hold,25,0.04761066779272205,0.9561448240693524,0.6839142939752005,50.0,0.0,0.96,0.04,0.0,0.0,0.0,0.0,1.0,1,shifted-rolling-calibration,5
AI4I,27,DTCG-no-first-shift-hold,26,0.04761066779272205,0.9561448240693524,0.6839142939752005,50.0,0.0,0.9,0.1,0.0,0.0,0.0,0.0,1.0,1,shifted-rolling-calibration,5
AI4I,27,DTCG-no-first-shift-hold,27,0.04761066779272205,0.9561448240693524,0.6839142939752005,50.0,0.0,0.98,0.02,0.0,0.0,0.0,0.0,1.0,1,shifted-rolling-calibration,5
AI4I,27,DTCG-no-first-shift-hold,28,0.04761066779272205,0.9561448240693524,0.6839142939752005,50.0,1.0,0.92,0.08,0.0,0.0,1.0,1.0,1.0,1,shifted-rolling-calibration,5
AI4I,27,DTCG-no-first-shift-hold,29,0.04761066779272205,0.9561448240693524,0.6839142939752005,50.0,1.0,0.84,0.16,0.0,0.0,1.0,1.0,0.9999687656171914,1,shifted-rolling-calibration,5
AI4I,27,DTCG-no-first-shift-hold,30,0.04761066779272205,0.9561448240693524,0.6839142939752005,50.0,0.0,0.9,0.1,0.0,0.0,0.0,0.0,0.9970879689990723,1,shifted-rolling-calibration,5
AI4I,27,DTCG-no-first-shift-hold,31,0.04761066779272205,0.9561448240693524,0.6839142939752005,50.0,1.0,0.8,0.2,1.0,1.0,0.0,0.0,0.9925268939015742,1,shifted-rolling-calibration,5
AI4I,27,DTCG-no-first-shift-hold,32,0.04761066779272205,0.9561448240693524,0.6839142939752005,50.0,1.0,0.9,0.1,0.0,0.0,1.0,1.0,1.0,1,shifted-rolling-calibration,5
AI4I,27,DTCG-no-first-shift-hold,33,0.04761066779272205,0.9561448240693524,0.6839142939752005,50.0,6.0,0.56,0.44,0.0,0.0,6.0,1.0,1.0,1,shifted-rolling-calibration,5
AI4I,27,DTCG-no-first-shift-hold,34,0.04761066779272205,0.9561448240693524,0.6839142939752005,50.0,0.0,0.86,0.14,0.0,0.0,0.0,0.0,1.0,1,shifted-rolling-calibration,5
AI4I,27,DTCG-no-first-shift-hold,35,0.04761066779272205,0.9561448240693524,0.6839142939752005,50.0,2.0,0.92,0.08,0.0,0.0,2.0,1.0,1.0,1,shifted-rolling-calibration,5
AI4I,27,DTCG-no-first-shift-hold,36,0.04761066779272205,0.9561448240693524,0.6839142939752005,50.0,2.0,0.76,0.24,0.0,0.0,2.0,1.0,1.0,1,shifted-rolling-calibration,5
AI4I,27,DTCG-no-first-shift-hold,37,0.04761066779272205,0.9561448240693524,0.6839142939752005,50.0,0.0,0.98,0.02,0.0,0.0,0.0,0.0,1.0,1,shifted-rolling-calibration,5
AI4I,27,DTCG-no-first-shift-hold,38,0.04761066779272205,0.9561448240693524,0.6839142939752005,50.0,0.0,0.96,0.04,0.0,0.0,0.0,0.0,1.0,1,shifted-rolling-calibration,5
AI4I,27,DTCG-no-first-shift-hold,39,0.04761066779272205,0.9561448240693524,0.6839142939752005,50.0,1.0,0.94,0.06,0.0,0.0,1.0,1.0,1.0,1,shifted-rolling-calibration,5
AI4I,27,DTCG-no-rolling,0,0.0,0.9561448240693524,0.6839142939752005,50.0,1.0,0.0,1.0,0.0,0.0,1.0,1.0,0.9303690375709514,1,first-shift-hold,5
AI4I,27,DTCG-no-rolling,1,0.04761066779272205,0.9561448240693524,0.6839142939752005,50.0,0.0,0.9,0.1,0.0,0.0,0.0,0.0,0.9053447408516196,1,shifted-base-calibration,5
AI4I,27,DTCG-no-rolling,2,0.04761066779272205,0.9561448240693524,0.6839142939752005,50.0,1.0,0.8,0.2,1.0,1.0,0.0,0.0,0.9281729255492374,1,shifted-base-calibration,5
AI4I,27,DTCG-no-rolling,3,0.04761066779272205,0.9561448240693524,0.6839142939752005,50.0,3.0,0.74,0.26,0.0,0.0,3.0,1.0,0.9930607033526163,1,shifted-base-calibration,5
AI4I,27,DTCG-no-rolling,4,0.04761066779272205,0.9561448240693524,0.6839142939752005,50.0,1.0,0.78,0.22,0.0,0.0,1.0,1.0,1.0,1,shifted-base-calibration,5
AI4I,27,DTCG-no-rolling,5,0.04761066779272205,0.9561448240693524,0.6839142939752005,50.0,0.0,0.74,0.26,0.0,0.0,0.0,0.0,1.0,1,shifted-base-calibration,5
AI4I,27,DTCG-no-rolling,6,0.04761066779272205,0.9561448240693524,0.6839142939752005,50.0,1.0,0.9,0.1,0.0,0.0,1.0,1.0,1.0,1,shifted-base-calibration,5
AI4I,27,DTCG-no-rolling,7,0.04761066779272205,0.9561448240693524,0.6839142939752005,50.0,2.0,0.8,0.2,0.0,0.0,2.0,1.0,1.0,1,shifted-base-calibration,5
AI4I,27,DTCG-no-rolling,8,0.04761066779272205,0.9561448240693524,0.6839142939752005,50.0,1.0,0.86,0.14,0.0,0.0,1.0,1.0,1.0,1,shifted-base-calibration,5
AI4I,27,DTCG-no-rolling,9,0.04761066779272205,0.9561448240693524,0.6839142939752005,50.0,0.0,0.92,0.08,0.0,0.0,0.0,0.0,1.0,1,shifted-base-calibration,5
AI4I,27,DTCG-no-rolling,10,0.04761066779272205,0.9561448240693524,0.6839142939752005,50.0,1.0,0.94,0.06,1.0,1.0,0.0,0.0,1.0,1,shifted-base-calibration,5
AI4I,27,DTCG-no-rolling,11,0.04761066779272205,0.9561448240693524,0.6839142939752005,50.0,1.0,0.94,0.06,0.0,0.0,1.0,1.0,1.0,1,shifted-base-calibration,5
AI4I,27,DTCG-no-rolling,12,0.04761066779272205,0.9561448240693524,0.6839142939752005,50.0,2.0,0.86,0.14,0.5,1.0,1.0,0.5,1.0,1,shifted-base-calibration,5
AI4I,27,DTCG-no-rolling,13,0.04761066779272205,0.9561448240693524,0.6839142939752005,50.0,1.0,0.96,0.04,0.0,0.0,1.0,1.0,1.0,1,shifted-base-calibration,5
AI4I,27,DTCG-no-rolling,14,0.04761066779272205,0.9561448240693524,0.6839142939752005,50.0,0.0,0.98,0.02,0.0,0.0,0.0,0.0,1.0,1,shifted-base-calibration,5
AI4I,27,DTCG-no-rolling,15,0.04761066779272205,0.9561448240693524,0.6839142939752005,50.0,0.0,0.92,0.08,0.0,0.0,0.0,0.0,1.0,1,shifted-base-calibration,5
AI4I,27,DTCG-no-rolling,16,0.04761066779272205,0.9561448240693524,0.6839142939752005,50.0,1.0,0.92,0.08,0.0,0.0,1.0,1.0,1.0,1,shifted-base-calibration,5
AI4I,27,DTCG-no-rolling,17,0.04761066779272205,0.9561448240693524,0.6839142939752005,50.0,0.0,0.98,0.02,0.0,0.0,0.0,0.0,1.0,1,shifted-base-calibration,5
AI4I,27,DTCG-no-rolling,18,0.04761066779272205,0.9561448240693524,0.6839142939752005,50.0,1.0,0.94,0.06,0.0,0.0,1.0,1.0,1.0,1,shifted-base-calibration,5
AI4I,27,DTCG-no-rolling,19,0.04761066779272205,0.9561448240693524,0.6839142939752005,50.0,0.0,0.94,0.06,0.0,0.0,0.0,0.0,1.0,1,shifted-base-calibration,5
AI4I,27,DTCG-no-rolling,20,0.04761066779272205,0.9561448240693524,0.6839142939752005,50.0,4.0,0.86,0.14,0.25,1.0,3.0,0.75,1.0,1,shifted-base-calibration,5
AI4I,27,DTCG-no-rolling,21,0.04761066779272205,0.9561448240693524,0.6839142939752005,50.0,1.0,0.96,0.04,0.0,0.0,1.0,1.0,1.0,1,shifted-base-calibration,5
AI4I,27,DTCG-no-rolling,22,0.04761066779272205,0.9561448240693524,0.6839142939752005,50.0,0.0,1.0,0.0,0.0,0.0,0.0,0.0,1.0,1,shifted-base-calibration,5
AI4I,27,DTCG-no-rolling,23,0.04761066779272205,0.9561448240693524,0.6839142939752005,50.0,2.0,0.94,0.06,0.5,1.0,1.0,0.5,1.0,1,shifted-base-calibration,5
AI4I,27,DTCG-no-rolling,24,0.04761066779272205,0.9561448240693524,0.6839142939752005,50.0,0.0,0.96,0.04,0.0,0.0,0.0,0.0,1.0,1,shifted-base-calibration,5
AI4I,27,DTCG-no-rolling,25,0.04761066779272205,0.9561448240693524,0.6839142939752005,50.0,0.0,0.96,0.04,0.0,0.0,0.0,0.0,1.0,1,shifted-base-calibration,5
AI4I,27,DTCG-no-rolling,26,0.04761066779272205,0.9561448240693524,0.6839142939752005,50.0,0.0,0.9,0.1,0.0,0.0,0.0,0.0,1.0,1,shifted-base-calibration,5
AI4I,27,DTCG-no-rolling,27,0.04761066779272205,0.9561448240693524,0.6839142939752005,50.0,0.0,0.98,0.02,0.0,0.0,0.0,0.0,1.0,1,shifted-base-calibration,5
AI4I,27,DTCG-no-rolling,28,0.04761066779272205,0.9561448240693524,0.6839142939752005,50.0,1.0,0.92,0.08,0.0,0.0,1.0,1.0,1.0,1,shifted-base-calibration,5
AI4I,27,DTCG-no-rolling,29,0.04761066779272205,0.9561448240693524,0.6839142939752005,50.0,1.0,0.84,0.16,0.0,0.0,1.0,1.0,0.9999687656171914,1,shifted-base-calibration,5
AI4I,27,DTCG-no-rolling,30,0.04761066779272205,0.9561448240693524,0.6839142939752005,50.0,0.0,0.9,0.1,0.0,0.0,0.0,0.0,0.9970879689990723,1,shifted-base-calibration,5
AI4I,27,DTCG-no-rolling,31,0.04761066779272205,0.9561448240693524,0.6839142939752005,50.0,1.0,0.8,0.2,1.0,1.0,0.0,0.0,0.9925268939015742,1,shifted-base-calibration,5
AI4I,27,DTCG-no-rolling,32,0.04761066779272205,0.9561448240693524,0.6839142939752005,50.0,1.0,0.9,0.1,0.0,0.0,1.0,1.0,1.0,1,shifted-base-calibration,5
AI4I,27,DTCG-no-rolling,33,0.04761066779272205,0.9561448240693524,0.6839142939752005,50.0,6.0,0.56,0.44,0.0,0.0,6.0,1.0,1.0,1,shifted-base-calibration,5
AI4I,27,DTCG-no-rolling,34,0.04761066779272205,0.9561448240693524,0.6839142939752005,50.0,0.0,0.86,0.14,0.0,0.0,0.0,0.0,1.0,1,shifted-base-calibration,5
AI4I,27,DTCG-no-rolling,35,0.04761066779272205,0.9561448240693524,0.6839142939752005,50.0,2.0,0.92,0.08,0.0,0.0,2.0,1.0,1.0,1,shifted-base-calibration,5
AI4I,27,DTCG-no-rolling,36,0.04761066779272205,0.9561448240693524,0.6839142939752005,50.0,2.0,0.76,0.24,0.0,0.0,2.0,1.0,1.0,1,shifted-base-calibration,5
AI4I,27,DTCG-no-rolling,37,0.04761066779272205,0.9561448240693524,0.6839142939752005,50.0,0.0,0.98,0.02,0.0,0.0,0.0,0.0,1.0,1,shifted-base-calibration,5
AI4I,27,DTCG-no-rolling,38,0.04761066779272205,0.9561448240693524,0.6839142939752005,50.0,0.0,0.96,0.04,0.0,0.0,0.0,0.0,1.0,1,shifted-base-calibration,5
AI4I,27,DTCG-no-rolling,39,0.04761066779272205,0.9561448240693524,0.6839142939752005,50.0,1.0,0.94,0.06,0.0,0.0,1.0,1.0,1.0,1,shifted-base-calibration,5
AI4I,27,DTCG-always-roll,0,0.04761066779272205,0.9561448240693524,0.6839142939752005,50.0,1.0,0.72,0.28,0.0,0.0,1.0,1.0,0.9303690375709514,1,stable,5
AI4I,27,DTCG-always-roll,1,0.04761066779272205,0.9561448240693524,0.6839142939752005,50.0,0.0,0.9,0.1,0.0,0.0,0.0,0.0,0.9053447408516196,1,stable,5
AI4I,27,DTCG-always-roll,2,0.04761066779272205,0.9561448240693524,0.6839142939752005,50.0,1.0,0.8,0.2,1.0,1.0,0.0,0.0,0.9281729255492374,1,stable,5
AI4I,27,DTCG-always-roll,3,0.04761066779272205,0.9561448240693524,0.6839142939752005,50.0,3.0,0.74,0.26,0.0,0.0,3.0,1.0,0.9930607033526163,1,stable,5
AI4I,27,DTCG-always-roll,4,0.04761066779272205,0.9561448240693524,0.6839142939752005,50.0,1.0,0.78,0.22,0.0,0.0,1.0,1.0,1.0,1,stable,5
AI4I,27,DTCG-always-roll,5,0.07555043840690899,0.9561448240693524,0.6839142939752005,50.0,0.0,0.8,0.2,0.0,0.0,0.0,0.0,1.0,1,rolling-calibration,5
AI4I,27,DTCG-always-roll,6,0.0779685656999267,0.9561448240693524,0.6839142939752005,50.0,1.0,0.96,0.04,0.0,0.0,1.0,1.0,1.0,1,rolling-calibration,5
AI4I,27,DTCG-always-roll,7,0.07814516237515937,0.9561448240693524,0.6839142939752005,50.0,2.0,0.84,0.16,0.0,0.0,2.0,1.0,1.0,1,rolling-calibration,5
AI4I,27,DTCG-always-roll,8,0.07919531799369298,0.9561448240693524,0.6839142939752005,50.0,1.0,0.88,0.12,0.0,0.0,1.0,1.0,1.0,1,rolling-calibration,5
AI4I,27,DTCG-always-roll,9,0.08034530677119174,0.9561448240693524,0.6839142939752005,50.0,0.0,0.94,0.06,0.0,0.0,0.0,0.0,1.0,1,rolling-calibration,5
AI4I,27,DTCG-always-roll,10,0.08160672917821339,0.9561448240693524,0.6839142939752005,50.0,1.0,0.94,0.06,1.0,1.0,0.0,0.0,1.0,1,rolling-calibration,5
AI4I,27,DTCG-always-roll,11,0.08232904208198323,0.9561448240693524,0.6839142939752005,50.0,1.0,0.94,0.06,0.0,0.0,1.0,1.0,1.0,1,rolling-calibration,5
AI4I,27,DTCG-always-roll,12,0.08257464290048466,0.9561448240693524,0.6839142939752005,50.0,2.0,0.9,0.1,0.5,1.0,1.0,0.5,1.0,1,rolling-calibration,5
AI4I,27,DTCG-always-roll,13,0.08339795743300384,0.9561448240693524,0.6839142939752005,50.0,1.0,0.98,0.02,0.0,0.0,1.0,1.0,1.0,1,rolling-calibration,5
AI4I,27,DTCG-always-roll,14,0.08339795743300384,0.9561448240693524,0.6839142939752005,50.0,0.0,1.0,0.0,0.0,0.0,0.0,0.0,1.0,1,rolling-calibration,5
AI4I,27,DTCG-always-roll,15,0.08339795743300384,0.9561448240693524,0.6839142939752005,50.0,0.0,0.98,0.02,0.0,0.0,0.0,0.0,1.0,1,rolling-calibration,5
AI4I,27,DTCG-always-roll,16,0.08364182107937222,0.9561448240693524,0.6839142939752005,50.0,1.0,0.94,0.06,0.0,0.0,1.0,1.0,1.0,1,rolling-calibration,5
AI4I,27,DTCG-always-roll,17,0.08378361616267226,0.9561448240693524,0.6839142939752005,50.0,0.0,0.98,0.02,0.0,0.0,0.0,0.0,1.0,1,rolling-calibration,5
AI4I,27,DTCG-always-roll,18,0.08394029183328243,0.9561448240693524,0.6839142939752005,50.0,1.0,0.96,0.04,0.0,0.0,1.0,1.0,1.0,1,rolling-calibration,5
AI4I,27,DTCG-always-roll,19,0.08395205540852597,0.9561448240693524,0.6839142939752005,50.0,0.0,0.98,0.02,0.0,0.0,0.0,0.0,1.0,1,rolling-calibration,5
AI4I,27,DTCG-always-roll,20,0.08402066026706506,0.9561448240693524,0.6839142939752005,50.0,4.0,0.86,0.14,0.25,1.0,3.0,0.75,1.0,1,rolling-calibration,5
AI4I,27,DTCG-always-roll,21,0.08574147195769484,0.9561448240693524,0.6839142939752005,50.0,1.0,0.96,0.04,0.0,0.0,1.0,1.0,1.0,1,rolling-calibration,5
AI4I,27,DTCG-always-roll,22,0.0863683150286246,0.9561448240693524,0.6839142939752005,50.0,0.0,1.0,0.0,0.0,0.0,0.0,0.0,1.0,1,rolling-calibration,5
AI4I,27,DTCG-always-roll,23,0.0863683150286246,0.9561448240693524,0.6839142939752005,50.0,2.0,0.94,0.06,0.5,1.0,1.0,0.5,1.0,1,rolling-calibration,5
AI4I,27,DTCG-always-roll,24,0.08640415881332283,0.9561448240693524,0.6839142939752005,50.0,0.0,0.96,0.04,0.0,0.0,0.0,0.0,1.0,1,rolling-calibration,5
AI4I,27,DTCG-always-roll,25,0.08786346795733789,0.9561448240693524,0.6839142939752005,50.0,0.0,0.96,0.04,0.0,0.0,0.0,0.0,1.0,1,rolling-calibration,5
AI4I,27,DTCG-always-roll,26,0.08846547120986016,0.9561448240693524,0.6839142939752005,50.0,0.0,0.96,0.04,0.0,0.0,0.0,0.0,1.0,1,rolling-calibration,5
AI4I,27,DTCG-always-roll,27,0.08967581516522688,0.9561448240693524,0.6839142939752005,50.0,0.0,1.0,0.0,0.0,0.0,0.0,0.0,1.0,1,rolling-calibration,5
AI4I,27,DTCG-always-roll,28,0.08967581516522688,0.9561448240693524,0.6839142939752005,50.0,1.0,0.98,0.02,0.0,0.0,1.0,1.0,1.0,1,rolling-calibration,5
AI4I,27,DTCG-always-roll,29,0.08967581516522688,0.9561448240693524,0.6839142939752005,50.0,1.0,0.92,0.08,0.0,0.0,1.0,1.0,0.9999687656171914,1,rolling-calibration,5
AI4I,27,DTCG-always-roll,30,0.09072302224139721,0.9561448240693524,0.6839142939752005,50.0,0.0,0.98,0.02,0.0,0.0,0.0,0.0,0.9970879689990723,1,rolling-calibration,5
AI4I,27,DTCG-always-roll,31,0.09108488114320039,0.9561448240693524,0.6839142939752005,50.0,1.0,0.98,0.02,1.0,1.0,0.0,0.0,0.9925268939015742,1,rolling-calibration,5
AI4I,27,DTCG-always-roll,32,0.09122989405503334,0.9561448240693524,0.6839142939752005,50.0,1.0,0.98,0.02,0.0,0.0,1.0,1.0,1.0,1,rolling-calibration,5
AI4I,27,DTCG-always-roll,33,0.09122989405503334,0.9561448240693524,0.6839142939752005,50.0,6.0,0.68,0.32,0.0,0.0,6.0,1.0,1.0,1,rolling-calibration,5
AI4I,27,DTCG-always-roll,34,0.09501007112260856,0.9561448240693524,0.6839142939752005,50.0,0.0,0.96,0.04,0.0,0.0,0.0,0.0,1.0,1,rolling-calibration,5
AI4I,27,DTCG-always-roll,35,0.09635619043495197,0.9561448240693524,0.6839142939752005,50.0,2.0,0.96,0.04,0.0,0.0,2.0,1.0,1.0,1,rolling-calibration,5
AI4I,27,DTCG-always-roll,36,0.09635619043495197,0.9561448240693524,0.6839142939752005,50.0,2.0,0.86,0.14,0.0,0.0,2.0,1.0,1.0,1,rolling-calibration,5
AI4I,27,DTCG-always-roll,37,0.09809870741472942,0.9561448240693524,0.6839142939752005,50.0,0.0,0.98,0.02,0.0,0.0,0.0,0.0,1.0,1,rolling-calibration,5
AI4I,27,DTCG-always-roll,38,0.09809870741472942,0.9561448240693524,0.6839142939752005,50.0,0.0,0.96,0.04,0.0,0.0,0.0,0.0,1.0,1,rolling-calibration,5
AI4I,27,DTCG-always-roll,39,0.09859565697918228,0.9561448240693524,0.6839142939752005,50.0,1.0,0.98,0.02,0.0,0.0,1.0,1.0,1.0,1,rolling-calibration,5
AI4I,27,DTCG-min-failures-1,0,0.0,0.9561448240693524,0.6839142939752005,50.0,1.0,0.0,1.0,0.0,0.0,1.0,1.0,0.9303690375709514,1,first-shift-hold,1
AI4I,27,DTCG-min-failures-1,1,0.04761066779272205,0.9561448240693524,0.6839142939752005,50.0,0.0,0.9,0.1,0.0,0.0,0.0,0.0,0.9053447408516196,1,shifted-rolling-calibration,1
AI4I,27,DTCG-min-failures-1,2,0.04761066779272205,0.9561448240693524,0.6839142939752005,50.0,1.0,0.8,0.2,1.0,1.0,0.0,0.0,0.9281729255492374,1,shifted-rolling-calibration,1
AI4I,27,DTCG-min-failures-1,3,0.04761066779272205,0.9561448240693524,0.6839142939752005,50.0,3.0,0.74,0.26,0.0,0.0,3.0,1.0,0.9930607033526163,1,shifted-rolling-calibration,1
AI4I,27,DTCG-min-failures-1,4,0.04761066779272205,0.9561448240693524,0.6839142939752005,50.0,1.0,0.78,0.22,0.0,0.0,1.0,1.0,1.0,1,shifted-rolling-calibration,1
AI4I,27,DTCG-min-failures-1,5,0.04761066779272205,0.9561448240693524,0.6839142939752005,50.0,0.0,0.74,0.26,0.0,0.0,0.0,0.0,1.0,1,shifted-rolling-calibration,1
AI4I,27,DTCG-min-failures-1,6,0.04761066779272205,0.9561448240693524,0.6839142939752005,50.0,1.0,0.9,0.1,0.0,0.0,1.0,1.0,1.0,1,shifted-rolling-calibration,1
AI4I,27,DTCG-min-failures-1,7,0.04761066779272205,0.9561448240693524,0.6839142939752005,50.0,2.0,0.8,0.2,0.0,0.0,2.0,1.0,1.0,1,shifted-rolling-calibration,1
AI4I,27,DTCG-min-failures-1,8,0.04761066779272205,0.9561448240693524,0.6839142939752005,50.0,1.0,0.86,0.14,0.0,0.0,1.0,1.0,1.0,1,shifted-rolling-calibration,1
AI4I,27,DTCG-min-failures-1,9,0.04761066779272205,0.9561448240693524,0.6839142939752005,50.0,0.0,0.92,0.08,0.0,0.0,0.0,0.0,1.0,1,shifted-rolling-calibration,1
AI4I,27,DTCG-min-failures-1,10,0.04761066779272205,0.9561448240693524,0.6839142939752005,50.0,1.0,0.94,0.06,1.0,1.0,0.0,0.0,1.0,1,shifted-rolling-calibration,1
AI4I,27,DTCG-min-failures-1,11,0.04761066779272205,0.9561448240693524,0.6839142939752005,50.0,1.0,0.94,0.06,0.0,0.0,1.0,1.0,1.0,1,shifted-rolling-calibration,1
AI4I,27,DTCG-min-failures-1,12,0.04761066779272205,0.9561448240693524,0.6839142939752005,50.0,2.0,0.86,0.14,0.5,1.0,1.0,0.5,1.0,1,shifted-rolling-calibration,1
AI4I,27,DTCG-min-failures-1,13,0.04761066779272205,0.9561448240693524,0.6839142939752005,50.0,1.0,0.96,0.04,0.0,0.0,1.0,1.0,1.0,1,shifted-rolling-calibration,1
AI4I,27,DTCG-min-failures-1,14,0.04761066779272205,0.9561448240693524,0.6839142939752005,50.0,0.0,0.98,0.02,0.0,0.0,0.0,0.0,1.0,1,shifted-rolling-calibration,1
AI4I,27,DTCG-min-failures-1,15,0.04761066779272205,0.9561448240693524,0.6839142939752005,50.0,0.0,0.92,0.08,0.0,0.0,0.0,0.0,1.0,1,shifted-rolling-calibration,1
AI4I,27,DTCG-min-failures-1,16,0.04761066779272205,0.9561448240693524,0.6839142939752005,50.0,1.0,0.92,0.08,0.0,0.0,1.0,1.0,1.0,1,shifted-rolling-calibration,1
AI4I,27,DTCG-min-failures-1,17,0.04761066779272205,0.9561448240693524,0.6839142939752005,50.0,0.0,0.98,0.02,0.0,0.0,0.0,0.0,1.0,1,shifted-rolling-calibration,1
AI4I,27,DTCG-min-failures-1,18,0.04761066779272205,0.9561448240693524,0.6839142939752005,50.0,1.0,0.94,0.06,0.0,0.0,1.0,1.0,1.0,1,shifted-rolling-calibration,1
AI4I,27,DTCG-min-failures-1,19,0.04761066779272205,0.9561448240693524,0.6839142939752005,50.0,0.0,0.94,0.06,0.0,0.0,0.0,0.0,1.0,1,shifted-rolling-calibration,1
AI4I,27,DTCG-min-failures-1,20,0.04761066779272205,0.9561448240693524,0.6839142939752005,50.0,4.0,0.86,0.14,0.25,1.0,3.0,0.75,1.0,1,shifted-rolling-calibration,1
AI4I,27,DTCG-min-failures-1,21,0.04761066779272205,0.9561448240693524,0.6839142939752005,50.0,1.0,0.96,0.04,0.0,0.0,1.0,1.0,1.0,1,shifted-rolling-calibration,1
AI4I,27,DTCG-min-failures-1,22,0.04761066779272205,0.9561448240693524,0.6839142939752005,50.0,0.0,1.0,0.0,0.0,0.0,0.0,0.0,1.0,1,shifted-rolling-calibration,1
AI4I,27,DTCG-min-failures-1,23,0.04761066779272205,0.9561448240693524,0.6839142939752005,50.0,2.0,0.94,0.06,0.5,1.0,1.0,0.5,1.0,1,shifted-rolling-calibration,1
AI4I,27,DTCG-min-failures-1,24,0.04761066779272205,0.9561448240693524,0.6839142939752005,50.0,0.0,0.96,0.04,0.0,0.0,0.0,0.0,1.0,1,shifted-rolling-calibration,1
AI4I,27,DTCG-min-failures-1,25,0.04761066779272205,0.9561448240693524,0.6839142939752005,50.0,0.0,0.96,0.04,0.0,0.0,0.0,0.0,1.0,1,shifted-rolling-calibration,1
AI4I,27,DTCG-min-failures-1,26,0.04761066779272205,0.9561448240693524,0.6839142939752005,50.0,0.0,0.9,0.1,0.0,0.0,0.0,0.0,1.0,1,shifted-rolling-calibration,1
AI4I,27,DTCG-min-failures-1,27,0.04761066779272205,0.9561448240693524,0.6839142939752005,50.0,0.0,0.98,0.02,0.0,0.0,0.0,0.0,1.0,1,shifted-rolling-calibration,1
AI4I,27,DTCG-min-failures-1,28,0.04761066779272205,0.9561448240693524,0.6839142939752005,50.0,1.0,0.92,0.08,0.0,0.0,1.0,1.0,1.0,1,shifted-rolling-calibration,1
AI4I,27,DTCG-min-failures-1,29,0.04761066779272205,0.9561448240693524,0.6839142939752005,50.0,1.0,0.84,0.16,0.0,0.0,1.0,1.0,0.9999687656171914,1,shifted-rolling-calibration,1
AI4I,27,DTCG-min-failures-1,30,0.04761066779272205,0.9561448240693524,0.6839142939752005,50.0,0.0,0.9,0.1,0.0,0.0,0.0,0.0,0.9970879689990723,1,shifted-rolling-calibration,1
AI4I,27,DTCG-min-failures-1,31,0.04761066779272205,0.9561448240693524,0.6839142939752005,50.0,1.0,0.8,0.2,1.0,1.0,0.0,0.0,0.9925268939015742,1,shifted-rolling-calibration,1
AI4I,27,DTCG-min-failures-1,32,0.04761066779272205,0.9561448240693524,0.6839142939752005,50.0,1.0,0.9,0.1,0.0,0.0,1.0,1.0,1.0,1,shifted-rolling-calibration,1
AI4I,27,DTCG-min-failures-1,33,0.04761066779272205,0.9561448240693524,0.6839142939752005,50.0,6.0,0.56,0.44,0.0,0.0,6.0,1.0,1.0,1,shifted-rolling-calibration,1
AI4I,27,DTCG-min-failures-1,34,0.04761066779272205,0.9561448240693524,0.6839142939752005,50.0,0.0,0.86,0.14,0.0,0.0,0.0,0.0,1.0,1,shifted-rolling-calibration,1
AI4I,27,DTCG-min-failures-1,35,0.04761066779272205,0.9561448240693524,0.6839142939752005,50.0,2.0,0.92,0.08,0.0,0.0,2.0,1.0,1.0,1,shifted-rolling-calibration,1
AI4I,27,DTCG-min-failures-1,36,0.04761066779272205,0.9561448240693524,0.6839142939752005,50.0,2.0,0.76,0.24,0.0,0.0,2.0,1.0,1.0,1,shifted-rolling-calibration,1
AI4I,27,DTCG-min-failures-1,37,0.04761066779272205,0.9561448240693524,0.6839142939752005,50.0,0.0,0.98,0.02,0.0,0.0,0.0,0.0,1.0,1,shifted-rolling-calibration,1
AI4I,27,DTCG-min-failures-1,38,0.04761066779272205,0.9561448240693524,0.6839142939752005,50.0,0.0,0.96,0.04,0.0,0.0,0.0,0.0,1.0,1,shifted-rolling-calibration,1
AI4I,27,DTCG-min-failures-1,39,0.04761066779272205,0.9561448240693524,0.6839142939752005,50.0,1.0,0.94,0.06,0.0,0.0,1.0,1.0,1.0,1,shifted-rolling-calibration,1
AI4I,27,DTCG-min-failures-10,0,0.0,0.9561448240693524,0.6839142939752005,50.0,1.0,0.0,1.0,0.0,0.0,1.0,1.0,0.9303690375709514,1,first-shift-hold,10
AI4I,27,DTCG-min-failures-10,1,0.04761066779272205,0.9561448240693524,0.6839142939752005,50.0,0.0,0.9,0.1,0.0,0.0,0.0,0.0,0.9053447408516196,1,shifted-base-calibration,10
AI4I,27,DTCG-min-failures-10,2,0.04761066779272205,0.9561448240693524,0.6839142939752005,50.0,1.0,0.8,0.2,1.0,1.0,0.0,0.0,0.9281729255492374,1,shifted-base-calibration,10
AI4I,27,DTCG-min-failures-10,3,0.04761066779272205,0.9561448240693524,0.6839142939752005,50.0,3.0,0.74,0.26,0.0,0.0,3.0,1.0,0.9930607033526163,1,shifted-base-calibration,10
AI4I,27,DTCG-min-failures-10,4,0.04761066779272205,0.9561448240693524,0.6839142939752005,50.0,1.0,0.78,0.22,0.0,0.0,1.0,1.0,1.0,1,shifted-base-calibration,10
AI4I,27,DTCG-min-failures-10,5,0.04761066779272205,0.9561448240693524,0.6839142939752005,50.0,0.0,0.74,0.26,0.0,0.0,0.0,0.0,1.0,1,shifted-base-calibration,10
AI4I,27,DTCG-min-failures-10,6,0.04761066779272205,0.9561448240693524,0.6839142939752005,50.0,1.0,0.9,0.1,0.0,0.0,1.0,1.0,1.0,1,shifted-base-calibration,10
AI4I,27,DTCG-min-failures-10,7,0.04761066779272205,0.9561448240693524,0.6839142939752005,50.0,2.0,0.8,0.2,0.0,0.0,2.0,1.0,1.0,1,shifted-base-calibration,10
AI4I,27,DTCG-min-failures-10,8,0.04761066779272205,0.9561448240693524,0.6839142939752005,50.0,1.0,0.86,0.14,0.0,0.0,1.0,1.0,1.0,1,shifted-base-calibration,10
AI4I,27,DTCG-min-failures-10,9,0.04761066779272205,0.9561448240693524,0.6839142939752005,50.0,0.0,0.92,0.08,0.0,0.0,0.0,0.0,1.0,1,shifted-base-calibration,10
AI4I,27,DTCG-min-failures-10,10,0.04761066779272205,0.9561448240693524,0.6839142939752005,50.0,1.0,0.94,0.06,1.0,1.0,0.0,0.0,1.0,1,shifted-base-calibration,10
AI4I,27,DTCG-min-failures-10,11,0.04761066779272205,0.9561448240693524,0.6839142939752005,50.0,1.0,0.94,0.06,0.0,0.0,1.0,1.0,1.0,1,shifted-base-calibration,10
AI4I,27,DTCG-min-failures-10,12,0.04761066779272205,0.9561448240693524,0.6839142939752005,50.0,2.0,0.86,0.14,0.5,1.0,1.0,0.5,1.0,1,shifted-rolling-calibration,10
AI4I,27,DTCG-min-failures-10,13,0.04761066779272205,0.9561448240693524,0.6839142939752005,50.0,1.0,0.96,0.04,0.0,0.0,1.0,1.0,1.0,1,shifted-rolling-calibration,10
AI4I,27,DTCG-min-failures-10,14,0.04761066779272205,0.9561448240693524,0.6839142939752005,50.0,0.0,0.98,0.02,0.0,0.0,0.0,0.0,1.0,1,shifted-rolling-calibration,10
AI4I,27,DTCG-min-failures-10,15,0.04761066779272205,0.9561448240693524,0.6839142939752005,50.0,0.0,0.92,0.08,0.0,0.0,0.0,0.0,1.0,1,shifted-rolling-calibration,10
AI4I,27,DTCG-min-failures-10,16,0.04761066779272205,0.9561448240693524,0.6839142939752005,50.0,1.0,0.92,0.08,0.0,0.0,1.0,1.0,1.0,1,shifted-rolling-calibration,10
AI4I,27,DTCG-min-failures-10,17,0.04761066779272205,0.9561448240693524,0.6839142939752005,50.0,0.0,0.98,0.02,0.0,0.0,0.0,0.0,1.0,1,shifted-rolling-calibration,10
AI4I,27,DTCG-min-failures-10,18,0.04761066779272205,0.9561448240693524,0.6839142939752005,50.0,1.0,0.94,0.06,0.0,0.0,1.0,1.0,1.0,1,shifted-rolling-calibration,10
AI4I,27,DTCG-min-failures-10,19,0.04761066779272205,0.9561448240693524,0.6839142939752005,50.0,0.0,0.94,0.06,0.0,0.0,0.0,0.0,1.0,1,shifted-rolling-calibration,10
AI4I,27,DTCG-min-failures-10,20,0.04761066779272205,0.9561448240693524,0.6839142939752005,50.0,4.0,0.86,0.14,0.25,1.0,3.0,0.75,1.0,1,shifted-rolling-calibration,10
AI4I,27,DTCG-min-failures-10,21,0.04761066779272205,0.9561448240693524,0.6839142939752005,50.0,1.0,0.96,0.04,0.0,0.0,1.0,1.0,1.0,1,shifted-rolling-calibration,10
AI4I,27,DTCG-min-failures-10,22,0.04761066779272205,0.9561448240693524,0.6839142939752005,50.0,0.0,1.0,0.0,0.0,0.0,0.0,0.0,1.0,1,shifted-rolling-calibration,10
AI4I,27,DTCG-min-failures-10,23,0.04761066779272205,0.9561448240693524,0.6839142939752005,50.0,2.0,0.94,0.06,0.5,1.0,1.0,0.5,1.0,1,shifted-rolling-calibration,10
AI4I,27,DTCG-min-failures-10,24,0.04761066779272205,0.9561448240693524,0.6839142939752005,50.0,0.0,0.96,0.04,0.0,0.0,0.0,0.0,1.0,1,shifted-rolling-calibration,10
AI4I,27,DTCG-min-failures-10,25,0.04761066779272205,0.9561448240693524,0.6839142939752005,50.0,0.0,0.96,0.04,0.0,0.0,0.0,0.0,1.0,1,shifted-rolling-calibration,10
AI4I,27,DTCG-min-failures-10,26,0.04761066779272205,0.9561448240693524,0.6839142939752005,50.0,0.0,0.9,0.1,0.0,0.0,0.0,0.0,1.0,1,shifted-rolling-calibration,10
AI4I,27,DTCG-min-failures-10,27,0.04761066779272205,0.9561448240693524,0.6839142939752005,50.0,0.0,0.98,0.02,0.0,0.0,0.0,0.0,1.0,1,shifted-rolling-calibration,10
AI4I,27,DTCG-min-failures-10,28,0.04761066779272205,0.9561448240693524,0.6839142939752005,50.0,1.0,0.92,0.08,0.0,0.0,1.0,1.0,1.0,1,shifted-rolling-calibration,10
AI4I,27,DTCG-min-failures-10,29,0.04761066779272205,0.9561448240693524,0.6839142939752005,50.0,1.0,0.84,0.16,0.0,0.0,1.0,1.0,0.9999687656171914,1,shifted-rolling-calibration,10
AI4I,27,DTCG-min-failures-10,30,0.04761066779272205,0.9561448240693524,0.6839142939752005,50.0,0.0,0.9,0.1,0.0,0.0,0.0,0.0,0.9970879689990723,1,shifted-rolling-calibration,10
AI4I,27,DTCG-min-failures-10,31,0.04761066779272205,0.9561448240693524,0.6839142939752005,50.0,1.0,0.8,0.2,1.0,1.0,0.0,0.0,0.9925268939015742,1,shifted-rolling-calibration,10
AI4I,27,DTCG-min-failures-10,32,0.04761066779272205,0.9561448240693524,0.6839142939752005,50.0,1.0,0.9,0.1,0.0,0.0,1.0,1.0,1.0,1,shifted-rolling-calibration,10
AI4I,27,DTCG-min-failures-10,33,0.04761066779272205,0.9561448240693524,0.6839142939752005,50.0,6.0,0.56,0.44,0.0,0.0,6.0,1.0,1.0,1,shifted-rolling-calibration,10
AI4I,27,DTCG-min-failures-10,34,0.04761066779272205,0.9561448240693524,0.6839142939752005,50.0,0.0,0.86,0.14,0.0,0.0,0.0,0.0,1.0,1,shifted-rolling-calibration,10
AI4I,27,DTCG-min-failures-10,35,0.04761066779272205,0.9561448240693524,0.6839142939752005,50.0,2.0,0.92,0.08,0.0,0.0,2.0,1.0,1.0,1,shifted-rolling-calibration,10
AI4I,27,DTCG-min-failures-10,36,0.04761066779272205,0.9561448240693524,0.6839142939752005,50.0,2.0,0.76,0.24,0.0,0.0,2.0,1.0,1.0,1,shifted-rolling-calibration,10
AI4I,27,DTCG-min-failures-10,37,0.04761066779272205,0.9561448240693524,0.6839142939752005,50.0,0.0,0.98,0.02,0.0,0.0,0.0,0.0,1.0,1,shifted-rolling-calibration,10
AI4I,27,DTCG-min-failures-10,38,0.04761066779272205,0.9561448240693524,0.6839142939752005,50.0,0.0,0.96,0.04,0.0,0.0,0.0,0.0,1.0,1,shifted-rolling-calibration,10
AI4I,27,DTCG-min-failures-10,39,0.04761066779272205,0.9561448240693524,0.6839142939752005,50.0,1.0,0.94,0.06,0.0,0.0,1.0,1.0,1.0,1,shifted-rolling-calibration,10
AI4I,37,DTCG-no-first-shift-hold,0,0.07000922341303228,0.953130924829038,0.6947760139744521,50.0,1.0,0.84,0.16,0.0,0.0,1.0,1.0,0.9326966915323472,1,shifted-base-calibration,5
AI4I,37,DTCG-no-first-shift-hold,1,0.07000922341303228,0.953130924829038,0.6947760139744521,50.0,0.0,0.94,0.06,0.0,0.0,0.0,0.0,0.8766365194456296,1,shifted-base-calibration,5
AI4I,37,DTCG-no-first-shift-hold,2,0.07000922341303228,0.953130924829038,0.6947760139744521,50.0,1.0,0.88,0.12,1.0,1.0,0.0,0.0,0.9340422473359681,1,shifted-base-calibration,5
AI4I,37,DTCG-no-first-shift-hold,3,0.07000922341303228,0.953130924829038,0.6947760139744521,50.0,3.0,0.78,0.22,0.0,0.0,3.0,1.0,0.992996275886081,1,shifted-base-calibration,5
AI4I,37,DTCG-no-first-shift-hold,4,0.07000922341303228,0.953130924829038,0.6947760139744521,50.0,1.0,0.86,0.14,0.0,0.0,1.0,1.0,1.0,1,shifted-base-calibration,5
AI4I,37,DTCG-no-first-shift-hold,5,0.07000922341303228,0.953130924829038,0.6947760139744521,50.0,0.0,0.78,0.22,0.0,0.0,0.0,0.0,1.0,1,shifted-rolling-calibration,5
AI4I,37,DTCG-no-first-shift-hold,6,0.07000922341303228,0.953130924829038,0.6947760139744521,50.0,1.0,0.94,0.06,0.0,0.0,1.0,1.0,1.0,1,shifted-rolling-calibration,5
AI4I,37,DTCG-no-first-shift-hold,7,0.07000922341303228,0.953130924829038,0.6947760139744521,50.0,2.0,0.84,0.16,0.0,0.0,2.0,1.0,1.0,1,shifted-rolling-calibration,5
AI4I,37,DTCG-no-first-shift-hold,8,0.07000922341303228,0.953130924829038,0.6947760139744521,50.0,1.0,0.88,0.12,0.0,0.0,1.0,1.0,1.0,1,shifted-rolling-calibration,5
AI4I,37,DTCG-no-first-shift-hold,9,0.07000922341303228,0.953130924829038,0.6947760139744521,50.0,0.0,0.92,0.08,0.0,0.0,0.0,0.0,1.0,1,shifted-rolling-calibration,5
AI4I,37,DTCG-no-first-shift-hold,10,0.07000922341303228,0.953130924829038,0.6947760139744521,50.0,1.0,0.94,0.06,1.0,1.0,0.0,0.0,1.0,1,shifted-rolling-calibration,5
AI4I,37,DTCG-no-first-shift-hold,11,0.07000922341303228,0.953130924829038,0.6947760139744521,50.0,1.0,0.94,0.06,0.0,0.0,1.0,1.0,1.0,1,shifted-rolling-calibration,5
AI4I,37,DTCG-no-first-shift-hold,12,0.07000922341303228,0.953130924829038,0.6947760139744521,50.0,2.0,0.9,0.1,0.5,1.0,1.0,0.5,1.0,1,shifted-rolling-calibration,5
AI4I,37,DTCG-no-first-shift-hold,13,0.07000922341303228,0.953130924829038,0.6947760139744521,50.0,1.0,0.96,0.04,0.0,0.0,1.0,1.0,1.0,1,shifted-rolling-calibration,5
AI4I,37,DTCG-no-first-shift-hold,14,0.07000922341303228,0.953130924829038,0.6947760139744521,50.0,0.0,1.0,0.0,0.0,0.0,0.0,0.0,1.0,1,shifted-rolling-calibration,5
AI4I,37,DTCG-no-first-shift-hold,15,0.07000922341303228,0.953130924829038,0.6947760139744521,50.0,0.0,0.98,0.02,0.0,0.0,0.0,0.0,1.0,1,shifted-rolling-calibration,5
AI4I,37,DTCG-no-first-shift-hold,16,0.07000922341303228,0.953130924829038,0.6947760139744521,50.0,1.0,0.92,0.08,0.0,0.0,1.0,1.0,1.0,1,shifted-rolling-calibration,5
AI4I,37,DTCG-no-first-shift-hold,17,0.07000922341303228,0.953130924829038,0.6947760139744521,50.0,0.0,0.98,0.02,0.0,0.0,0.0,0.0,1.0,1,shifted-rolling-calibration,5
AI4I,37,DTCG-no-first-shift-hold,18,0.07000922341303228,0.953130924829038,0.6947760139744521,50.0,1.0,0.96,0.04,0.0,0.0,1.0,1.0,1.0,1,shifted-rolling-calibration,5
AI4I,37,DTCG-no-first-shift-hold,19,0.07000922341303228,0.953130924829038,0.6947760139744521,50.0,0.0,0.98,0.02,0.0,0.0,0.0,0.0,1.0,1,shifted-rolling-calibration,5
AI4I,37,DTCG-no-first-shift-hold,20,0.07000922341303228,0.953130924829038,0.6947760139744521,50.0,4.0,0.86,0.14,0.25,1.0,3.0,0.75,1.0,1,shifted-rolling-calibration,5
AI4I,37,DTCG-no-first-shift-hold,21,0.07000922341303228,0.953130924829038,0.6947760139744521,50.0,1.0,0.96,0.04,0.0,0.0,1.0,1.0,1.0,1,shifted-rolling-calibration,5
AI4I,37,DTCG-no-first-shift-hold,22,0.07000922341303228,0.953130924829038,0.6947760139744521,50.0,0.0,1.0,0.0,0.0,0.0,0.0,0.0,1.0,1,shifted-rolling-calibration,5
AI4I,37,DTCG-no-first-shift-hold,23,0.07000922341303228,0.953130924829038,0.6947760139744521,50.0,2.0,0.94,0.06,0.5,1.0,1.0,0.5,1.0,1,shifted-rolling-calibration,5
AI4I,37,DTCG-no-first-shift-hold,24,0.07000922341303228,0.953130924829038,0.6947760139744521,50.0,0.0,0.96,0.04,0.0,0.0,0.0,0.0,1.0,1,shifted-rolling-calibration,5
AI4I,37,DTCG-no-first-shift-hold,25,0.07000922341303228,0.953130924829038,0.6947760139744521,50.0,0.0,0.96,0.04,0.0,0.0,0.0,0.0,1.0,1,shifted-rolling-calibration,5
AI4I,37,DTCG-no-first-shift-hold,26,0.07000922341303228,0.953130924829038,0.6947760139744521,50.0,0.0,0.96,0.04,0.0,0.0,0.0,0.0,1.0,1,shifted-rolling-calibration,5
AI4I,37,DTCG-no-first-shift-hold,27,0.07000922341303228,0.953130924829038,0.6947760139744521,50.0,0.0,1.0,0.0,0.0,0.0,0.0,0.0,1.0,1,shifted-rolling-calibration,5
AI4I,37,DTCG-no-first-shift-hold,28,0.07000922341303228,0.953130924829038,0.6947760139744521,50.0,1.0,0.96,0.04,0.0,0.0,1.0,1.0,1.0,1,shifted-rolling-calibration,5
AI4I,37,DTCG-no-first-shift-hold,29,0.07000922341303228,0.953130924829038,0.6947760139744521,50.0,1.0,0.9,0.1,0.0,0.0,1.0,1.0,0.9999687656171914,1,shifted-rolling-calibration,5
AI4I,37,DTCG-no-first-shift-hold,30,0.07000922341303228,0.953130924829038,0.6947760139744521,50.0,0.0,0.94,0.06,0.0,0.0,0.0,0.0,0.9964701616247167,1,shifted-rolling-calibration,5
AI4I,37,DTCG-no-first-shift-hold,31,0.07000922341303228,0.953130924829038,0.6947760139744521,50.0,1.0,0.92,0.08,1.0,1.0,0.0,0.0,0.993503496661844,1,shifted-rolling-calibration,5
AI4I,37,DTCG-no-first-shift-hold,32,0.07000922341303228,0.953130924829038,0.6947760139744521,50.0,1.0,0.96,0.04,0.0,0.0,1.0,1.0,1.0,1,shifted-rolling-calibration,5
AI4I,37,DTCG-no-first-shift-hold,33,0.07000922341303228,0.953130924829038,0.6947760139744521,50.0,6.0,0.66,0.34,0.0,0.0,6.0,1.0,1.0,1,shifted-rolling-calibration,5
AI4I,37,DTCG-no-first-shift-hold,34,0.07000922341303228,0.953130924829038,0.6947760139744521,50.0,0.0,0.92,0.08,0.0,0.0,0.0,0.0,1.0,1,shifted-rolling-calibration,5
AI4I,37,DTCG-no-first-shift-hold,35,0.07000922341303228,0.953130924829038,0.6947760139744521,50.0,2.0,0.92,0.08,0.0,0.0,2.0,1.0,1.0,1,shifted-rolling-calibration,5
AI4I,37,DTCG-no-first-shift-hold,36,0.07000922341303228,0.953130924829038,0.6947760139744521,50.0,2.0,0.8,0.2,0.0,0.0,2.0,1.0,1.0,1,shifted-rolling-calibration,5
AI4I,37,DTCG-no-first-shift-hold,37,0.07000922341303228,0.953130924829038,0.6947760139744521,50.0,0.0,0.98,0.02,0.0,0.0,0.0,0.0,1.0,1,shifted-rolling-calibration,5
AI4I,37,DTCG-no-first-shift-hold,38,0.07000922341303228,0.953130924829038,0.6947760139744521,50.0,0.0,0.96,0.04,0.0,0.0,0.0,0.0,1.0,1,shifted-rolling-calibration,5
AI4I,37,DTCG-no-first-shift-hold,39,0.07000922341303228,0.953130924829038,0.6947760139744521,50.0,1.0,0.98,0.02,0.0,0.0,1.0,1.0,1.0,1,shifted-rolling-calibration,5
AI4I,37,DTCG-no-rolling,0,0.0,0.953130924829038,0.6947760139744521,50.0,1.0,0.0,1.0,0.0,0.0,1.0,1.0,0.9326966915323472,1,first-shift-hold,5
AI4I,37,DTCG-no-rolling,1,0.07000922341303228,0.953130924829038,0.6947760139744521,50.0,0.0,0.94,0.06,0.0,0.0,0.0,0.0,0.8766365194456296,1,shifted-base-calibration,5
AI4I,37,DTCG-no-rolling,2,0.07000922341303228,0.953130924829038,0.6947760139744521,50.0,1.0,0.88,0.12,1.0,1.0,0.0,0.0,0.9340422473359681,1,shifted-base-calibration,5
AI4I,37,DTCG-no-rolling,3,0.07000922341303228,0.953130924829038,0.6947760139744521,50.0,3.0,0.78,0.22,0.0,0.0,3.0,1.0,0.992996275886081,1,shifted-base-calibration,5
AI4I,37,DTCG-no-rolling,4,0.07000922341303228,0.953130924829038,0.6947760139744521,50.0,1.0,0.86,0.14,0.0,0.0,1.0,1.0,1.0,1,shifted-base-calibration,5
AI4I,37,DTCG-no-rolling,5,0.07000922341303228,0.953130924829038,0.6947760139744521,50.0,0.0,0.78,0.22,0.0,0.0,0.0,0.0,1.0,1,shifted-base-calibration,5
AI4I,37,DTCG-no-rolling,6,0.07000922341303228,0.953130924829038,0.6947760139744521,50.0,1.0,0.94,0.06,0.0,0.0,1.0,1.0,1.0,1,shifted-base-calibration,5
AI4I,37,DTCG-no-rolling,7,0.07000922341303228,0.953130924829038,0.6947760139744521,50.0,2.0,0.84,0.16,0.0,0.0,2.0,1.0,1.0,1,shifted-base-calibration,5
AI4I,37,DTCG-no-rolling,8,0.07000922341303228,0.953130924829038,0.6947760139744521,50.0,1.0,0.88,0.12,0.0,0.0,1.0,1.0,1.0,1,shifted-base-calibration,5
AI4I,37,DTCG-no-rolling,9,0.07000922341303228,0.953130924829038,0.6947760139744521,50.0,0.0,0.92,0.08,0.0,0.0,0.0,0.0,1.0,1,shifted-base-calibration,5
AI4I,37,DTCG-no-rolling,10,0.07000922341303228,0.953130924829038,0.6947760139744521,50.0,1.0,0.94,0.06,1.0,1.0,0.0,0.0,1.0,1,shifted-base-calibration,5
AI4I,37,DTCG-no-rolling,11,0.07000922341303228,0.953130924829038,0.6947760139744521,50.0,1.0,0.94,0.06,0.0,0.0,1.0,1.0,1.0,1,shifted-base-calibration,5
AI4I,37,DTCG-no-rolling,12,0.07000922341303228,0.953130924829038,0.6947760139744521,50.0,2.0,0.9,0.1,0.5,1.0,1.0,0.5,1.0,1,shifted-base-calibration,5
AI4I,37,DTCG-no-rolling,13,0.07000922341303228,0.953130924829038,0.6947760139744521,50.0,1.0,0.96,0.04,0.0,0.0,1.0,1.0,1.0,1,shifted-base-calibration,5
AI4I,37,DTCG-no-rolling,14,0.07000922341303228,0.953130924829038,0.6947760139744521,50.0,0.0,1.0,0.0,0.0,0.0,0.0,0.0,1.0,1,shifted-base-calibration,5
AI4I,37,DTCG-no-rolling,15,0.07000922341303228,0.953130924829038,0.6947760139744521,50.0,0.0,0.98,0.02,0.0,0.0,0.0,0.0,1.0,1,shifted-base-calibration,5
AI4I,37,DTCG-no-rolling,16,0.07000922341303228,0.953130924829038,0.6947760139744521,50.0,1.0,0.92,0.08,0.0,0.0,1.0,1.0,1.0,1,shifted-base-calibration,5
AI4I,37,DTCG-no-rolling,17,0.07000922341303228,0.953130924829038,0.6947760139744521,50.0,0.0,0.98,0.02,0.0,0.0,0.0,0.0,1.0,1,shifted-base-calibration,5
AI4I,37,DTCG-no-rolling,18,0.07000922341303228,0.953130924829038,0.6947760139744521,50.0,1.0,0.96,0.04,0.0,0.0,1.0,1.0,1.0,1,shifted-base-calibration,5
AI4I,37,DTCG-no-rolling,19,0.07000922341303228,0.953130924829038,0.6947760139744521,50.0,0.0,0.98,0.02,0.0,0.0,0.0,0.0,1.0,1,shifted-base-calibration,5
AI4I,37,DTCG-no-rolling,20,0.07000922341303228,0.953130924829038,0.6947760139744521,50.0,4.0,0.86,0.14,0.25,1.0,3.0,0.75,1.0,1,shifted-base-calibration,5
AI4I,37,DTCG-no-rolling,21,0.07000922341303228,0.953130924829038,0.6947760139744521,50.0,1.0,0.96,0.04,0.0,0.0,1.0,1.0,1.0,1,shifted-base-calibration,5
AI4I,37,DTCG-no-rolling,22,0.07000922341303228,0.953130924829038,0.6947760139744521,50.0,0.0,1.0,0.0,0.0,0.0,0.0,0.0,1.0,1,shifted-base-calibration,5
AI4I,37,DTCG-no-rolling,23,0.07000922341303228,0.953130924829038,0.6947760139744521,50.0,2.0,0.94,0.06,0.5,1.0,1.0,0.5,1.0,1,shifted-base-calibration,5
AI4I,37,DTCG-no-rolling,24,0.07000922341303228,0.953130924829038,0.6947760139744521,50.0,0.0,0.96,0.04,0.0,0.0,0.0,0.0,1.0,1,shifted-base-calibration,5
AI4I,37,DTCG-no-rolling,25,0.07000922341303228,0.953130924829038,0.6947760139744521,50.0,0.0,0.96,0.04,0.0,0.0,0.0,0.0,1.0,1,shifted-base-calibration,5
AI4I,37,DTCG-no-rolling,26,0.07000922341303228,0.953130924829038,0.6947760139744521,50.0,0.0,0.96,0.04,0.0,0.0,0.0,0.0,1.0,1,shifted-base-calibration,5
AI4I,37,DTCG-no-rolling,27,0.07000922341303228,0.953130924829038,0.6947760139744521,50.0,0.0,1.0,0.0,0.0,0.0,0.0,0.0,1.0,1,shifted-base-calibration,5
AI4I,37,DTCG-no-rolling,28,0.07000922341303228,0.953130924829038,0.6947760139744521,50.0,1.0,0.96,0.04,0.0,0.0,1.0,1.0,1.0,1,shifted-base-calibration,5
AI4I,37,DTCG-no-rolling,29,0.07000922341303228,0.953130924829038,0.6947760139744521,50.0,1.0,0.9,0.1,0.0,0.0,1.0,1.0,0.9999687656171914,1,shifted-base-calibration,5
AI4I,37,DTCG-no-rolling,30,0.07000922341303228,0.953130924829038,0.6947760139744521,50.0,0.0,0.94,0.06,0.0,0.0,0.0,0.0,0.9964701616247167,1,shifted-base-calibration,5
AI4I,37,DTCG-no-rolling,31,0.07000922341303228,0.953130924829038,0.6947760139744521,50.0,1.0,0.92,0.08,1.0,1.0,0.0,0.0,0.993503496661844,1,shifted-base-calibration,5
AI4I,37,DTCG-no-rolling,32,0.07000922341303228,0.953130924829038,0.6947760139744521,50.0,1.0,0.96,0.04,0.0,0.0,1.0,1.0,1.0,1,shifted-base-calibration,5
AI4I,37,DTCG-no-rolling,33,0.07000922341303228,0.953130924829038,0.6947760139744521,50.0,6.0,0.66,0.34,0.0,0.0,6.0,1.0,1.0,1,shifted-base-calibration,5
AI4I,37,DTCG-no-rolling,34,0.07000922341303228,0.953130924829038,0.6947760139744521,50.0,0.0,0.92,0.08,0.0,0.0,0.0,0.0,1.0,1,shifted-base-calibration,5
AI4I,37,DTCG-no-rolling,35,0.07000922341303228,0.953130924829038,0.6947760139744521,50.0,2.0,0.92,0.08,0.0,0.0,2.0,1.0,1.0,1,shifted-base-calibration,5
AI4I,37,DTCG-no-rolling,36,0.07000922341303228,0.953130924829038,0.6947760139744521,50.0,2.0,0.8,0.2,0.0,0.0,2.0,1.0,1.0,1,shifted-base-calibration,5
AI4I,37,DTCG-no-rolling,37,0.07000922341303228,0.953130924829038,0.6947760139744521,50.0,0.0,0.98,0.02,0.0,0.0,0.0,0.0,1.0,1,shifted-base-calibration,5
AI4I,37,DTCG-no-rolling,38,0.07000922341303228,0.953130924829038,0.6947760139744521,50.0,0.0,0.96,0.04,0.0,0.0,0.0,0.0,1.0,1,shifted-base-calibration,5
AI4I,37,DTCG-no-rolling,39,0.07000922341303228,0.953130924829038,0.6947760139744521,50.0,1.0,0.98,0.02,0.0,0.0,1.0,1.0,1.0,1,shifted-base-calibration,5
AI4I,37,DTCG-always-roll,0,0.07000922341303228,0.953130924829038,0.6947760139744521,50.0,1.0,0.84,0.16,0.0,0.0,1.0,1.0,0.9326966915323472,1,stable,5
AI4I,37,DTCG-always-roll,1,0.07000922341303228,0.953130924829038,0.6947760139744521,50.0,0.0,0.94,0.06,0.0,0.0,0.0,0.0,0.8766365194456296,1,stable,5
AI4I,37,DTCG-always-roll,2,0.07000922341303228,0.953130924829038,0.6947760139744521,50.0,1.0,0.88,0.12,1.0,1.0,0.0,0.0,0.9340422473359681,1,stable,5
AI4I,37,DTCG-always-roll,3,0.07000922341303228,0.953130924829038,0.6947760139744521,50.0,3.0,0.78,0.22,0.0,0.0,3.0,1.0,0.992996275886081,1,stable,5
AI4I,37,DTCG-always-roll,4,0.07000922341303228,0.953130924829038,0.6947760139744521,50.0,1.0,0.86,0.14,0.0,0.0,1.0,1.0,1.0,1,stable,5
AI4I,37,DTCG-always-roll,5,0.08038741268363557,0.953130924829038,0.6947760139744521,50.0,0.0,0.84,0.16,0.0,0.0,0.0,0.0,1.0,1,rolling-calibration,5
AI4I,37,DTCG-always-roll,6,0.08168790621730285,0.953130924829038,0.6947760139744521,50.0,1.0,0.96,0.04,0.0,0.0,1.0,1.0,1.0,1,rolling-calibration,5
AI4I,37,DTCG-always-roll,7,0.08206616693739997,0.953130924829038,0.6947760139744521,50.0,2.0,0.86,0.14,0.5,1.0,1.0,0.5,1.0,1,rolling-calibration,5
AI4I,37,DTCG-always-roll,8,0.08307922180230262,0.953130924829038,0.6947760139744521,50.0,1.0,0.88,0.12,0.0,0.0,1.0,1.0,1.0,1,rolling-calibration,5
AI4I,37,DTCG-always-roll,9,0.08402231149164362,0.953130924829038,0.6947760139744521,50.0,0.0,0.94,0.06,0.0,0.0,0.0,0.0,1.0,1,rolling-calibration,5
AI4I,37,DTCG-always-roll,10,0.08439527814462798,0.953130924829038,0.6947760139744521,50.0,1.0,0.94,0.06,1.0,1.0,0.0,0.0,1.0,1,rolling-calibration,5
AI4I,37,DTCG-always-roll,11,0.08531081747056977,0.953130924829038,0.6947760139744521,50.0,1.0,0.94,0.06,0.0,0.0,1.0,1.0,1.0,1,rolling-calibration,5
AI4I,37,DTCG-always-roll,12,0.08569446207043727,0.953130924829038,0.6947760139744521,50.0,2.0,0.9,0.1,0.5,1.0,1.0,0.5,1.0,1,rolling-calibration,5
AI4I,37,DTCG-always-roll,13,0.08809968376308928,0.953130924829038,0.6947760139744521,50.0,1.0,0.98,0.02,0.0,0.0,1.0,1.0,1.0,1,rolling-calibration,5
AI4I,37,DTCG-always-roll,14,0.08809968376308928,0.953130924829038,0.6947760139744521,50.0,0.0,1.0,0.0,0.0,0.0,0.0,0.0,1.0,1,rolling-calibration,5
AI4I,37,DTCG-always-roll,15,0.08809968376308928,0.953130924829038,0.6947760139744521,50.0,0.0,0.98,0.02,0.0,0.0,0.0,0.0,1.0,1,rolling-calibration,5
AI4I,37,DTCG-always-roll,16,0.08821561673276837,0.953130924829038,0.6947760139744521,50.0,1.0,0.92,0.08,0.0,0.0,1.0,1.0,1.0,1,rolling-calibration,5
AI4I,37,DTCG-always-roll,17,0.08869530196987521,0.953130924829038,0.6947760139744521,50.0,0.0,0.98,0.02,0.0,0.0,0.0,0.0,1.0,1,rolling-calibration,5
AI4I,37,DTCG-always-roll,18,0.0889172823068621,0.953130924829038,0.6947760139744521,50.0,1.0,0.96,0.04,0.0,0.0,1.0,1.0,1.0,1,rolling-calibration,5
AI4I,37,DTCG-always-roll,19,0.08916635488350656,0.953130924829038,0.6947760139744521,50.0,0.0,0.98,0.02,0.0,0.0,0.0,0.0,1.0,1,rolling-calibration,5
AI4I,37,DTCG-always-roll,20,0.0892079816230792,0.953130924829038,0.6947760139744521,50.0,4.0,0.86,0.14,0.25,1.0,3.0,0.75,1.0,1,rolling-calibration,5
AI4I,37,DTCG-always-roll,21,0.08982167515319213,0.953130924829038,0.6947760139744521,50.0,1.0,0.96,0.04,0.0,0.0,1.0,1.0,1.0,1,rolling-calibration,5
AI4I,37,DTCG-always-roll,22,0.08982167515319213,0.953130924829038,0.6947760139744521,50.0,0.0,1.0,0.0,0.0,0.0,0.0,0.0,1.0,1,rolling-calibration,5
AI4I,37,DTCG-always-roll,23,0.08982167515319213,0.953130924829038,0.6947760139744521,50.0,2.0,0.94,0.06,0.5,1.0,1.0,0.5,1.0,1,rolling-calibration,5
AI4I,37,DTCG-always-roll,24,0.09065145785071477,0.953130924829038,0.6947760139744521,50.0,0.0,0.96,0.04,0.0,0.0,0.0,0.0,1.0,1,rolling-calibration,5
AI4I,37,DTCG-always-roll,25,0.09089126701962039,0.953130924829038,0.6947760139744521,50.0,0.0,0.96,0.04,0.0,0.0,0.0,0.0,1.0,1,rolling-calibration,5
AI4I,37,DTCG-always-roll,26,0.09201589364883475,0.953130924829038,0.6947760139744521,50.0,0.0,0.96,0.04,0.0,0.0,0.0,0.0,1.0,1,rolling-calibration,5
AI4I,37,DTCG-always-roll,27,0.09257146062743579,0.953130924829038,0.6947760139744521,50.0,0.0,1.0,0.0,0.0,0.0,0.0,0.0,1.0,1,rolling-calibration,5
AI4I,37,DTCG-always-roll,28,0.09257146062743579,0.953130924829038,0.6947760139744521,50.0,1.0,0.98,0.02,0.0,0.0,1.0,1.0,1.0,1,rolling-calibration,5
AI4I,37,DTCG-always-roll,29,0.09257146062743579,0.953130924829038,0.6947760139744521,50.0,1.0,0.92,0.08,0.0,0.0,1.0,1.0,0.9999687656171914,1,rolling-calibration,5
AI4I,37,DTCG-always-roll,30,0.09263003016247594,0.953130924829038,0.6947760139744521,50.0,0.0,0.96,0.04,0.0,0.0,0.0,0.0,0.9964701616247167,1,rolling-calibration,5
AI4I,37,DTCG-always-roll,31,0.09292371400281431,0.953130924829038,0.6947760139744521,50.0,1.0,0.98,0.02,1.0,1.0,0.0,0.0,0.993503496661844,1,rolling-calibration,5
AI4I,37,DTCG-always-roll,32,0.09353687362669817,0.953130924829038,0.6947760139744521,50.0,1.0,0.96,0.04,0.0,0.0,1.0,1.0,1.0,1,rolling-calibration,5
AI4I,37,DTCG-always-roll,33,0.09383966001425588,0.953130924829038,0.6947760139744521,50.0,6.0,0.68,0.32,0.0,0.0,6.0,1.0,1.0,1,rolling-calibration,5
AI4I,37,DTCG-always-roll,34,0.10040185263552169,0.953130924829038,0.6947760139744521,50.0,0.0,0.96,0.04,0.0,0.0,0.0,0.0,1.0,1,rolling-calibration,5
AI4I,37,DTCG-always-roll,35,0.10088574452622474,0.953130924829038,0.6947760139744521,50.0,2.0,0.96,0.04,0.0,0.0,2.0,1.0,1.0,1,rolling-calibration,5
AI4I,37,DTCG-always-roll,36,0.10088574452622474,0.953130924829038,0.6947760139744521,50.0,2.0,0.84,0.16,0.0,0.0,2.0,1.0,1.0,1,rolling-calibration,5
AI4I,37,DTCG-always-roll,37,0.1018515555349627,0.953130924829038,0.6947760139744521,50.0,0.0,0.98,0.02,0.0,0.0,0.0,0.0,1.0,1,rolling-calibration,5
AI4I,37,DTCG-always-roll,38,0.1027006609606926,0.953130924829038,0.6947760139744521,50.0,0.0,0.96,0.04,0.0,0.0,0.0,0.0,1.0,1,rolling-calibration,5
AI4I,37,DTCG-always-roll,39,0.10434239851651611,0.953130924829038,0.6947760139744521,50.0,1.0,0.98,0.02,0.0,0.0,1.0,1.0,1.0,1,rolling-calibration,5
AI4I,37,DTCG-min-failures-1,0,0.0,0.953130924829038,0.6947760139744521,50.0,1.0,0.0,1.0,0.0,0.0,1.0,1.0,0.9326966915323472,1,first-shift-hold,1
AI4I,37,DTCG-min-failures-1,1,0.07000922341303228,0.953130924829038,0.6947760139744521,50.0,0.0,0.94,0.06,0.0,0.0,0.0,0.0,0.8766365194456296,1,shifted-rolling-calibration,1
AI4I,37,DTCG-min-failures-1,2,0.07000922341303228,0.953130924829038,0.6947760139744521,50.0,1.0,0.88,0.12,1.0,1.0,0.0,0.0,0.9340422473359681,1,shifted-rolling-calibration,1
AI4I,37,DTCG-min-failures-1,3,0.07000922341303228,0.953130924829038,0.6947760139744521,50.0,3.0,0.78,0.22,0.0,0.0,3.0,1.0,0.992996275886081,1,shifted-rolling-calibration,1
AI4I,37,DTCG-min-failures-1,4,0.07000922341303228,0.953130924829038,0.6947760139744521,50.0,1.0,0.86,0.14,0.0,0.0,1.0,1.0,1.0,1,shifted-rolling-calibration,1
AI4I,37,DTCG-min-failures-1,5,0.07000922341303228,0.953130924829038,0.6947760139744521,50.0,0.0,0.78,0.22,0.0,0.0,0.0,0.0,1.0,1,shifted-rolling-calibration,1
AI4I,37,DTCG-min-failures-1,6,0.07000922341303228,0.953130924829038,0.6947760139744521,50.0,1.0,0.94,0.06,0.0,0.0,1.0,1.0,1.0,1,shifted-rolling-calibration,1
AI4I,37,DTCG-min-failures-1,7,0.07000922341303228,0.953130924829038,0.6947760139744521,50.0,2.0,0.84,0.16,0.0,0.0,2.0,1.0,1.0,1,shifted-rolling-calibration,1
AI4I,37,DTCG-min-failures-1,8,0.07000922341303228,0.953130924829038,0.6947760139744521,50.0,1.0,0.88,0.12,0.0,0.0,1.0,1.0,1.0,1,shifted-rolling-calibration,1
AI4I,37,DTCG-min-failures-1,9,0.07000922341303228,0.953130924829038,0.6947760139744521,50.0,0.0,0.92,0.08,0.0,0.0,0.0,0.0,1.0,1,shifted-rolling-calibration,1
AI4I,37,DTCG-min-failures-1,10,0.07000922341303228,0.953130924829038,0.6947760139744521,50.0,1.0,0.94,0.06,1.0,1.0,0.0,0.0,1.0,1,shifted-rolling-calibration,1
AI4I,37,DTCG-min-failures-1,11,0.07000922341303228,0.953130924829038,0.6947760139744521,50.0,1.0,0.94,0.06,0.0,0.0,1.0,1.0,1.0,1,shifted-rolling-calibration,1
AI4I,37,DTCG-min-failures-1,12,0.07000922341303228,0.953130924829038,0.6947760139744521,50.0,2.0,0.9,0.1,0.5,1.0,1.0,0.5,1.0,1,shifted-rolling-calibration,1
AI4I,37,DTCG-min-failures-1,13,0.07000922341303228,0.953130924829038,0.6947760139744521,50.0,1.0,0.96,0.04,0.0,0.0,1.0,1.0,1.0,1,shifted-rolling-calibration,1
AI4I,37,DTCG-min-failures-1,14,0.07000922341303228,0.953130924829038,0.6947760139744521,50.0,0.0,1.0,0.0,0.0,0.0,0.0,0.0,1.0,1,shifted-rolling-calibration,1
AI4I,37,DTCG-min-failures-1,15,0.07000922341303228,0.953130924829038,0.6947760139744521,50.0,0.0,0.98,0.02,0.0,0.0,0.0,0.0,1.0,1,shifted-rolling-calibration,1
AI4I,37,DTCG-min-failures-1,16,0.07000922341303228,0.953130924829038,0.6947760139744521,50.0,1.0,0.92,0.08,0.0,0.0,1.0,1.0,1.0,1,shifted-rolling-calibration,1
AI4I,37,DTCG-min-failures-1,17,0.07000922341303228,0.953130924829038,0.6947760139744521,50.0,0.0,0.98,0.02,0.0,0.0,0.0,0.0,1.0,1,shifted-rolling-calibration,1
AI4I,37,DTCG-min-failures-1,18,0.07000922341303228,0.953130924829038,0.6947760139744521,50.0,1.0,0.96,0.04,0.0,0.0,1.0,1.0,1.0,1,shifted-rolling-calibration,1
AI4I,37,DTCG-min-failures-1,19,0.07000922341303228,0.953130924829038,0.6947760139744521,50.0,0.0,0.98,0.02,0.0,0.0,0.0,0.0,1.0,1,shifted-rolling-calibration,1
AI4I,37,DTCG-min-failures-1,20,0.07000922341303228,0.953130924829038,0.6947760139744521,50.0,4.0,0.86,0.14,0.25,1.0,3.0,0.75,1.0,1,shifted-rolling-calibration,1
AI4I,37,DTCG-min-failures-1,21,0.07000922341303228,0.953130924829038,0.6947760139744521,50.0,1.0,0.96,0.04,0.0,0.0,1.0,1.0,1.0,1,shifted-rolling-calibration,1
AI4I,37,DTCG-min-failures-1,22,0.07000922341303228,0.953130924829038,0.6947760139744521,50.0,0.0,1.0,0.0,0.0,0.0,0.0,0.0,1.0,1,shifted-rolling-calibration,1
AI4I,37,DTCG-min-failures-1,23,0.07000922341303228,0.953130924829038,0.6947760139744521,50.0,2.0,0.94,0.06,0.5,1.0,1.0,0.5,1.0,1,shifted-rolling-calibration,1
AI4I,37,DTCG-min-failures-1,24,0.07000922341303228,0.953130924829038,0.6947760139744521,50.0,0.0,0.96,0.04,0.0,0.0,0.0,0.0,1.0,1,shifted-rolling-calibration,1
AI4I,37,DTCG-min-failures-1,25,0.07000922341303228,0.953130924829038,0.6947760139744521,50.0,0.0,0.96,0.04,0.0,0.0,0.0,0.0,1.0,1,shifted-rolling-calibration,1
AI4I,37,DTCG-min-failures-1,26,0.07000922341303228,0.953130924829038,0.6947760139744521,50.0,0.0,0.96,0.04,0.0,0.0,0.0,0.0,1.0,1,shifted-rolling-calibration,1
AI4I,37,DTCG-min-failures-1,27,0.07000922341303228,0.953130924829038,0.6947760139744521,50.0,0.0,1.0,0.0,0.0,0.0,0.0,0.0,1.0,1,shifted-rolling-calibration,1
AI4I,37,DTCG-min-failures-1,28,0.07000922341303228,0.953130924829038,0.6947760139744521,50.0,1.0,0.96,0.04,0.0,0.0,1.0,1.0,1.0,1,shifted-rolling-calibration,1
AI4I,37,DTCG-min-failures-1,29,0.07000922341303228,0.953130924829038,0.6947760139744521,50.0,1.0,0.9,0.1,0.0,0.0,1.0,1.0,0.9999687656171914,1,shifted-rolling-calibration,1
AI4I,37,DTCG-min-failures-1,30,0.07000922341303228,0.953130924829038,0.6947760139744521,50.0,0.0,0.94,0.06,0.0,0.0,0.0,0.0,0.9964701616247167,1,shifted-rolling-calibration,1
AI4I,37,DTCG-min-failures-1,31,0.07000922341303228,0.953130924829038,0.6947760139744521,50.0,1.0,0.92,0.08,1.0,1.0,0.0,0.0,0.993503496661844,1,shifted-rolling-calibration,1
AI4I,37,DTCG-min-failures-1,32,0.07000922341303228,0.953130924829038,0.6947760139744521,50.0,1.0,0.96,0.04,0.0,0.0,1.0,1.0,1.0,1,shifted-rolling-calibration,1
AI4I,37,DTCG-min-failures-1,33,0.07000922341303228,0.953130924829038,0.6947760139744521,50.0,6.0,0.66,0.34,0.0,0.0,6.0,1.0,1.0,1,shifted-rolling-calibration,1
AI4I,37,DTCG-min-failures-1,34,0.07000922341303228,0.953130924829038,0.6947760139744521,50.0,0.0,0.92,0.08,0.0,0.0,0.0,0.0,1.0,1,shifted-rolling-calibration,1
AI4I,37,DTCG-min-failures-1,35,0.07000922341303228,0.953130924829038,0.6947760139744521,50.0,2.0,0.92,0.08,0.0,0.0,2.0,1.0,1.0,1,shifted-rolling-calibration,1
AI4I,37,DTCG-min-failures-1,36,0.07000922341303228,0.953130924829038,0.6947760139744521,50.0,2.0,0.8,0.2,0.0,0.0,2.0,1.0,1.0,1,shifted-rolling-calibration,1
AI4I,37,DTCG-min-failures-1,37,0.07000922341303228,0.953130924829038,0.6947760139744521,50.0,0.0,0.98,0.02,0.0,0.0,0.0,0.0,1.0,1,shifted-rolling-calibration,1
AI4I,37,DTCG-min-failures-1,38,0.07000922341303228,0.953130924829038,0.6947760139744521,50.0,0.0,0.96,0.04,0.0,0.0,0.0,0.0,1.0,1,shifted-rolling-calibration,1
AI4I,37,DTCG-min-failures-1,39,0.07000922341303228,0.953130924829038,0.6947760139744521,50.0,1.0,0.98,0.02,0.0,0.0,1.0,1.0,1.0,1,shifted-rolling-calibration,1
AI4I,37,DTCG-min-failures-10,0,0.0,0.953130924829038,0.6947760139744521,50.0,1.0,0.0,1.0,0.0,0.0,1.0,1.0,0.9326966915323472,1,first-shift-hold,10
AI4I,37,DTCG-min-failures-10,1,0.07000922341303228,0.953130924829038,0.6947760139744521,50.0,0.0,0.94,0.06,0.0,0.0,0.0,0.0,0.8766365194456296,1,shifted-base-calibration,10
AI4I,37,DTCG-min-failures-10,2,0.07000922341303228,0.953130924829038,0.6947760139744521,50.0,1.0,0.88,0.12,1.0,1.0,0.0,0.0,0.9340422473359681,1,shifted-base-calibration,10
AI4I,37,DTCG-min-failures-10,3,0.07000922341303228,0.953130924829038,0.6947760139744521,50.0,3.0,0.78,0.22,0.0,0.0,3.0,1.0,0.992996275886081,1,shifted-base-calibration,10
AI4I,37,DTCG-min-failures-10,4,0.07000922341303228,0.953130924829038,0.6947760139744521,50.0,1.0,0.86,0.14,0.0,0.0,1.0,1.0,1.0,1,shifted-base-calibration,10
AI4I,37,DTCG-min-failures-10,5,0.07000922341303228,0.953130924829038,0.6947760139744521,50.0,0.0,0.78,0.22,0.0,0.0,0.0,0.0,1.0,1,shifted-base-calibration,10
AI4I,37,DTCG-min-failures-10,6,0.07000922341303228,0.953130924829038,0.6947760139744521,50.0,1.0,0.94,0.06,0.0,0.0,1.0,1.0,1.0,1,shifted-base-calibration,10
AI4I,37,DTCG-min-failures-10,7,0.07000922341303228,0.953130924829038,0.6947760139744521,50.0,2.0,0.84,0.16,0.0,0.0,2.0,1.0,1.0,1,shifted-base-calibration,10
AI4I,37,DTCG-min-failures-10,8,0.07000922341303228,0.953130924829038,0.6947760139744521,50.0,1.0,0.88,0.12,0.0,0.0,1.0,1.0,1.0,1,shifted-base-calibration,10
AI4I,37,DTCG-min-failures-10,9,0.07000922341303228,0.953130924829038,0.6947760139744521,50.0,0.0,0.92,0.08,0.0,0.0,0.0,0.0,1.0,1,shifted-base-calibration,10
AI4I,37,DTCG-min-failures-10,10,0.07000922341303228,0.953130924829038,0.6947760139744521,50.0,1.0,0.94,0.06,1.0,1.0,0.0,0.0,1.0,1,shifted-base-calibration,10
AI4I,37,DTCG-min-failures-10,11,0.07000922341303228,0.953130924829038,0.6947760139744521,50.0,1.0,0.94,0.06,0.0,0.0,1.0,1.0,1.0,1,shifted-base-calibration,10
AI4I,37,DTCG-min-failures-10,12,0.07000922341303228,0.953130924829038,0.6947760139744521,50.0,2.0,0.9,0.1,0.5,1.0,1.0,0.5,1.0,1,shifted-rolling-calibration,10
AI4I,37,DTCG-min-failures-10,13,0.07000922341303228,0.953130924829038,0.6947760139744521,50.0,1.0,0.96,0.04,0.0,0.0,1.0,1.0,1.0,1,shifted-rolling-calibration,10
AI4I,37,DTCG-min-failures-10,14,0.07000922341303228,0.953130924829038,0.6947760139744521,50.0,0.0,1.0,0.0,0.0,0.0,0.0,0.0,1.0,1,shifted-rolling-calibration,10
AI4I,37,DTCG-min-failures-10,15,0.07000922341303228,0.953130924829038,0.6947760139744521,50.0,0.0,0.98,0.02,0.0,0.0,0.0,0.0,1.0,1,shifted-rolling-calibration,10
AI4I,37,DTCG-min-failures-10,16,0.07000922341303228,0.953130924829038,0.6947760139744521,50.0,1.0,0.92,0.08,0.0,0.0,1.0,1.0,1.0,1,shifted-rolling-calibration,10
AI4I,37,DTCG-min-failures-10,17,0.07000922341303228,0.953130924829038,0.6947760139744521,50.0,0.0,0.98,0.02,0.0,0.0,0.0,0.0,1.0,1,shifted-rolling-calibration,10
AI4I,37,DTCG-min-failures-10,18,0.07000922341303228,0.953130924829038,0.6947760139744521,50.0,1.0,0.96,0.04,0.0,0.0,1.0,1.0,1.0,1,shifted-rolling-calibration,10
AI4I,37,DTCG-min-failures-10,19,0.07000922341303228,0.953130924829038,0.6947760139744521,50.0,0.0,0.98,0.02,0.0,0.0,0.0,0.0,1.0,1,shifted-rolling-calibration,10
AI4I,37,DTCG-min-failures-10,20,0.07000922341303228,0.953130924829038,0.6947760139744521,50.0,4.0,0.86,0.14,0.25,1.0,3.0,0.75,1.0,1,shifted-rolling-calibration,10
AI4I,37,DTCG-min-failures-10,21,0.07000922341303228,0.953130924829038,0.6947760139744521,50.0,1.0,0.96,0.04,0.0,0.0,1.0,1.0,1.0,1,shifted-rolling-calibration,10
AI4I,37,DTCG-min-failures-10,22,0.07000922341303228,0.953130924829038,0.6947760139744521,50.0,0.0,1.0,0.0,0.0,0.0,0.0,0.0,1.0,1,shifted-rolling-calibration,10
AI4I,37,DTCG-min-failures-10,23,0.07000922341303228,0.953130924829038,0.6947760139744521,50.0,2.0,0.94,0.06,0.5,1.0,1.0,0.5,1.0,1,shifted-rolling-calibration,10
AI4I,37,DTCG-min-failures-10,24,0.07000922341303228,0.953130924829038,0.6947760139744521,50.0,0.0,0.96,0.04,0.0,0.0,0.0,0.0,1.0,1,shifted-rolling-calibration,10
AI4I,37,DTCG-min-failures-10,25,0.07000922341303228,0.953130924829038,0.6947760139744521,50.0,0.0,0.96,0.04,0.0,0.0,0.0,0.0,1.0,1,shifted-rolling-calibration,10
AI4I,37,DTCG-min-failures-10,26,0.07000922341303228,0.953130924829038,0.6947760139744521,50.0,0.0,0.96,0.04,0.0,0.0,0.0,0.0,1.0,1,shifted-rolling-calibration,10
AI4I,37,DTCG-min-failures-10,27,0.07000922341303228,0.953130924829038,0.6947760139744521,50.0,0.0,1.0,0.0,0.0,0.0,0.0,0.0,1.0,1,shifted-rolling-calibration,10
AI4I,37,DTCG-min-failures-10,28,0.07000922341303228,0.953130924829038,0.6947760139744521,50.0,1.0,0.96,0.04,0.0,0.0,1.0,1.0,1.0,1,shifted-rolling-calibration,10
AI4I,37,DTCG-min-failures-10,29,0.07000922341303228,0.953130924829038,0.6947760139744521,50.0,1.0,0.9,0.1,0.0,0.0,1.0,1.0,0.9999687656171914,1,shifted-rolling-calibration,10
AI4I,37,DTCG-min-failures-10,30,0.07000922341303228,0.953130924829038,0.6947760139744521,50.0,0.0,0.94,0.06,0.0,0.0,0.0,0.0,0.9964701616247167,1,shifted-rolling-calibration,10
AI4I,37,DTCG-min-failures-10,31,0.07000922341303228,0.953130924829038,0.6947760139744521,50.0,1.0,0.92,0.08,1.0,1.0,0.0,0.0,0.993503496661844,1,shifted-rolling-calibration,10
AI4I,37,DTCG-min-failures-10,32,0.07000922341303228,0.953130924829038,0.6947760139744521,50.0,1.0,0.96,0.04,0.0,0.0,1.0,1.0,1.0,1,shifted-rolling-calibration,10
AI4I,37,DTCG-min-failures-10,33,0.07000922341303228,0.953130924829038,0.6947760139744521,50.0,6.0,0.66,0.34,0.0,0.0,6.0,1.0,1.0,1,shifted-rolling-calibration,10
AI4I,37,DTCG-min-failures-10,34,0.07000922341303228,0.953130924829038,0.6947760139744521,50.0,0.0,0.92,0.08,0.0,0.0,0.0,0.0,1.0,1,shifted-rolling-calibration,10
AI4I,37,DTCG-min-failures-10,35,0.07000922341303228,0.953130924829038,0.6947760139744521,50.0,2.0,0.92,0.08,0.0,0.0,2.0,1.0,1.0,1,shifted-rolling-calibration,10
AI4I,37,DTCG-min-failures-10,36,0.07000922341303228,0.953130924829038,0.6947760139744521,50.0,2.0,0.8,0.2,0.0,0.0,2.0,1.0,1.0,1,shifted-rolling-calibration,10
AI4I,37,DTCG-min-failures-10,37,0.07000922341303228,0.953130924829038,0.6947760139744521,50.0,0.0,0.98,0.02,0.0,0.0,0.0,0.0,1.0,1,shifted-rolling-calibration,10
AI4I,37,DTCG-min-failures-10,38,0.07000922341303228,0.953130924829038,0.6947760139744521,50.0,0.0,0.96,0.04,0.0,0.0,0.0,0.0,1.0,1,shifted-rolling-calibration,10
AI4I,37,DTCG-min-failures-10,39,0.07000922341303228,0.953130924829038,0.6947760139744521,50.0,1.0,0.98,0.02,0.0,0.0,1.0,1.0,1.0,1,shifted-rolling-calibration,10
AI4I,47,DTCG-no-first-shift-hold,0,0.06961850096617404,0.9493128832751475,0.6992945717988328,50.0,1.0,0.86,0.14,0.0,0.0,1.0,1.0,0.9266083869829792,1,shifted-base-calibration,5
AI4I,47,DTCG-no-first-shift-hold,1,0.06961850096617404,0.9493128832751475,0.6992945717988328,50.0,0.0,0.96,0.04,0.0,0.0,0.0,0.0,0.9037128947008566,1,shifted-base-calibration,5
AI4I,47,DTCG-no-first-shift-hold,2,0.06961850096617404,0.9493128832751475,0.6992945717988328,50.0,1.0,0.9,0.1,1.0,1.0,0.0,0.0,0.9414660824507372,1,shifted-base-calibration,5
AI4I,47,DTCG-no-first-shift-hold,3,0.06961850096617404,0.9493128832751475,0.6992945717988328,50.0,3.0,0.82,0.18,0.0,0.0,3.0,1.0,0.9937390097567361,1,shifted-base-calibration,5
AI4I,47,DTCG-no-first-shift-hold,4,0.06961850096617404,0.9493128832751475,0.6992945717988328,50.0,1.0,0.88,0.12,0.0,0.0,1.0,1.0,1.0,1,shifted-base-calibration,5
AI4I,47,DTCG-no-first-shift-hold,5,0.06961850096617404,0.9493128832751475,0.6992945717988328,50.0,0.0,0.82,0.18,0.0,0.0,0.0,0.0,1.0,1,shifted-rolling-calibration,5
AI4I,47,DTCG-no-first-shift-hold,6,0.06961850096617404,0.9493128832751475,0.6992945717988328,50.0,1.0,0.96,0.04,0.0,0.0,1.0,1.0,1.0,1,shifted-rolling-calibration,5
AI4I,47,DTCG-no-first-shift-hold,7,0.06961850096617404,0.9493128832751475,0.6992945717988328,50.0,2.0,0.82,0.18,0.0,0.0,2.0,1.0,1.0,1,shifted-rolling-calibration,5
AI4I,47,DTCG-no-first-shift-hold,8,0.06961850096617404,0.9493128832751475,0.6992945717988328,50.0,1.0,0.88,0.12,0.0,0.0,1.0,1.0,1.0,1,shifted-rolling-calibration,5
AI4I,47,DTCG-no-first-shift-hold,9,0.06961850096617404,0.9493128832751475,0.6992945717988328,50.0,0.0,0.94,0.06,0.0,0.0,0.0,0.0,1.0,1,shifted-rolling-calibration,5
AI4I,47,DTCG-no-first-shift-hold,10,0.06961850096617404,0.9493128832751475,0.6992945717988328,50.0,1.0,0.94,0.06,1.0,1.0,0.0,0.0,1.0,1,shifted-rolling-calibration,5
AI4I,47,DTCG-no-first-shift-hold,11,0.06961850096617404,0.9493128832751475,0.6992945717988328,50.0,1.0,0.94,0.06,0.0,0.0,1.0,1.0,1.0,1,shifted-rolling-calibration,5
AI4I,47,DTCG-no-first-shift-hold,12,0.06961850096617404,0.9493128832751475,0.6992945717988328,50.0,2.0,0.88,0.12,0.0,0.0,2.0,1.0,1.0,1,shifted-rolling-calibration,5
AI4I,47,DTCG-no-first-shift-hold,13,0.06961850096617404,0.9493128832751475,0.6992945717988328,50.0,1.0,0.98,0.02,0.0,0.0,1.0,1.0,1.0,1,shifted-rolling-calibration,5
AI4I,47,DTCG-no-first-shift-hold,14,0.06961850096617404,0.9493128832751475,0.6992945717988328,50.0,0.0,1.0,0.0,0.0,0.0,0.0,0.0,1.0,1,shifted-rolling-calibration,5
AI4I,47,DTCG-no-first-shift-hold,15,0.06961850096617404,0.9493128832751475,0.6992945717988328,50.0,0.0,0.96,0.04,0.0,0.0,0.0,0.0,1.0,1,shifted-rolling-calibration,5
AI4I,47,DTCG-no-first-shift-hold,16,0.06961850096617404,0.9493128832751475,0.6992945717988328,50.0,1.0,0.92,0.08,0.0,0.0,1.0,1.0,1.0,1,shifted-rolling-calibration,5
AI4I,47,DTCG-no-first-shift-hold,17,0.06961850096617404,0.9493128832751475,0.6992945717988328,50.0,0.0,0.98,0.02,0.0,0.0,0.0,0.0,1.0,1,shifted-rolling-calibration,5
AI4I,47,DTCG-no-first-shift-hold,18,0.06961850096617404,0.9493128832751475,0.6992945717988328,50.0,1.0,0.96,0.04,0.0,0.0,1.0,1.0,1.0,1,shifted-rolling-calibration,5
AI4I,47,DTCG-no-first-shift-hold,19,0.06961850096617404,0.9493128832751475,0.6992945717988328,50.0,0.0,0.98,0.02,0.0,0.0,0.0,0.0,1.0,1,shifted-rolling-calibration,5
AI4I,47,DTCG-no-first-shift-hold,20,0.06961850096617404,0.9493128832751475,0.6992945717988328,50.0,4.0,0.86,0.14,0.25,1.0,3.0,0.75,1.0,1,shifted-rolling-calibration,5
AI4I,47,DTCG-no-first-shift-hold,21,0.06961850096617404,0.9493128832751475,0.6992945717988328,50.0,1.0,0.96,0.04,0.0,0.0,1.0,1.0,1.0,1,shifted-rolling-calibration,5
AI4I,47,DTCG-no-first-shift-hold,22,0.06961850096617404,0.9493128832751475,0.6992945717988328,50.0,0.0,1.0,0.0,0.0,0.0,0.0,0.0,1.0,1,shifted-rolling-calibration,5
AI4I,47,DTCG-no-first-shift-hold,23,0.06961850096617404,0.9493128832751475,0.6992945717988328,50.0,2.0,0.94,0.06,0.5,1.0,1.0,0.5,1.0,1,shifted-rolling-calibration,5
AI4I,47,DTCG-no-first-shift-hold,24,0.06961850096617404,0.9493128832751475,0.6992945717988328,50.0,0.0,0.96,0.04,0.0,0.0,0.0,0.0,1.0,1,shifted-rolling-calibration,5
AI4I,47,DTCG-no-first-shift-hold,25,0.06961850096617404,0.9493128832751475,0.6992945717988328,50.0,0.0,0.96,0.04,0.0,0.0,0.0,0.0,1.0,1,shifted-rolling-calibration,5
AI4I,47,DTCG-no-first-shift-hold,26,0.06961850096617404,0.9493128832751475,0.6992945717988328,50.0,0.0,0.96,0.04,0.0,0.0,0.0,0.0,1.0,1,shifted-rolling-calibration,5
AI4I,47,DTCG-no-first-shift-hold,27,0.06961850096617404,0.9493128832751475,0.6992945717988328,50.0,0.0,1.0,0.0,0.0,0.0,0.0,0.0,1.0,1,shifted-rolling-calibration,5
AI4I,47,DTCG-no-first-shift-hold,28,0.06961850096617404,0.9493128832751475,0.6992945717988328,50.0,1.0,0.96,0.04,0.0,0.0,1.0,1.0,1.0,1,shifted-rolling-calibration,5
AI4I,47,DTCG-no-first-shift-hold,29,0.06961850096617404,0.9493128832751475,0.6992945717988328,50.0,1.0,0.88,0.12,0.0,0.0,1.0,1.0,1.0,1,shifted-rolling-calibration,5
AI4I,47,DTCG-no-first-shift-hold,30,0.06961850096617404,0.9493128832751475,0.6992945717988328,50.0,0.0,0.96,0.04,0.0,0.0,0.0,0.0,0.9969751147213887,1,shifted-rolling-calibration,5
AI4I,47,DTCG-no-first-shift-hold,31,0.06961850096617404,0.9493128832751475,0.6992945717988328,50.0,1.0,0.92,0.08,1.0,1.0,0.0,0.0,0.9923277905738881,1,shifted-rolling-calibration,5
AI4I,47,DTCG-no-first-shift-hold,32,0.06961850096617404,0.9493128832751475,0.6992945717988328,50.0,1.0,0.96,0.04,0.0,0.0,1.0,1.0,1.0,1,shifted-rolling-calibration,5
AI4I,47,DTCG-no-first-shift-hold,33,0.06961850096617404,0.9493128832751475,0.6992945717988328,50.0,6.0,0.66,0.34,0.0,0.0,6.0,1.0,1.0,1,shifted-rolling-calibration,5
AI4I,47,DTCG-no-first-shift-hold,34,0.06961850096617404,0.9493128832751475,0.6992945717988328,50.0,0.0,0.92,0.08,0.0,0.0,0.0,0.0,1.0,1,shifted-rolling-calibration,5
AI4I,47,DTCG-no-first-shift-hold,35,0.06961850096617404,0.9493128832751475,0.6992945717988328,50.0,2.0,0.94,0.06,0.0,0.0,2.0,1.0,1.0,1,shifted-rolling-calibration,5
AI4I,47,DTCG-no-first-shift-hold,36,0.06961850096617404,0.9493128832751475,0.6992945717988328,50.0,2.0,0.78,0.22,0.0,0.0,2.0,1.0,1.0,1,shifted-rolling-calibration,5
AI4I,47,DTCG-no-first-shift-hold,37,0.06961850096617404,0.9493128832751475,0.6992945717988328,50.0,0.0,0.98,0.02,0.0,0.0,0.0,0.0,1.0,1,shifted-rolling-calibration,5
AI4I,47,DTCG-no-first-shift-hold,38,0.06961850096617404,0.9493128832751475,0.6992945717988328,50.0,0.0,0.96,0.04,0.0,0.0,0.0,0.0,1.0,1,shifted-rolling-calibration,5
AI4I,47,DTCG-no-first-shift-hold,39,0.06961850096617404,0.9493128832751475,0.6992945717988328,50.0,1.0,0.98,0.02,0.0,0.0,1.0,1.0,1.0,1,shifted-rolling-calibration,5
AI4I,47,DTCG-no-rolling,0,0.0,0.9493128832751475,0.6992945717988328,50.0,1.0,0.0,1.0,0.0,0.0,1.0,1.0,0.9266083869829792,1,first-shift-hold,5
AI4I,47,DTCG-no-rolling,1,0.06961850096617404,0.9493128832751475,0.6992945717988328,50.0,0.0,0.96,0.04,0.0,0.0,0.0,0.0,0.9037128947008566,1,shifted-base-calibration,5
AI4I,47,DTCG-no-rolling,2,0.06961850096617404,0.9493128832751475,0.6992945717988328,50.0,1.0,0.9,0.1,1.0,1.0,0.0,0.0,0.9414660824507372,1,shifted-base-calibration,5
AI4I,47,DTCG-no-rolling,3,0.06961850096617404,0.9493128832751475,0.6992945717988328,50.0,3.0,0.82,0.18,0.0,0.0,3.0,1.0,0.9937390097567361,1,shifted-base-calibration,5
AI4I,47,DTCG-no-rolling,4,0.06961850096617404,0.9493128832751475,0.6992945717988328,50.0,1.0,0.88,0.12,0.0,0.0,1.0,1.0,1.0,1,shifted-base-calibration,5
AI4I,47,DTCG-no-rolling,5,0.06961850096617404,0.9493128832751475,0.6992945717988328,50.0,0.0,0.82,0.18,0.0,0.0,0.0,0.0,1.0,1,shifted-base-calibration,5
AI4I,47,DTCG-no-rolling,6,0.06961850096617404,0.9493128832751475,0.6992945717988328,50.0,1.0,0.96,0.04,0.0,0.0,1.0,1.0,1.0,1,shifted-base-calibration,5
AI4I,47,DTCG-no-rolling,7,0.06961850096617404,0.9493128832751475,0.6992945717988328,50.0,2.0,0.82,0.18,0.0,0.0,2.0,1.0,1.0,1,shifted-base-calibration,5
AI4I,47,DTCG-no-rolling,8,0.06961850096617404,0.9493128832751475,0.6992945717988328,50.0,1.0,0.88,0.12,0.0,0.0,1.0,1.0,1.0,1,shifted-base-calibration,5
AI4I,47,DTCG-no-rolling,9,0.06961850096617404,0.9493128832751475,0.6992945717988328,50.0,0.0,0.94,0.06,0.0,0.0,0.0,0.0,1.0,1,shifted-base-calibration,5
AI4I,47,DTCG-no-rolling,10,0.06961850096617404,0.9493128832751475,0.6992945717988328,50.0,1.0,0.94,0.06,1.0,1.0,0.0,0.0,1.0,1,shifted-base-calibration,5
AI4I,47,DTCG-no-rolling,11,0.06961850096617404,0.9493128832751475,0.6992945717988328,50.0,1.0,0.94,0.06,0.0,0.0,1.0,1.0,1.0,1,shifted-base-calibration,5
AI4I,47,DTCG-no-rolling,12,0.06961850096617404,0.9493128832751475,0.6992945717988328,50.0,2.0,0.88,0.12,0.0,0.0,2.0,1.0,1.0,1,shifted-base-calibration,5
AI4I,47,DTCG-no-rolling,13,0.06961850096617404,0.9493128832751475,0.6992945717988328,50.0,1.0,0.98,0.02,0.0,0.0,1.0,1.0,1.0,1,shifted-base-calibration,5
AI4I,47,DTCG-no-rolling,14,0.06961850096617404,0.9493128832751475,0.6992945717988328,50.0,0.0,1.0,0.0,0.0,0.0,0.0,0.0,1.0,1,shifted-base-calibration,5
AI4I,47,DTCG-no-rolling,15,0.06961850096617404,0.9493128832751475,0.6992945717988328,50.0,0.0,0.96,0.04,0.0,0.0,0.0,0.0,1.0,1,shifted-base-calibration,5
AI4I,47,DTCG-no-rolling,16,0.06961850096617404,0.9493128832751475,0.6992945717988328,50.0,1.0,0.92,0.08,0.0,0.0,1.0,1.0,1.0,1,shifted-base-calibration,5
AI4I,47,DTCG-no-rolling,17,0.06961850096617404,0.9493128832751475,0.6992945717988328,50.0,0.0,0.98,0.02,0.0,0.0,0.0,0.0,1.0,1,shifted-base-calibration,5
AI4I,47,DTCG-no-rolling,18,0.06961850096617404,0.9493128832751475,0.6992945717988328,50.0,1.0,0.96,0.04,0.0,0.0,1.0,1.0,1.0,1,shifted-base-calibration,5
AI4I,47,DTCG-no-rolling,19,0.06961850096617404,0.9493128832751475,0.6992945717988328,50.0,0.0,0.98,0.02,0.0,0.0,0.0,0.0,1.0,1,shifted-base-calibration,5
AI4I,47,DTCG-no-rolling,20,0.06961850096617404,0.9493128832751475,0.6992945717988328,50.0,4.0,0.86,0.14,0.25,1.0,3.0,0.75,1.0,1,shifted-base-calibration,5
AI4I,47,DTCG-no-rolling,21,0.06961850096617404,0.9493128832751475,0.6992945717988328,50.0,1.0,0.96,0.04,0.0,0.0,1.0,1.0,1.0,1,shifted-base-calibration,5
AI4I,47,DTCG-no-rolling,22,0.06961850096617404,0.9493128832751475,0.6992945717988328,50.0,0.0,1.0,0.0,0.0,0.0,0.0,0.0,1.0,1,shifted-base-calibration,5
AI4I,47,DTCG-no-rolling,23,0.06961850096617404,0.9493128832751475,0.6992945717988328,50.0,2.0,0.94,0.06,0.5,1.0,1.0,0.5,1.0,1,shifted-base-calibration,5
AI4I,47,DTCG-no-rolling,24,0.06961850096617404,0.9493128832751475,0.6992945717988328,50.0,0.0,0.96,0.04,0.0,0.0,0.0,0.0,1.0,1,shifted-base-calibration,5
AI4I,47,DTCG-no-rolling,25,0.06961850096617404,0.9493128832751475,0.6992945717988328,50.0,0.0,0.96,0.04,0.0,0.0,0.0,0.0,1.0,1,shifted-base-calibration,5
AI4I,47,DTCG-no-rolling,26,0.06961850096617404,0.9493128832751475,0.6992945717988328,50.0,0.0,0.96,0.04,0.0,0.0,0.0,0.0,1.0,1,shifted-base-calibration,5
AI4I,47,DTCG-no-rolling,27,0.06961850096617404,0.9493128832751475,0.6992945717988328,50.0,0.0,1.0,0.0,0.0,0.0,0.0,0.0,1.0,1,shifted-base-calibration,5
AI4I,47,DTCG-no-rolling,28,0.06961850096617404,0.9493128832751475,0.6992945717988328,50.0,1.0,0.96,0.04,0.0,0.0,1.0,1.0,1.0,1,shifted-base-calibration,5
AI4I,47,DTCG-no-rolling,29,0.06961850096617404,0.9493128832751475,0.6992945717988328,50.0,1.0,0.88,0.12,0.0,0.0,1.0,1.0,1.0,1,shifted-base-calibration,5
AI4I,47,DTCG-no-rolling,30,0.06961850096617404,0.9493128832751475,0.6992945717988328,50.0,0.0,0.96,0.04,0.0,0.0,0.0,0.0,0.9969751147213887,1,shifted-base-calibration,5
AI4I,47,DTCG-no-rolling,31,0.06961850096617404,0.9493128832751475,0.6992945717988328,50.0,1.0,0.92,0.08,1.0,1.0,0.0,0.0,0.9923277905738881,1,shifted-base-calibration,5
AI4I,47,DTCG-no-rolling,32,0.06961850096617404,0.9493128832751475,0.6992945717988328,50.0,1.0,0.96,0.04,0.0,0.0,1.0,1.0,1.0,1,shifted-base-calibration,5
AI4I,47,DTCG-no-rolling,33,0.06961850096617404,0.9493128832751475,0.6992945717988328,50.0,6.0,0.66,0.34,0.0,0.0,6.0,1.0,1.0,1,shifted-base-calibration,5
AI4I,47,DTCG-no-rolling,34,0.06961850096617404,0.9493128832751475,0.6992945717988328,50.0,0.0,0.92,0.08,0.0,0.0,0.0,0.0,1.0,1,shifted-base-calibration,5
AI4I,47,DTCG-no-rolling,35,0.06961850096617404,0.9493128832751475,0.6992945717988328,50.0,2.0,0.94,0.06,0.0,0.0,2.0,1.0,1.0,1,shifted-base-calibration,5
AI4I,47,DTCG-no-rolling,36,0.06961850096617404,0.9493128832751475,0.6992945717988328,50.0,2.0,0.78,0.22,0.0,0.0,2.0,1.0,1.0,1,shifted-base-calibration,5
AI4I,47,DTCG-no-rolling,37,0.06961850096617404,0.9493128832751475,0.6992945717988328,50.0,0.0,0.98,0.02,0.0,0.0,0.0,0.0,1.0,1,shifted-base-calibration,5
AI4I,47,DTCG-no-rolling,38,0.06961850096617404,0.9493128832751475,0.6992945717988328,50.0,0.0,0.96,0.04,0.0,0.0,0.0,0.0,1.0,1,shifted-base-calibration,5
AI4I,47,DTCG-no-rolling,39,0.06961850096617404,0.9493128832751475,0.6992945717988328,50.0,1.0,0.98,0.02,0.0,0.0,1.0,1.0,1.0,1,shifted-base-calibration,5
AI4I,47,DTCG-always-roll,0,0.06961850096617404,0.9493128832751475,0.6992945717988328,50.0,1.0,0.86,0.14,0.0,0.0,1.0,1.0,0.9266083869829792,1,stable,5
AI4I,47,DTCG-always-roll,1,0.06961850096617404,0.9493128832751475,0.6992945717988328,50.0,0.0,0.96,0.04,0.0,0.0,0.0,0.0,0.9037128947008566,1,stable,5
AI4I,47,DTCG-always-roll,2,0.06961850096617404,0.9493128832751475,0.6992945717988328,50.0,1.0,0.9,0.1,1.0,1.0,0.0,0.0,0.9414660824507372,1,stable,5
AI4I,47,DTCG-always-roll,3,0.06961850096617404,0.9493128832751475,0.6992945717988328,50.0,3.0,0.82,0.18,0.0,0.0,3.0,1.0,0.9937390097567361,1,stable,5
AI4I,47,DTCG-always-roll,4,0.06961850096617404,0.9493128832751475,0.6992945717988328,50.0,1.0,0.88,0.12,0.0,0.0,1.0,1.0,1.0,1,stable,5
AI4I,47,DTCG-always-roll,5,0.0733698317623712,0.9493128832751475,0.6992945717988328,50.0,0.0,0.84,0.16,0.0,0.0,0.0,0.0,1.0,1,rolling-calibration,5
AI4I,47,DTCG-always-roll,6,0.07636508532013174,0.9493128832751475,0.6992945717988328,50.0,1.0,0.96,0.04,0.0,0.0,1.0,1.0,1.0,1,rolling-calibration,5
AI4I,47,DTCG-always-roll,7,0.07680959843733835,0.9493128832751475,0.6992945717988328,50.0,2.0,0.84,0.16,0.5,1.0,1.0,0.5,1.0,1,rolling-calibration,5
AI4I,47,DTCG-always-roll,8,0.07756134897781954,0.9493128832751475,0.6992945717988328,50.0,1.0,0.88,0.12,0.0,0.0,1.0,1.0,1.0,1,rolling-calibration,5
AI4I,47,DTCG-always-roll,9,0.07818592719637896,0.9493128832751475,0.6992945717988328,50.0,0.0,0.94,0.06,0.0,0.0,0.0,0.0,1.0,1,rolling-calibration,5
AI4I,47,DTCG-always-roll,10,0.07882406100263684,0.9493128832751475,0.6992945717988328,50.0,1.0,0.96,0.04,1.0,1.0,0.0,0.0,1.0,1,rolling-calibration,5
AI4I,47,DTCG-always-roll,11,0.07912204504130199,0.9493128832751475,0.6992945717988328,50.0,1.0,0.94,0.06,0.0,0.0,1.0,1.0,1.0,1,rolling-calibration,5
AI4I,47,DTCG-always-roll,12,0.08007460496847492,0.9493128832751475,0.6992945717988328,50.0,2.0,0.9,0.1,0.5,1.0,1.0,0.5,1.0,1,rolling-calibration,5
AI4I,47,DTCG-always-roll,13,0.08032478685988008,0.9493128832751475,0.6992945717988328,50.0,1.0,0.98,0.02,0.0,0.0,1.0,1.0,1.0,1,rolling-calibration,5
AI4I,47,DTCG-always-roll,14,0.08032478685988008,0.9493128832751475,0.6992945717988328,50.0,0.0,1.0,0.0,0.0,0.0,0.0,0.0,1.0,1,rolling-calibration,5
AI4I,47,DTCG-always-roll,15,0.08032478685988008,0.9493128832751475,0.6992945717988328,50.0,0.0,0.98,0.02,0.0,0.0,0.0,0.0,1.0,1,rolling-calibration,5
AI4I,47,DTCG-always-roll,16,0.08072516113803568,0.9493128832751475,0.6992945717988328,50.0,1.0,0.92,0.08,0.0,0.0,1.0,1.0,1.0,1,rolling-calibration,5
AI4I,47,DTCG-always-roll,17,0.08181171616724284,0.9493128832751475,0.6992945717988328,50.0,0.0,0.98,0.02,0.0,0.0,0.0,0.0,1.0,1,rolling-calibration,5
AI4I,47,DTCG-always-roll,18,0.08207179910656506,0.9493128832751475,0.6992945717988328,50.0,1.0,0.96,0.04,0.0,0.0,1.0,1.0,1.0,1,rolling-calibration,5
AI4I,47,DTCG-always-roll,19,0.08239393707880013,0.9493128832751475,0.6992945717988328,50.0,0.0,0.98,0.02,0.0,0.0,0.0,0.0,1.0,1,rolling-calibration,5
AI4I,47,DTCG-always-roll,20,0.08284238501289361,0.9493128832751475,0.6992945717988328,50.0,4.0,0.86,0.14,0.25,1.0,3.0,0.75,1.0,1,rolling-calibration,5
AI4I,47,DTCG-always-roll,21,0.08392104731869436,0.9493128832751475,0.6992945717988328,50.0,1.0,0.96,0.04,0.0,0.0,1.0,1.0,1.0,1,rolling-calibration,5
AI4I,47,DTCG-always-roll,22,0.08454147134812448,0.9493128832751475,0.6992945717988328,50.0,0.0,1.0,0.0,0.0,0.0,0.0,0.0,1.0,1,rolling-calibration,5
AI4I,47,DTCG-always-roll,23,0.08454147134812448,0.9493128832751475,0.6992945717988328,50.0,2.0,0.94,0.06,0.5,1.0,1.0,0.5,1.0,1,rolling-calibration,5
AI4I,47,DTCG-always-roll,24,0.08517680221395388,0.9493128832751475,0.6992945717988328,50.0,0.0,0.96,0.04,0.0,0.0,0.0,0.0,1.0,1,rolling-calibration,5
AI4I,47,DTCG-always-roll,25,0.08603025560510115,0.9493128832751475,0.6992945717988328,50.0,0.0,0.96,0.04,0.0,0.0,0.0,0.0,1.0,1,rolling-calibration,5
AI4I,47,DTCG-always-roll,26,0.08610356315569467,0.9493128832751475,0.6992945717988328,50.0,0.0,0.96,0.04,0.0,0.0,0.0,0.0,1.0,1,rolling-calibration,5
AI4I,47,DTCG-always-roll,27,0.08618604623183782,0.9493128832751475,0.6992945717988328,50.0,0.0,1.0,0.0,0.0,0.0,0.0,0.0,1.0,1,rolling-calibration,5
AI4I,47,DTCG-always-roll,28,0.08618604623183782,0.9493128832751475,0.6992945717988328,50.0,1.0,0.98,0.02,0.0,0.0,1.0,1.0,1.0,1,rolling-calibration,5
AI4I,47,DTCG-always-roll,29,0.08618604623183782,0.9493128832751475,0.6992945717988328,50.0,1.0,0.92,0.08,0.0,0.0,1.0,1.0,1.0,1,rolling-calibration,5
AI4I,47,DTCG-always-roll,30,0.08670888783826676,0.9493128832751475,0.6992945717988328,50.0,0.0,0.98,0.02,0.0,0.0,0.0,0.0,0.9969751147213887,1,rolling-calibration,5
AI4I,47,DTCG-always-roll,31,0.08717033429305406,0.9493128832751475,0.6992945717988328,50.0,1.0,0.98,0.02,1.0,1.0,0.0,0.0,0.9923277905738881,1,rolling-calibration,5
AI4I,47,DTCG-always-roll,32,0.08719444852530728,0.9493128832751475,0.6992945717988328,50.0,1.0,0.98,0.02,0.0,0.0,1.0,1.0,1.0,1,rolling-calibration,5
AI4I,47,DTCG-always-roll,33,0.08719444852530728,0.9493128832751475,0.6992945717988328,50.0,6.0,0.66,0.34,0.0,0.0,6.0,1.0,1.0,1,rolling-calibration,5
AI4I,47,DTCG-always-roll,34,0.09099465311757304,0.9493128832751475,0.6992945717988328,50.0,0.0,0.98,0.02,0.0,0.0,0.0,0.0,1.0,1,rolling-calibration,5
AI4I,47,DTCG-always-roll,35,0.09118755216475061,0.9493128832751475,0.6992945717988328,50.0,2.0,0.94,0.06,0.0,0.0,2.0,1.0,1.0,1,rolling-calibration,5
AI4I,47,DTCG-always-roll,36,0.09118755216475061,0.9493128832751475,0.6992945717988328,50.0,2.0,0.8,0.2,0.0,0.0,2.0,1.0,1.0,1,rolling-calibration,5
AI4I,47,DTCG-always-roll,37,0.09636764868145199,0.9493128832751475,0.6992945717988328,50.0,0.0,0.98,0.02,0.0,0.0,0.0,0.0,1.0,1,rolling-calibration,5
AI4I,47,DTCG-always-roll,38,0.09777006805774134,0.9493128832751475,0.6992945717988328,50.0,0.0,0.96,0.04,0.0,0.0,0.0,0.0,1.0,1,rolling-calibration,5
AI4I,47,DTCG-always-roll,39,0.09782118067690816,0.9493128832751475,0.6992945717988328,50.0,1.0,0.98,0.02,0.0,0.0,1.0,1.0,1.0,1,rolling-calibration,5
AI4I,47,DTCG-min-failures-1,0,0.0,0.9493128832751475,0.6992945717988328,50.0,1.0,0.0,1.0,0.0,0.0,1.0,1.0,0.9266083869829792,1,first-shift-hold,1
AI4I,47,DTCG-min-failures-1,1,0.06961850096617404,0.9493128832751475,0.6992945717988328,50.0,0.0,0.96,0.04,0.0,0.0,0.0,0.0,0.9037128947008566,1,shifted-rolling-calibration,1
AI4I,47,DTCG-min-failures-1,2,0.06961850096617404,0.9493128832751475,0.6992945717988328,50.0,1.0,0.9,0.1,1.0,1.0,0.0,0.0,0.9414660824507372,1,shifted-rolling-calibration,1
AI4I,47,DTCG-min-failures-1,3,0.06961850096617404,0.9493128832751475,0.6992945717988328,50.0,3.0,0.82,0.18,0.0,0.0,3.0,1.0,0.9937390097567361,1,shifted-rolling-calibration,1
AI4I,47,DTCG-min-failures-1,4,0.06961850096617404,0.9493128832751475,0.6992945717988328,50.0,1.0,0.88,0.12,0.0,0.0,1.0,1.0,1.0,1,shifted-rolling-calibration,1
AI4I,47,DTCG-min-failures-1,5,0.06961850096617404,0.9493128832751475,0.6992945717988328,50.0,0.0,0.82,0.18,0.0,0.0,0.0,0.0,1.0,1,shifted-rolling-calibration,1
AI4I,47,DTCG-min-failures-1,6,0.06961850096617404,0.9493128832751475,0.6992945717988328,50.0,1.0,0.96,0.04,0.0,0.0,1.0,1.0,1.0,1,shifted-rolling-calibration,1
AI4I,47,DTCG-min-failures-1,7,0.06961850096617404,0.9493128832751475,0.6992945717988328,50.0,2.0,0.82,0.18,0.0,0.0,2.0,1.0,1.0,1,shifted-rolling-calibration,1
AI4I,47,DTCG-min-failures-1,8,0.06961850096617404,0.9493128832751475,0.6992945717988328,50.0,1.0,0.88,0.12,0.0,0.0,1.0,1.0,1.0,1,shifted-rolling-calibration,1
AI4I,47,DTCG-min-failures-1,9,0.06961850096617404,0.9493128832751475,0.6992945717988328,50.0,0.0,0.94,0.06,0.0,0.0,0.0,0.0,1.0,1,shifted-rolling-calibration,1
AI4I,47,DTCG-min-failures-1,10,0.06961850096617404,0.9493128832751475,0.6992945717988328,50.0,1.0,0.94,0.06,1.0,1.0,0.0,0.0,1.0,1,shifted-rolling-calibration,1
AI4I,47,DTCG-min-failures-1,11,0.06961850096617404,0.9493128832751475,0.6992945717988328,50.0,1.0,0.94,0.06,0.0,0.0,1.0,1.0,1.0,1,shifted-rolling-calibration,1
AI4I,47,DTCG-min-failures-1,12,0.06961850096617404,0.9493128832751475,0.6992945717988328,50.0,2.0,0.88,0.12,0.0,0.0,2.0,1.0,1.0,1,shifted-rolling-calibration,1
AI4I,47,DTCG-min-failures-1,13,0.06961850096617404,0.9493128832751475,0.6992945717988328,50.0,1.0,0.98,0.02,0.0,0.0,1.0,1.0,1.0,1,shifted-rolling-calibration,1
AI4I,47,DTCG-min-failures-1,14,0.06961850096617404,0.9493128832751475,0.6992945717988328,50.0,0.0,1.0,0.0,0.0,0.0,0.0,0.0,1.0,1,shifted-rolling-calibration,1
AI4I,47,DTCG-min-failures-1,15,0.06961850096617404,0.9493128832751475,0.6992945717988328,50.0,0.0,0.96,0.04,0.0,0.0,0.0,0.0,1.0,1,shifted-rolling-calibration,1
AI4I,47,DTCG-min-failures-1,16,0.06961850096617404,0.9493128832751475,0.6992945717988328,50.0,1.0,0.92,0.08,0.0,0.0,1.0,1.0,1.0,1,shifted-rolling-calibration,1
AI4I,47,DTCG-min-failures-1,17,0.06961850096617404,0.9493128832751475,0.6992945717988328,50.0,0.0,0.98,0.02,0.0,0.0,0.0,0.0,1.0,1,shifted-rolling-calibration,1
AI4I,47,DTCG-min-failures-1,18,0.06961850096617404,0.9493128832751475,0.6992945717988328,50.0,1.0,0.96,0.04,0.0,0.0,1.0,1.0,1.0,1,shifted-rolling-calibration,1
AI4I,47,DTCG-min-failures-1,19,0.06961850096617404,0.9493128832751475,0.6992945717988328,50.0,0.0,0.98,0.02,0.0,0.0,0.0,0.0,1.0,1,shifted-rolling-calibration,1
AI4I,47,DTCG-min-failures-1,20,0.06961850096617404,0.9493128832751475,0.6992945717988328,50.0,4.0,0.86,0.14,0.25,1.0,3.0,0.75,1.0,1,shifted-rolling-calibration,1
AI4I,47,DTCG-min-failures-1,21,0.06961850096617404,0.9493128832751475,0.6992945717988328,50.0,1.0,0.96,0.04,0.0,0.0,1.0,1.0,1.0,1,shifted-rolling-calibration,1
AI4I,47,DTCG-min-failures-1,22,0.06961850096617404,0.9493128832751475,0.6992945717988328,50.0,0.0,1.0,0.0,0.0,0.0,0.0,0.0,1.0,1,shifted-rolling-calibration,1
AI4I,47,DTCG-min-failures-1,23,0.06961850096617404,0.9493128832751475,0.6992945717988328,50.0,2.0,0.94,0.06,0.5,1.0,1.0,0.5,1.0,1,shifted-rolling-calibration,1
AI4I,47,DTCG-min-failures-1,24,0.06961850096617404,0.9493128832751475,0.6992945717988328,50.0,0.0,0.96,0.04,0.0,0.0,0.0,0.0,1.0,1,shifted-rolling-calibration,1
AI4I,47,DTCG-min-failures-1,25,0.06961850096617404,0.9493128832751475,0.6992945717988328,50.0,0.0,0.96,0.04,0.0,0.0,0.0,0.0,1.0,1,shifted-rolling-calibration,1
AI4I,47,DTCG-min-failures-1,26,0.06961850096617404,0.9493128832751475,0.6992945717988328,50.0,0.0,0.96,0.04,0.0,0.0,0.0,0.0,1.0,1,shifted-rolling-calibration,1
AI4I,47,DTCG-min-failures-1,27,0.06961850096617404,0.9493128832751475,0.6992945717988328,50.0,0.0,1.0,0.0,0.0,0.0,0.0,0.0,1.0,1,shifted-rolling-calibration,1
AI4I,47,DTCG-min-failures-1,28,0.06961850096617404,0.9493128832751475,0.6992945717988328,50.0,1.0,0.96,0.04,0.0,0.0,1.0,1.0,1.0,1,shifted-rolling-calibration,1
AI4I,47,DTCG-min-failures-1,29,0.06961850096617404,0.9493128832751475,0.6992945717988328,50.0,1.0,0.88,0.12,0.0,0.0,1.0,1.0,1.0,1,shifted-rolling-calibration,1
AI4I,47,DTCG-min-failures-1,30,0.06961850096617404,0.9493128832751475,0.6992945717988328,50.0,0.0,0.96,0.04,0.0,0.0,0.0,0.0,0.9969751147213887,1,shifted-rolling-calibration,1
AI4I,47,DTCG-min-failures-1,31,0.06961850096617404,0.9493128832751475,0.6992945717988328,50.0,1.0,0.92,0.08,1.0,1.0,0.0,0.0,0.9923277905738881,1,shifted-rolling-calibration,1
AI4I,47,DTCG-min-failures-1,32,0.06961850096617404,0.9493128832751475,0.6992945717988328,50.0,1.0,0.96,0.04,0.0,0.0,1.0,1.0,1.0,1,shifted-rolling-calibration,1
AI4I,47,DTCG-min-failures-1,33,0.06961850096617404,0.9493128832751475,0.6992945717988328,50.0,6.0,0.66,0.34,0.0,0.0,6.0,1.0,1.0,1,shifted-rolling-calibration,1
AI4I,47,DTCG-min-failures-1,34,0.06961850096617404,0.9493128832751475,0.6992945717988328,50.0,0.0,0.92,0.08,0.0,0.0,0.0,0.0,1.0,1,shifted-rolling-calibration,1
AI4I,47,DTCG-min-failures-1,35,0.06961850096617404,0.9493128832751475,0.6992945717988328,50.0,2.0,0.94,0.06,0.0,0.0,2.0,1.0,1.0,1,shifted-rolling-calibration,1
AI4I,47,DTCG-min-failures-1,36,0.06961850096617404,0.9493128832751475,0.6992945717988328,50.0,2.0,0.78,0.22,0.0,0.0,2.0,1.0,1.0,1,shifted-rolling-calibration,1
AI4I,47,DTCG-min-failures-1,37,0.06961850096617404,0.9493128832751475,0.6992945717988328,50.0,0.0,0.98,0.02,0.0,0.0,0.0,0.0,1.0,1,shifted-rolling-calibration,1
AI4I,47,DTCG-min-failures-1,38,0.06961850096617404,0.9493128832751475,0.6992945717988328,50.0,0.0,0.96,0.04,0.0,0.0,0.0,0.0,1.0,1,shifted-rolling-calibration,1
AI4I,47,DTCG-min-failures-1,39,0.06961850096617404,0.9493128832751475,0.6992945717988328,50.0,1.0,0.98,0.02,0.0,0.0,1.0,1.0,1.0,1,shifted-rolling-calibration,1
AI4I,47,DTCG-min-failures-10,0,0.0,0.9493128832751475,0.6992945717988328,50.0,1.0,0.0,1.0,0.0,0.0,1.0,1.0,0.9266083869829792,1,first-shift-hold,10
AI4I,47,DTCG-min-failures-10,1,0.06961850096617404,0.9493128832751475,0.6992945717988328,50.0,0.0,0.96,0.04,0.0,0.0,0.0,0.0,0.9037128947008566,1,shifted-base-calibration,10
AI4I,47,DTCG-min-failures-10,2,0.06961850096617404,0.9493128832751475,0.6992945717988328,50.0,1.0,0.9,0.1,1.0,1.0,0.0,0.0,0.9414660824507372,1,shifted-base-calibration,10
AI4I,47,DTCG-min-failures-10,3,0.06961850096617404,0.9493128832751475,0.6992945717988328,50.0,3.0,0.82,0.18,0.0,0.0,3.0,1.0,0.9937390097567361,1,shifted-base-calibration,10
AI4I,47,DTCG-min-failures-10,4,0.06961850096617404,0.9493128832751475,0.6992945717988328,50.0,1.0,0.88,0.12,0.0,0.0,1.0,1.0,1.0,1,shifted-base-calibration,10
AI4I,47,DTCG-min-failures-10,5,0.06961850096617404,0.9493128832751475,0.6992945717988328,50.0,0.0,0.82,0.18,0.0,0.0,0.0,0.0,1.0,1,shifted-base-calibration,10
AI4I,47,DTCG-min-failures-10,6,0.06961850096617404,0.9493128832751475,0.6992945717988328,50.0,1.0,0.96,0.04,0.0,0.0,1.0,1.0,1.0,1,shifted-base-calibration,10
AI4I,47,DTCG-min-failures-10,7,0.06961850096617404,0.9493128832751475,0.6992945717988328,50.0,2.0,0.82,0.18,0.0,0.0,2.0,1.0,1.0,1,shifted-base-calibration,10
AI4I,47,DTCG-min-failures-10,8,0.06961850096617404,0.9493128832751475,0.6992945717988328,50.0,1.0,0.88,0.12,0.0,0.0,1.0,1.0,1.0,1,shifted-base-calibration,10
AI4I,47,DTCG-min-failures-10,9,0.06961850096617404,0.9493128832751475,0.6992945717988328,50.0,0.0,0.94,0.06,0.0,0.0,0.0,0.0,1.0,1,shifted-base-calibration,10
AI4I,47,DTCG-min-failures-10,10,0.06961850096617404,0.9493128832751475,0.6992945717988328,50.0,1.0,0.94,0.06,1.0,1.0,0.0,0.0,1.0,1,shifted-base-calibration,10
AI4I,47,DTCG-min-failures-10,11,0.06961850096617404,0.9493128832751475,0.6992945717988328,50.0,1.0,0.94,0.06,0.0,0.0,1.0,1.0,1.0,1,shifted-base-calibration,10
AI4I,47,DTCG-min-failures-10,12,0.06961850096617404,0.9493128832751475,0.6992945717988328,50.0,2.0,0.88,0.12,0.0,0.0,2.0,1.0,1.0,1,shifted-rolling-calibration,10
AI4I,47,DTCG-min-failures-10,13,0.06961850096617404,0.9493128832751475,0.6992945717988328,50.0,1.0,0.98,0.02,0.0,0.0,1.0,1.0,1.0,1,shifted-rolling-calibration,10
AI4I,47,DTCG-min-failures-10,14,0.06961850096617404,0.9493128832751475,0.6992945717988328,50.0,0.0,1.0,0.0,0.0,0.0,0.0,0.0,1.0,1,shifted-rolling-calibration,10
AI4I,47,DTCG-min-failures-10,15,0.06961850096617404,0.9493128832751475,0.6992945717988328,50.0,0.0,0.96,0.04,0.0,0.0,0.0,0.0,1.0,1,shifted-rolling-calibration,10
AI4I,47,DTCG-min-failures-10,16,0.06961850096617404,0.9493128832751475,0.6992945717988328,50.0,1.0,0.92,0.08,0.0,0.0,1.0,1.0,1.0,1,shifted-rolling-calibration,10
AI4I,47,DTCG-min-failures-10,17,0.06961850096617404,0.9493128832751475,0.6992945717988328,50.0,0.0,0.98,0.02,0.0,0.0,0.0,0.0,1.0,1,shifted-rolling-calibration,10
AI4I,47,DTCG-min-failures-10,18,0.06961850096617404,0.9493128832751475,0.6992945717988328,50.0,1.0,0.96,0.04,0.0,0.0,1.0,1.0,1.0,1,shifted-rolling-calibration,10
AI4I,47,DTCG-min-failures-10,19,0.06961850096617404,0.9493128832751475,0.6992945717988328,50.0,0.0,0.98,0.02,0.0,0.0,0.0,0.0,1.0,1,shifted-rolling-calibration,10
AI4I,47,DTCG-min-failures-10,20,0.06961850096617404,0.9493128832751475,0.6992945717988328,50.0,4.0,0.86,0.14,0.25,1.0,3.0,0.75,1.0,1,shifted-rolling-calibration,10
AI4I,47,DTCG-min-failures-10,21,0.06961850096617404,0.9493128832751475,0.6992945717988328,50.0,1.0,0.96,0.04,0.0,0.0,1.0,1.0,1.0,1,shifted-rolling-calibration,10
AI4I,47,DTCG-min-failures-10,22,0.06961850096617404,0.9493128832751475,0.6992945717988328,50.0,0.0,1.0,0.0,0.0,0.0,0.0,0.0,1.0,1,shifted-rolling-calibration,10
AI4I,47,DTCG-min-failures-10,23,0.06961850096617404,0.9493128832751475,0.6992945717988328,50.0,2.0,0.94,0.06,0.5,1.0,1.0,0.5,1.0,1,shifted-rolling-calibration,10
AI4I,47,DTCG-min-failures-10,24,0.06961850096617404,0.9493128832751475,0.6992945717988328,50.0,0.0,0.96,0.04,0.0,0.0,0.0,0.0,1.0,1,shifted-rolling-calibration,10
AI4I,47,DTCG-min-failures-10,25,0.06961850096617404,0.9493128832751475,0.6992945717988328,50.0,0.0,0.96,0.04,0.0,0.0,0.0,0.0,1.0,1,shifted-rolling-calibration,10
AI4I,47,DTCG-min-failures-10,26,0.06961850096617404,0.9493128832751475,0.6992945717988328,50.0,0.0,0.96,0.04,0.0,0.0,0.0,0.0,1.0,1,shifted-rolling-calibration,10
AI4I,47,DTCG-min-failures-10,27,0.06961850096617404,0.9493128832751475,0.6992945717988328,50.0,0.0,1.0,0.0,0.0,0.0,0.0,0.0,1.0,1,shifted-rolling-calibration,10
AI4I,47,DTCG-min-failures-10,28,0.06961850096617404,0.9493128832751475,0.6992945717988328,50.0,1.0,0.96,0.04,0.0,0.0,1.0,1.0,1.0,1,shifted-rolling-calibration,10
AI4I,47,DTCG-min-failures-10,29,0.06961850096617404,0.9493128832751475,0.6992945717988328,50.0,1.0,0.88,0.12,0.0,0.0,1.0,1.0,1.0,1,shifted-rolling-calibration,10
AI4I,47,DTCG-min-failures-10,30,0.06961850096617404,0.9493128832751475,0.6992945717988328,50.0,0.0,0.96,0.04,0.0,0.0,0.0,0.0,0.9969751147213887,1,shifted-rolling-calibration,10
AI4I,47,DTCG-min-failures-10,31,0.06961850096617404,0.9493128832751475,0.6992945717988328,50.0,1.0,0.92,0.08,1.0,1.0,0.0,0.0,0.9923277905738881,1,shifted-rolling-calibration,10
AI4I,47,DTCG-min-failures-10,32,0.06961850096617404,0.9493128832751475,0.6992945717988328,50.0,1.0,0.96,0.04,0.0,0.0,1.0,1.0,1.0,1,shifted-rolling-calibration,10
AI4I,47,DTCG-min-failures-10,33,0.06961850096617404,0.9493128832751475,0.6992945717988328,50.0,6.0,0.66,0.34,0.0,0.0,6.0,1.0,1.0,1,shifted-rolling-calibration,10
AI4I,47,DTCG-min-failures-10,34,0.06961850096617404,0.9493128832751475,0.6992945717988328,50.0,0.0,0.92,0.08,0.0,0.0,0.0,0.0,1.0,1,shifted-rolling-calibration,10
AI4I,47,DTCG-min-failures-10,35,0.06961850096617404,0.9493128832751475,0.6992945717988328,50.0,2.0,0.94,0.06,0.0,0.0,2.0,1.0,1.0,1,shifted-rolling-calibration,10
AI4I,47,DTCG-min-failures-10,36,0.06961850096617404,0.9493128832751475,0.6992945717988328,50.0,2.0,0.78,0.22,0.0,0.0,2.0,1.0,1.0,1,shifted-rolling-calibration,10
AI4I,47,DTCG-min-failures-10,37,0.06961850096617404,0.9493128832751475,0.6992945717988328,50.0,0.0,0.98,0.02,0.0,0.0,0.0,0.0,1.0,1,shifted-rolling-calibration,10
AI4I,47,DTCG-min-failures-10,38,0.06961850096617404,0.9493128832751475,0.6992945717988328,50.0,0.0,0.96,0.04,0.0,0.0,0.0,0.0,1.0,1,shifted-rolling-calibration,10
AI4I,47,DTCG-min-failures-10,39,0.06961850096617404,0.9493128832751475,0.6992945717988328,50.0,1.0,0.98,0.02,0.0,0.0,1.0,1.0,1.0,1,shifted-rolling-calibration,10
