dataset,seed,method,batch,threshold,test_auc,test_average_precision,n,fail_n,auto_release_rate,inspection_rate,missed_failure_rate,false_accepts,inspected_failure_count,review_fail_capture,domain_auc,shift_flag,mean_density_weight,min_density_weight,median_density_weight,max_density_weight,low_clip_fraction,high_clip_fraction,gate_mode,minimum_failures
SECOM,7,Probability-0.5,0,0.5,0.6638173302107728,0.12056159393382793,50.0,2.0,1.0,0.0,1.0,2.0,0.0,0.0,0.9545704279355105,1,,,,,,,,
SECOM,7,Probability-0.5,1,0.5,0.6638173302107728,0.12056159393382793,50.0,1.0,1.0,0.0,1.0,1.0,0.0,0.0,0.9585405155777944,1,,,,,,,,
SECOM,7,Probability-0.5,2,0.5,0.6638173302107728,0.12056159393382793,50.0,4.0,1.0,0.0,1.0,4.0,0.0,0.0,0.9779045946736904,1,,,,,,,,
SECOM,7,Probability-0.5,3,0.5,0.6638173302107728,0.12056159393382793,50.0,0.0,1.0,0.0,0.0,0.0,0.0,0.0,0.9942422864668256,1,,,,,,,,
SECOM,7,Probability-0.5,4,0.5,0.6638173302107728,0.12056159393382793,50.0,1.0,1.0,0.0,1.0,1.0,0.0,0.0,0.9961292745692149,1,,,,,,,,
SECOM,7,Probability-0.5,5,0.5,0.6638173302107728,0.12056159393382793,50.0,1.0,1.0,0.0,1.0,1.0,0.0,0.0,0.9956280626940486,1,,,,,,,,
SECOM,7,Probability-0.5,6,0.5,0.6638173302107728,0.12056159393382793,50.0,1.0,1.0,0.0,1.0,1.0,0.0,0.0,0.9921783029786934,1,,,,,,,,
SECOM,7,Probability-0.5,7,0.5,0.6638173302107728,0.12056159393382793,50.0,3.0,1.0,0.0,1.0,3.0,0.0,0.0,0.996775300850898,1,,,,,,,,
SECOM,7,Probability-0.5,8,0.5,0.6638173302107728,0.12056159393382793,50.0,5.0,1.0,0.0,1.0,5.0,0.0,0.0,0.9976920461821805,1,,,,,,,,
SECOM,7,Probability-0.5,9,0.5,0.6638173302107728,0.12056159393382793,50.0,1.0,1.0,0.0,1.0,1.0,0.0,0.0,0.9971988795518207,1,,,,,,,,
SECOM,7,Probability-0.5,10,0.5,0.6638173302107728,0.12056159393382793,50.0,9.0,1.0,0.0,1.0,9.0,0.0,0.0,0.994539754236337,1,,,,,,,,
SECOM,7,Probability-0.5,11,0.5,0.6638173302107728,0.12056159393382793,50.0,3.0,1.0,0.0,1.0,3.0,0.0,0.0,0.9950061721467849,1,,,,,,,,
SECOM,7,Probability-0.5,12,0.5,0.6638173302107728,0.12056159393382793,50.0,3.0,1.0,0.0,1.0,3.0,0.0,0.0,0.9967565973757924,1,,,,,,,,
SECOM,7,Probability-0.5,13,0.5,0.6638173302107728,0.12056159393382793,50.0,0.0,1.0,0.0,0.0,0.0,0.0,0.0,0.9927867160218368,1,,,,,,,,
SECOM,7,Probability-0.5,14,0.5,0.6638173302107728,0.12056159393382793,50.0,1.0,1.0,0.0,1.0,1.0,0.0,0.0,0.9974937343358397,1,,,,,,,,
SECOM,7,Probability-0.5,15,0.5,0.6638173302107728,0.12056159393382793,17.0,0.0,1.0,0.0,0.0,0.0,0.0,0.0,0.9960011970224066,1,,,,,,,,
SECOM,7,Global-CP,0,0.20736203858061433,0.6638173302107728,0.12056159393382793,50.0,2.0,1.0,0.0,1.0,2.0,0.0,0.0,0.9545704279355105,1,,,,,,,,
SECOM,7,Global-CP,1,0.20736203858061433,0.6638173302107728,0.12056159393382793,50.0,1.0,1.0,0.0,1.0,1.0,0.0,0.0,0.9585405155777944,1,,,,,,,,
SECOM,7,Global-CP,2,0.20736203858061433,0.6638173302107728,0.12056159393382793,50.0,4.0,1.0,0.0,1.0,4.0,0.0,0.0,0.9779045946736904,1,,,,,,,,
SECOM,7,Global-CP,3,0.20736203858061433,0.6638173302107728,0.12056159393382793,50.0,0.0,1.0,0.0,0.0,0.0,0.0,0.0,0.9942422864668256,1,,,,,,,,
SECOM,7,Global-CP,4,0.20736203858061433,0.6638173302107728,0.12056159393382793,50.0,1.0,0.98,0.02,1.0,1.0,0.0,0.0,0.9961292745692149,1,,,,,,,,
SECOM,7,Global-CP,5,0.20736203858061433,0.6638173302107728,0.12056159393382793,50.0,1.0,0.98,0.02,1.0,1.0,0.0,0.0,0.9956280626940486,1,,,,,,,,
SECOM,7,Global-CP,6,0.20736203858061433,0.6638173302107728,0.12056159393382793,50.0,1.0,0.94,0.06,1.0,1.0,0.0,0.0,0.9921783029786934,1,,,,,,,,
SECOM,7,Global-CP,7,0.20736203858061433,0.6638173302107728,0.12056159393382793,50.0,3.0,0.98,0.02,1.0,3.0,0.0,0.0,0.996775300850898,1,,,,,,,,
SECOM,7,Global-CP,8,0.20736203858061433,0.6638173302107728,0.12056159393382793,50.0,5.0,0.96,0.04,1.0,5.0,0.0,0.0,0.9976920461821805,1,,,,,,,,
SECOM,7,Global-CP,9,0.20736203858061433,0.6638173302107728,0.12056159393382793,50.0,1.0,0.96,0.04,1.0,1.0,0.0,0.0,0.9971988795518207,1,,,,,,,,
SECOM,7,Global-CP,10,0.20736203858061433,0.6638173302107728,0.12056159393382793,50.0,9.0,0.96,0.04,0.8888888888888888,8.0,1.0,0.1111111111111111,0.994539754236337,1,,,,,,,,
SECOM,7,Global-CP,11,0.20736203858061433,0.6638173302107728,0.12056159393382793,50.0,3.0,0.96,0.04,0.6666666666666666,2.0,1.0,0.3333333333333333,0.9950061721467849,1,,,,,,,,
SECOM,7,Global-CP,12,0.20736203858061433,0.6638173302107728,0.12056159393382793,50.0,3.0,1.0,0.0,1.0,3.0,0.0,0.0,0.9967565973757924,1,,,,,,,,
SECOM,7,Global-CP,13,0.20736203858061433,0.6638173302107728,0.12056159393382793,50.0,0.0,1.0,0.0,0.0,0.0,0.0,0.0,0.9927867160218368,1,,,,,,,,
SECOM,7,Global-CP,14,0.20736203858061433,0.6638173302107728,0.12056159393382793,50.0,1.0,1.0,0.0,1.0,1.0,0.0,0.0,0.9974937343358397,1,,,,,,,,
SECOM,7,Global-CP,15,0.20736203858061433,0.6638173302107728,0.12056159393382793,17.0,0.0,1.0,0.0,0.0,0.0,0.0,0.0,0.9960011970224066,1,,,,,,,,
SECOM,7,Mondrian-CP,0,0.10219235075210298,0.6638173302107728,0.12056159393382793,50.0,2.0,0.1,0.9,0.0,0.0,2.0,1.0,0.9545704279355105,1,,,,,,,,
SECOM,7,Mondrian-CP,1,0.10219235075210298,0.6638173302107728,0.12056159393382793,50.0,1.0,0.06,0.94,0.0,0.0,1.0,1.0,0.9585405155777944,1,,,,,,,,
SECOM,7,Mondrian-CP,2,0.10219235075210298,0.6638173302107728,0.12056159393382793,50.0,4.0,0.2,0.8,0.0,0.0,4.0,1.0,0.9779045946736904,1,,,,,,,,
SECOM,7,Mondrian-CP,3,0.10219235075210298,0.6638173302107728,0.12056159393382793,50.0,0.0,0.24,0.76,0.0,0.0,0.0,0.0,0.9942422864668256,1,,,,,,,,
SECOM,7,Mondrian-CP,4,0.10219235075210298,0.6638173302107728,0.12056159393382793,50.0,1.0,0.08,0.92,0.0,0.0,1.0,1.0,0.9961292745692149,1,,,,,,,,
SECOM,7,Mondrian-CP,5,0.10219235075210298,0.6638173302107728,0.12056159393382793,50.0,1.0,0.02,0.98,0.0,0.0,1.0,1.0,0.9956280626940486,1,,,,,,,,
SECOM,7,Mondrian-CP,6,0.10219235075210298,0.6638173302107728,0.12056159393382793,50.0,1.0,0.04,0.96,0.0,0.0,1.0,1.0,0.9921783029786934,1,,,,,,,,
SECOM,7,Mondrian-CP,7,0.10219235075210298,0.6638173302107728,0.12056159393382793,50.0,3.0,0.08,0.92,0.3333333333333333,1.0,2.0,0.6666666666666666,0.996775300850898,1,,,,,,,,
SECOM,7,Mondrian-CP,8,0.10219235075210298,0.6638173302107728,0.12056159393382793,50.0,5.0,0.04,0.96,0.0,0.0,5.0,1.0,0.9976920461821805,1,,,,,,,,
SECOM,7,Mondrian-CP,9,0.10219235075210298,0.6638173302107728,0.12056159393382793,50.0,1.0,0.06,0.94,0.0,0.0,1.0,1.0,0.9971988795518207,1,,,,,,,,
SECOM,7,Mondrian-CP,10,0.10219235075210298,0.6638173302107728,0.12056159393382793,50.0,9.0,0.08,0.92,0.0,0.0,9.0,1.0,0.994539754236337,1,,,,,,,,
SECOM,7,Mondrian-CP,11,0.10219235075210298,0.6638173302107728,0.12056159393382793,50.0,3.0,0.06,0.94,0.0,0.0,3.0,1.0,0.9950061721467849,1,,,,,,,,
SECOM,7,Mondrian-CP,12,0.10219235075210298,0.6638173302107728,0.12056159393382793,50.0,3.0,0.14,0.86,0.0,0.0,3.0,1.0,0.9967565973757924,1,,,,,,,,
SECOM,7,Mondrian-CP,13,0.10219235075210298,0.6638173302107728,0.12056159393382793,50.0,0.0,0.32,0.68,0.0,0.0,0.0,0.0,0.9927867160218368,1,,,,,,,,
SECOM,7,Mondrian-CP,14,0.10219235075210298,0.6638173302107728,0.12056159393382793,50.0,1.0,0.14,0.86,0.0,0.0,1.0,1.0,0.9974937343358397,1,,,,,,,,
SECOM,7,Mondrian-CP,15,0.10219235075210298,0.6638173302107728,0.12056159393382793,17.0,0.0,0.0,1.0,0.0,0.0,0.0,0.0,0.9960011970224066,1,,,,,,,,
SECOM,7,Weighted-Mondrian,0,0.12196530198387778,0.6638173302107728,0.12056159393382793,50.0,2.0,0.22,0.78,0.0,0.0,2.0,1.0,0.9545704279355105,1,0.6109683968624506,0.05,0.43400467138525406,7.4434309173395174,0.0125,0.0,,
SECOM,7,Weighted-Mondrian,1,0.12196530198387778,0.6638173302107728,0.12056159393382793,50.0,1.0,0.26,0.74,0.0,0.0,1.0,1.0,0.9585405155777944,1,0.580411633563007,0.05,0.4216948977911289,4.588874094959471,0.0075,0.0,,
SECOM,7,Weighted-Mondrian,2,0.12196530198387778,0.6638173302107728,0.12056159393382793,50.0,4.0,0.4,0.6,0.0,0.0,4.0,1.0,0.9779045946736904,1,0.4703310128273098,0.05,0.36370554491364876,2.380456099412686,0.005,0.0,,
SECOM,7,Weighted-Mondrian,3,0.12196530198387778,0.6638173302107728,0.12056159393382793,50.0,0.0,0.44,0.56,0.0,0.0,0.0,0.0,0.9942422864668256,1,0.4608220378954613,0.05,0.38208732906022436,2.896878140746557,0.0075,0.0,,
SECOM,7,Weighted-Mondrian,4,0.10799144385026738,0.6638173302107728,0.12056159393382793,50.0,1.0,0.2,0.8,0.0,0.0,1.0,1.0,0.9961292745692149,1,0.4845551950290882,0.05,0.38469180726407975,3.3012918282755956,0.0075,0.0,,
SECOM,7,Weighted-Mondrian,5,0.10799144385026738,0.6638173302107728,0.12056159393382793,50.0,1.0,0.04,0.96,0.0,0.0,1.0,1.0,0.9956280626940486,1,0.46956390012354277,0.05,0.38273132859805936,2.636002965759938,0.005,0.0,,
SECOM,7,Weighted-Mondrian,6,0.10219235075210298,0.6638173302107728,0.12056159393382793,50.0,1.0,0.04,0.96,0.0,0.0,1.0,1.0,0.9921783029786934,1,0.4727517820113051,0.05,0.382170639765417,2.3693538676505455,0.005,0.0,,
SECOM,7,Weighted-Mondrian,7,0.10799144385026738,0.6638173302107728,0.12056159393382793,50.0,3.0,0.1,0.9,0.3333333333333333,1.0,2.0,0.6666666666666666,0.996775300850898,1,0.46807632061835636,0.05,0.36881847783347493,2.5206321259436746,0.01,0.0,,
SECOM,7,Weighted-Mondrian,8,0.10799144385026738,0.6638173302107728,0.12056159393382793,50.0,5.0,0.06,0.94,0.0,0.0,5.0,1.0,0.9976920461821805,1,0.49319791971937993,0.05,0.401676015263598,3.4451338388147734,0.0025,0.0,,
SECOM,7,Weighted-Mondrian,9,0.10799144385026738,0.6638173302107728,0.12056159393382793,50.0,1.0,0.12,0.88,0.0,0.0,1.0,1.0,0.9971988795518207,1,0.4792178956619027,0.05,0.3969244607584481,2.2124511843265213,0.0025,0.0,,
SECOM,7,Weighted-Mondrian,10,0.10219235075210298,0.6638173302107728,0.12056159393382793,50.0,9.0,0.08,0.92,0.0,0.0,9.0,1.0,0.994539754236337,1,0.4772096108994514,0.05,0.39910248208706445,2.778761576630255,0.0075,0.0,,
SECOM,7,Weighted-Mondrian,11,0.10799144385026738,0.6638173302107728,0.12056159393382793,50.0,3.0,0.1,0.9,0.0,0.0,3.0,1.0,0.9950061721467849,1,0.4692752731084467,0.05,0.40461320737041057,2.2131981312233786,0.01,0.0,,
SECOM,7,Weighted-Mondrian,12,0.10799144385026738,0.6638173302107728,0.12056159393382793,50.0,3.0,0.26,0.74,0.0,0.0,3.0,1.0,0.9967565973757924,1,0.46346231721892145,0.05,0.3816355434909815,2.115859056820393,0.0075,0.0,,
SECOM,7,Weighted-Mondrian,13,0.10799144385026738,0.6638173302107728,0.12056159393382793,50.0,0.0,0.34,0.66,0.0,0.0,0.0,0.0,0.9927867160218368,1,0.4541249802892142,0.05,0.3643829585788091,3.5802543109244755,0.0075,0.0,,
SECOM,7,Weighted-Mondrian,14,0.10219235075210298,0.6638173302107728,0.12056159393382793,50.0,1.0,0.14,0.86,0.0,0.0,1.0,1.0,0.9974937343358397,1,0.4604487019532408,0.05,0.36383720803427444,2.304976692195074,0.005,0.0,,
SECOM,7,Weighted-Mondrian,15,0.10799144385026738,0.6638173302107728,0.12056159393382793,17.0,0.0,0.0,1.0,0.0,0.0,0.0,0.0,0.9960011970224066,1,1.651338058240809,0.3963681974338625,1.534045640893841,5.493470819073555,0.0,0.0,,
SECOM,7,Periodic-Rolling-CP,0,0.10219235075210298,0.6638173302107728,0.12056159393382793,50.0,2.0,0.1,0.9,0.0,0.0,2.0,1.0,0.9545704279355105,1,,,,,,,stable,5.0
SECOM,7,Periodic-Rolling-CP,1,0.10219235075210298,0.6638173302107728,0.12056159393382793,50.0,1.0,0.06,0.94,0.0,0.0,1.0,1.0,0.9585405155777944,1,,,,,,,stable,5.0
SECOM,7,Periodic-Rolling-CP,2,0.10219235075210298,0.6638173302107728,0.12056159393382793,50.0,4.0,0.2,0.8,0.0,0.0,4.0,1.0,0.9779045946736904,1,,,,,,,stable,5.0
SECOM,7,Periodic-Rolling-CP,3,0.10799144385026738,0.6638173302107728,0.12056159393382793,50.0,0.0,0.38,0.62,0.0,0.0,0.0,0.0,0.9942422864668256,1,,,,,,,rolling-calibration,5.0
SECOM,7,Periodic-Rolling-CP,4,0.10799144385026738,0.6638173302107728,0.12056159393382793,50.0,1.0,0.2,0.8,0.0,0.0,1.0,1.0,0.9961292745692149,1,,,,,,,rolling-calibration,5.0
SECOM,7,Periodic-Rolling-CP,5,0.10799144385026738,0.6638173302107728,0.12056159393382793,50.0,1.0,0.04,0.96,0.0,0.0,1.0,1.0,0.9956280626940486,1,,,,,,,rolling-calibration,5.0
SECOM,7,Periodic-Rolling-CP,6,0.10799144385026738,0.6638173302107728,0.12056159393382793,50.0,1.0,0.04,0.96,0.0,0.0,1.0,1.0,0.9921783029786934,1,,,,,,,rolling-calibration,5.0
SECOM,7,Periodic-Rolling-CP,7,0.10799144385026738,0.6638173302107728,0.12056159393382793,50.0,3.0,0.1,0.9,0.3333333333333333,1.0,2.0,0.6666666666666666,0.996775300850898,1,,,,,,,rolling-calibration,5.0
SECOM,7,Periodic-Rolling-CP,8,0.10799144385026738,0.6638173302107728,0.12056159393382793,50.0,5.0,0.06,0.94,0.0,0.0,5.0,1.0,0.9976920461821805,1,,,,,,,rolling-calibration,5.0
SECOM,7,Periodic-Rolling-CP,9,0.10799144385026738,0.6638173302107728,0.12056159393382793,50.0,1.0,0.12,0.88,0.0,0.0,1.0,1.0,0.9971988795518207,1,,,,,,,rolling-calibration,5.0
SECOM,7,Periodic-Rolling-CP,10,0.10799144385026738,0.6638173302107728,0.12056159393382793,50.0,9.0,0.18,0.82,0.1111111111111111,1.0,8.0,0.8888888888888888,0.994539754236337,1,,,,,,,rolling-calibration,5.0
SECOM,7,Periodic-Rolling-CP,11,0.11915201243201246,0.6638173302107728,0.12056159393382793,50.0,3.0,0.26,0.74,0.3333333333333333,1.0,2.0,0.6666666666666666,0.9950061721467849,1,,,,,,,rolling-calibration,5.0
SECOM,7,Periodic-Rolling-CP,12,0.11915201243201246,0.6638173302107728,0.12056159393382793,50.0,3.0,0.42,0.58,0.0,0.0,3.0,1.0,0.9967565973757924,1,,,,,,,rolling-calibration,5.0
SECOM,7,Periodic-Rolling-CP,13,0.11915201243201246,0.6638173302107728,0.12056159393382793,50.0,0.0,0.44,0.56,0.0,0.0,0.0,0.0,0.9927867160218368,1,,,,,,,rolling-calibration,5.0
SECOM,7,Periodic-Rolling-CP,14,0.11915201243201246,0.6638173302107728,0.12056159393382793,50.0,1.0,0.36,0.64,1.0,1.0,0.0,0.0,0.9974937343358397,1,,,,,,,rolling-calibration,5.0
SECOM,7,Periodic-Rolling-CP,15,0.10799144385026738,0.6638173302107728,0.12056159393382793,17.0,0.0,0.0,1.0,0.0,0.0,0.0,0.0,0.9960011970224066,1,,,,,,,rolling-calibration,5.0
SECOM,7,DTCG-Proposed,0,0.0,0.6638173302107728,0.12056159393382793,50.0,2.0,0.0,1.0,0.0,0.0,2.0,1.0,0.9545704279355105,1,,,,,,,first-shift-hold,5.0
SECOM,7,DTCG-Proposed,1,0.10219235075210298,0.6638173302107728,0.12056159393382793,50.0,1.0,0.06,0.94,0.0,0.0,1.0,1.0,0.9585405155777944,1,,,,,,,shifted-base-calibration,5.0
SECOM,7,DTCG-Proposed,2,0.10219235075210298,0.6638173302107728,0.12056159393382793,50.0,4.0,0.2,0.8,0.0,0.0,4.0,1.0,0.9779045946736904,1,,,,,,,shifted-base-calibration,5.0
SECOM,7,DTCG-Proposed,3,0.10219235075210298,0.6638173302107728,0.12056159393382793,50.0,0.0,0.24,0.76,0.0,0.0,0.0,0.0,0.9942422864668256,1,,,,,,,shifted-rolling-calibration,5.0
SECOM,7,DTCG-Proposed,4,0.10219235075210298,0.6638173302107728,0.12056159393382793,50.0,1.0,0.08,0.92,0.0,0.0,1.0,1.0,0.9961292745692149,1,,,,,,,shifted-rolling-calibration,5.0
SECOM,7,DTCG-Proposed,5,0.10219235075210298,0.6638173302107728,0.12056159393382793,50.0,1.0,0.02,0.98,0.0,0.0,1.0,1.0,0.9956280626940486,1,,,,,,,shifted-rolling-calibration,5.0
SECOM,7,DTCG-Proposed,6,0.10219235075210298,0.6638173302107728,0.12056159393382793,50.0,1.0,0.04,0.96,0.0,0.0,1.0,1.0,0.9921783029786934,1,,,,,,,shifted-rolling-calibration,5.0
SECOM,7,DTCG-Proposed,7,0.10219235075210298,0.6638173302107728,0.12056159393382793,50.0,3.0,0.08,0.92,0.3333333333333333,1.0,2.0,0.6666666666666666,0.996775300850898,1,,,,,,,shifted-rolling-calibration,5.0
SECOM,7,DTCG-Proposed,8,0.10219235075210298,0.6638173302107728,0.12056159393382793,50.0,5.0,0.04,0.96,0.0,0.0,5.0,1.0,0.9976920461821805,1,,,,,,,shifted-rolling-calibration,5.0
SECOM,7,DTCG-Proposed,9,0.10219235075210298,0.6638173302107728,0.12056159393382793,50.0,1.0,0.06,0.94,0.0,0.0,1.0,1.0,0.9971988795518207,1,,,,,,,shifted-rolling-calibration,5.0
SECOM,7,DTCG-Proposed,10,0.10219235075210298,0.6638173302107728,0.12056159393382793,50.0,9.0,0.08,0.92,0.0,0.0,9.0,1.0,0.994539754236337,1,,,,,,,shifted-rolling-calibration,5.0
SECOM,7,DTCG-Proposed,11,0.10219235075210298,0.6638173302107728,0.12056159393382793,50.0,3.0,0.06,0.94,0.0,0.0,3.0,1.0,0.9950061721467849,1,,,,,,,shifted-rolling-calibration,5.0
SECOM,7,DTCG-Proposed,12,0.10219235075210298,0.6638173302107728,0.12056159393382793,50.0,3.0,0.14,0.86,0.0,0.0,3.0,1.0,0.9967565973757924,1,,,,,,,shifted-rolling-calibration,5.0
SECOM,7,DTCG-Proposed,13,0.10219235075210298,0.6638173302107728,0.12056159393382793,50.0,0.0,0.32,0.68,0.0,0.0,0.0,0.0,0.9927867160218368,1,,,,,,,shifted-rolling-calibration,5.0
SECOM,7,DTCG-Proposed,14,0.10219235075210298,0.6638173302107728,0.12056159393382793,50.0,1.0,0.14,0.86,0.0,0.0,1.0,1.0,0.9974937343358397,1,,,,,,,shifted-rolling-calibration,5.0
SECOM,7,DTCG-Proposed,15,0.10219235075210298,0.6638173302107728,0.12056159393382793,17.0,0.0,0.0,1.0,0.0,0.0,0.0,0.0,0.9960011970224066,1,,,,,,,shifted-rolling-calibration,5.0
SECOM,17,Probability-0.5,0,0.5,0.7056986729117877,0.13079104836351,50.0,2.0,1.0,0.0,1.0,2.0,0.0,0.0,0.9637407005221569,1,,,,,,,,
SECOM,17,Probability-0.5,1,0.5,0.7056986729117877,0.13079104836351,50.0,1.0,1.0,0.0,1.0,1.0,0.0,0.0,0.950356782540196,1,,,,,,,,
SECOM,17,Probability-0.5,2,0.5,0.7056986729117877,0.13079104836351,50.0,4.0,1.0,0.0,1.0,4.0,0.0,0.0,0.9993941999423493,1,,,,,,,,
SECOM,17,Probability-0.5,3,0.5,0.7056986729117877,0.13079104836351,50.0,0.0,1.0,0.0,0.0,0.0,0.0,0.0,0.992985027868178,1,,,,,,,,
SECOM,17,Probability-0.5,4,0.5,0.7056986729117877,0.13079104836351,50.0,1.0,1.0,0.0,1.0,1.0,0.0,0.0,0.9922237551737112,1,,,,,,,,
SECOM,17,Probability-0.5,5,0.5,0.7056986729117877,0.13079104836351,50.0,1.0,1.0,0.0,1.0,1.0,0.0,0.0,0.9939393864380001,1,,,,,,,,
SECOM,17,Probability-0.5,6,0.5,0.7056986729117877,0.13079104836351,50.0,1.0,1.0,0.0,1.0,1.0,0.0,0.0,0.9927947612666433,1,,,,,,,,
SECOM,17,Probability-0.5,7,0.5,0.7056986729117877,0.13079104836351,50.0,3.0,1.0,0.0,1.0,3.0,0.0,0.0,0.994711317362766,1,,,,,,,,
SECOM,17,Probability-0.5,8,0.5,0.7056986729117877,0.13079104836351,50.0,5.0,1.0,0.0,1.0,5.0,0.0,0.0,0.995882691254035,1,,,,,,,,
SECOM,17,Probability-0.5,9,0.5,0.7056986729117877,0.13079104836351,50.0,1.0,1.0,0.0,1.0,1.0,0.0,0.0,0.9946926138876604,1,,,,,,,,
SECOM,17,Probability-0.5,10,0.5,0.7056986729117877,0.13079104836351,50.0,9.0,1.0,0.0,1.0,9.0,0.0,0.0,0.9921863482234999,1,,,,,,,,
SECOM,17,Probability-0.5,11,0.5,0.7056986729117877,0.13079104836351,50.0,3.0,1.0,0.0,1.0,3.0,0.0,0.0,0.9941403112698338,1,,,,,,,,
SECOM,17,Probability-0.5,12,0.5,0.7056986729117877,0.13079104836351,50.0,3.0,1.0,0.0,1.0,3.0,0.0,0.0,0.9914679147385584,1,,,,,,,,
SECOM,17,Probability-0.5,13,0.5,0.7056986729117877,0.13079104836351,50.0,0.0,1.0,0.0,0.0,0.0,0.0,0.0,0.9808344390387734,1,,,,,,,,
SECOM,17,Probability-0.5,14,0.5,0.7056986729117877,0.13079104836351,50.0,1.0,1.0,0.0,1.0,1.0,0.0,0.0,0.9900927967416345,1,,,,,,,,
SECOM,17,Probability-0.5,15,0.5,0.7056986729117877,0.13079104836351,17.0,0.0,1.0,0.0,0.0,0.0,0.0,0.0,0.9950061721467849,1,,,,,,,,
SECOM,17,Global-CP,0,0.21614904154668846,0.7056986729117877,0.13079104836351,50.0,2.0,1.0,0.0,1.0,2.0,0.0,0.0,0.9637407005221569,1,,,,,,,,
SECOM,17,Global-CP,1,0.21614904154668846,0.7056986729117877,0.13079104836351,50.0,1.0,1.0,0.0,1.0,1.0,0.0,0.0,0.950356782540196,1,,,,,,,,
SECOM,17,Global-CP,2,0.21614904154668846,0.7056986729117877,0.13079104836351,50.0,4.0,0.98,0.02,0.75,3.0,1.0,0.25,0.9993941999423493,1,,,,,,,,
SECOM,17,Global-CP,3,0.21614904154668846,0.7056986729117877,0.13079104836351,50.0,0.0,1.0,0.0,0.0,0.0,0.0,0.0,0.992985027868178,1,,,,,,,,
SECOM,17,Global-CP,4,0.21614904154668846,0.7056986729117877,0.13079104836351,50.0,1.0,0.98,0.02,1.0,1.0,0.0,0.0,0.9922237551737112,1,,,,,,,,
SECOM,17,Global-CP,5,0.21614904154668846,0.7056986729117877,0.13079104836351,50.0,1.0,0.98,0.02,1.0,1.0,0.0,0.0,0.9939393864380001,1,,,,,,,,
SECOM,17,Global-CP,6,0.21614904154668846,0.7056986729117877,0.13079104836351,50.0,1.0,1.0,0.0,1.0,1.0,0.0,0.0,0.9927947612666433,1,,,,,,,,
SECOM,17,Global-CP,7,0.21614904154668846,0.7056986729117877,0.13079104836351,50.0,3.0,0.98,0.02,1.0,3.0,0.0,0.0,0.994711317362766,1,,,,,,,,
SECOM,17,Global-CP,8,0.21614904154668846,0.7056986729117877,0.13079104836351,50.0,5.0,0.98,0.02,1.0,5.0,0.0,0.0,0.995882691254035,1,,,,,,,,
SECOM,17,Global-CP,9,0.21614904154668846,0.7056986729117877,0.13079104836351,50.0,1.0,1.0,0.0,1.0,1.0,0.0,0.0,0.9946926138876604,1,,,,,,,,
SECOM,17,Global-CP,10,0.21614904154668846,0.7056986729117877,0.13079104836351,50.0,9.0,0.96,0.04,0.8888888888888888,8.0,1.0,0.1111111111111111,0.9921863482234999,1,,,,,,,,
SECOM,17,Global-CP,11,0.21614904154668846,0.7056986729117877,0.13079104836351,50.0,3.0,0.98,0.02,1.0,3.0,0.0,0.0,0.9941403112698338,1,,,,,,,,
SECOM,17,Global-CP,12,0.21614904154668846,0.7056986729117877,0.13079104836351,50.0,3.0,1.0,0.0,1.0,3.0,0.0,0.0,0.9914679147385584,1,,,,,,,,
SECOM,17,Global-CP,13,0.21614904154668846,0.7056986729117877,0.13079104836351,50.0,0.0,1.0,0.0,0.0,0.0,0.0,0.0,0.9808344390387734,1,,,,,,,,
SECOM,17,Global-CP,14,0.21614904154668846,0.7056986729117877,0.13079104836351,50.0,1.0,1.0,0.0,1.0,1.0,0.0,0.0,0.9900927967416345,1,,,,,,,,
SECOM,17,Global-CP,15,0.21614904154668846,0.7056986729117877,0.13079104836351,17.0,0.0,1.0,0.0,0.0,0.0,0.0,0.0,0.9950061721467849,1,,,,,,,,
SECOM,17,Mondrian-CP,0,0.11768610474492824,0.7056986729117877,0.13079104836351,50.0,2.0,0.24,0.76,0.0,0.0,2.0,1.0,0.9637407005221569,1,,,,,,,,
SECOM,17,Mondrian-CP,1,0.11768610474492824,0.7056986729117877,0.13079104836351,50.0,1.0,0.16,0.84,0.0,0.0,1.0,1.0,0.950356782540196,1,,,,,,,,
SECOM,17,Mondrian-CP,2,0.11768610474492824,0.7056986729117877,0.13079104836351,50.0,4.0,0.42,0.58,0.0,0.0,4.0,1.0,0.9993941999423493,1,,,,,,,,
SECOM,17,Mondrian-CP,3,0.11768610474492824,0.7056986729117877,0.13079104836351,50.0,0.0,0.38,0.62,0.0,0.0,0.0,0.0,0.992985027868178,1,,,,,,,,
SECOM,17,Mondrian-CP,4,0.11768610474492824,0.7056986729117877,0.13079104836351,50.0,1.0,0.2,0.8,0.0,0.0,1.0,1.0,0.9922237551737112,1,,,,,,,,
SECOM,17,Mondrian-CP,5,0.11768610474492824,0.7056986729117877,0.13079104836351,50.0,1.0,0.06,0.94,0.0,0.0,1.0,1.0,0.9939393864380001,1,,,,,,,,
SECOM,17,Mondrian-CP,6,0.11768610474492824,0.7056986729117877,0.13079104836351,50.0,1.0,0.02,0.98,0.0,0.0,1.0,1.0,0.9927947612666433,1,,,,,,,,
SECOM,17,Mondrian-CP,7,0.11768610474492824,0.7056986729117877,0.13079104836351,50.0,3.0,0.04,0.96,0.3333333333333333,1.0,2.0,0.6666666666666666,0.994711317362766,1,,,,,,,,
SECOM,17,Mondrian-CP,8,0.11768610474492824,0.7056986729117877,0.13079104836351,50.0,5.0,0.12,0.88,0.0,0.0,5.0,1.0,0.995882691254035,1,,,,,,,,
SECOM,17,Mondrian-CP,9,0.11768610474492824,0.7056986729117877,0.13079104836351,50.0,1.0,0.14,0.86,0.0,0.0,1.0,1.0,0.9946926138876604,1,,,,,,,,
SECOM,17,Mondrian-CP,10,0.11768610474492824,0.7056986729117877,0.13079104836351,50.0,9.0,0.18,0.82,0.1111111111111111,1.0,8.0,0.8888888888888888,0.9921863482234999,1,,,,,,,,
SECOM,17,Mondrian-CP,11,0.11768610474492824,0.7056986729117877,0.13079104836351,50.0,3.0,0.16,0.84,0.0,0.0,3.0,1.0,0.9941403112698338,1,,,,,,,,
SECOM,17,Mondrian-CP,12,0.11768610474492824,0.7056986729117877,0.13079104836351,50.0,3.0,0.32,0.68,0.0,0.0,3.0,1.0,0.9914679147385584,1,,,,,,,,
SECOM,17,Mondrian-CP,13,0.11768610474492824,0.7056986729117877,0.13079104836351,50.0,0.0,0.42,0.58,0.0,0.0,0.0,0.0,0.9808344390387734,1,,,,,,,,
SECOM,17,Mondrian-CP,14,0.11768610474492824,0.7056986729117877,0.13079104836351,50.0,1.0,0.26,0.74,0.0,0.0,1.0,1.0,0.9900927967416345,1,,,,,,,,
SECOM,17,Mondrian-CP,15,0.11768610474492824,0.7056986729117877,0.13079104836351,17.0,0.0,0.23529411764705882,0.7647058823529411,0.0,0.0,0.0,0.0,0.9950061721467849,1,,,,,,,,
SECOM,17,Weighted-Mondrian,0,0.13786357172239516,0.7056986729117877,0.13079104836351,50.0,2.0,0.44,0.56,0.5,1.0,1.0,0.5,0.9637407005221569,1,0.6109683968624506,0.05,0.43400467138525406,7.4434309173395174,0.0125,0.0,,
SECOM,17,Weighted-Mondrian,1,0.11768610474492824,0.7056986729117877,0.13079104836351,50.0,1.0,0.16,0.84,0.0,0.0,1.0,1.0,0.950356782540196,1,0.580411633563007,0.05,0.4216948977911289,4.588874094959471,0.0075,0.0,,
SECOM,17,Weighted-Mondrian,2,0.13387032891429174,0.7056986729117877,0.13079104836351,50.0,4.0,0.62,0.38,0.0,0.0,4.0,1.0,0.9993941999423493,1,0.4703310128273098,0.05,0.36370554491364876,2.380456099412686,0.005,0.0,,
SECOM,17,Weighted-Mondrian,3,0.13387032891429174,0.7056986729117877,0.13079104836351,50.0,0.0,0.68,0.32,0.0,0.0,0.0,0.0,0.992985027868178,1,0.4608220378954613,0.05,0.38208732906022436,2.896878140746557,0.0075,0.0,,
SECOM,17,Weighted-Mondrian,4,0.13387032891429174,0.7056986729117877,0.13079104836351,50.0,1.0,0.38,0.62,0.0,0.0,1.0,1.0,0.9922237551737112,1,0.4845551950290882,0.05,0.38469180726407975,3.3012918282755956,0.0075,0.0,,
SECOM,17,Weighted-Mondrian,5,0.13387032891429174,0.7056986729117877,0.13079104836351,50.0,1.0,0.12,0.88,0.0,0.0,1.0,1.0,0.9939393864380001,1,0.46956390012354277,0.05,0.38273132859805936,2.636002965759938,0.005,0.0,,
SECOM,17,Weighted-Mondrian,6,0.13387032891429174,0.7056986729117877,0.13079104836351,50.0,1.0,0.26,0.74,0.0,0.0,1.0,1.0,0.9927947612666433,1,0.4727517820113051,0.05,0.382170639765417,2.3693538676505455,0.005,0.0,,
SECOM,17,Weighted-Mondrian,7,0.13387032891429174,0.7056986729117877,0.13079104836351,50.0,3.0,0.32,0.68,0.3333333333333333,1.0,2.0,0.6666666666666666,0.994711317362766,1,0.46807632061835636,0.05,0.36881847783347493,2.5206321259436746,0.01,0.0,,
SECOM,17,Weighted-Mondrian,8,0.13387032891429174,0.7056986729117877,0.13079104836351,50.0,5.0,0.3,0.7,0.0,0.0,5.0,1.0,0.995882691254035,1,0.49319791971937993,0.05,0.401676015263598,3.4451338388147734,0.0025,0.0,,
SECOM,17,Weighted-Mondrian,9,0.13387032891429174,0.7056986729117877,0.13079104836351,50.0,1.0,0.36,0.64,0.0,0.0,1.0,1.0,0.9946926138876604,1,0.4792178956619027,0.05,0.3969244607584481,2.2124511843265213,0.0025,0.0,,
SECOM,17,Weighted-Mondrian,10,0.13387032891429174,0.7056986729117877,0.13079104836351,50.0,9.0,0.38,0.62,0.3333333333333333,3.0,6.0,0.6666666666666666,0.9921863482234999,1,0.4772096108994514,0.05,0.39910248208706445,2.778761576630255,0.0075,0.0,,
SECOM,17,Weighted-Mondrian,11,0.13387032891429174,0.7056986729117877,0.13079104836351,50.0,3.0,0.3,0.7,0.0,0.0,3.0,1.0,0.9941403112698338,1,0.4692752731084467,0.05,0.40461320737041057,2.2131981312233786,0.01,0.0,,
SECOM,17,Weighted-Mondrian,12,0.13387032891429174,0.7056986729117877,0.13079104836351,50.0,3.0,0.58,0.42,0.0,0.0,3.0,1.0,0.9914679147385584,1,0.46346231721892145,0.05,0.3816355434909815,2.115859056820393,0.0075,0.0,,
SECOM,17,Weighted-Mondrian,13,0.13387032891429174,0.7056986729117877,0.13079104836351,50.0,0.0,0.74,0.26,0.0,0.0,0.0,0.0,0.9808344390387734,1,0.4541249802892142,0.05,0.3643829585788091,3.5802543109244755,0.0075,0.0,,
SECOM,17,Weighted-Mondrian,14,0.13387032891429174,0.7056986729117877,0.13079104836351,50.0,1.0,0.46,0.54,0.0,0.0,1.0,1.0,0.9900927967416345,1,0.4604487019532408,0.05,0.36383720803427444,2.304976692195074,0.005,0.0,,
SECOM,17,Weighted-Mondrian,15,0.13387032891429174,0.7056986729117877,0.13079104836351,17.0,0.0,0.35294117647058826,0.6470588235294118,0.0,0.0,0.0,0.0,0.9950061721467849,1,1.651338058240809,0.3963681974338625,1.534045640893841,5.493470819073555,0.0,0.0,,
SECOM,17,Periodic-Rolling-CP,0,0.11768610474492824,0.7056986729117877,0.13079104836351,50.0,2.0,0.24,0.76,0.0,0.0,2.0,1.0,0.9637407005221569,1,,,,,,,stable,5.0
SECOM,17,Periodic-Rolling-CP,1,0.11768610474492824,0.7056986729117877,0.13079104836351,50.0,1.0,0.16,0.84,0.0,0.0,1.0,1.0,0.950356782540196,1,,,,,,,stable,5.0
SECOM,17,Periodic-Rolling-CP,2,0.11768610474492824,0.7056986729117877,0.13079104836351,50.0,4.0,0.42,0.58,0.0,0.0,4.0,1.0,0.9993941999423493,1,,,,,,,stable,5.0
SECOM,17,Periodic-Rolling-CP,3,0.12750631016042768,0.7056986729117877,0.13079104836351,50.0,0.0,0.62,0.38,0.0,0.0,0.0,0.0,0.992985027868178,1,,,,,,,rolling-calibration,5.0
SECOM,17,Periodic-Rolling-CP,4,0.12750631016042768,0.7056986729117877,0.13079104836351,50.0,1.0,0.32,0.68,0.0,0.0,1.0,1.0,0.9922237551737112,1,,,,,,,rolling-calibration,5.0
SECOM,17,Periodic-Rolling-CP,5,0.12750631016042768,0.7056986729117877,0.13079104836351,50.0,1.0,0.06,0.94,0.0,0.0,1.0,1.0,0.9939393864380001,1,,,,,,,rolling-calibration,5.0
SECOM,17,Periodic-Rolling-CP,6,0.12750631016042768,0.7056986729117877,0.13079104836351,50.0,1.0,0.16,0.84,0.0,0.0,1.0,1.0,0.9927947612666433,1,,,,,,,rolling-calibration,5.0
SECOM,17,Periodic-Rolling-CP,7,0.13387032891429174,0.7056986729117877,0.13079104836351,50.0,3.0,0.32,0.68,0.3333333333333333,1.0,2.0,0.6666666666666666,0.994711317362766,1,,,,,,,rolling-calibration,5.0
SECOM,17,Periodic-Rolling-CP,8,0.13387032891429174,0.7056986729117877,0.13079104836351,50.0,5.0,0.3,0.7,0.0,0.0,5.0,1.0,0.995882691254035,1,,,,,,,rolling-calibration,5.0
SECOM,17,Periodic-Rolling-CP,9,0.13387032891429174,0.7056986729117877,0.13079104836351,50.0,1.0,0.36,0.64,0.0,0.0,1.0,1.0,0.9946926138876604,1,,,,,,,rolling-calibration,5.0
SECOM,17,Periodic-Rolling-CP,10,0.13387032891429174,0.7056986729117877,0.13079104836351,50.0,9.0,0.38,0.62,0.3333333333333333,3.0,6.0,0.6666666666666666,0.9921863482234999,1,,,,,,,rolling-calibration,5.0
SECOM,17,Periodic-Rolling-CP,11,0.13786357172239516,0.7056986729117877,0.13079104836351,50.0,3.0,0.34,0.66,0.0,0.0,3.0,1.0,0.9941403112698338,1,,,,,,,rolling-calibration,5.0
SECOM,17,Periodic-Rolling-CP,12,0.13786357172239516,0.7056986729117877,0.13079104836351,50.0,3.0,0.62,0.38,0.0,0.0,3.0,1.0,0.9914679147385584,1,,,,,,,rolling-calibration,5.0
SECOM,17,Periodic-Rolling-CP,13,0.13786357172239516,0.7056986729117877,0.13079104836351,50.0,0.0,0.76,0.24,0.0,0.0,0.0,0.0,0.9808344390387734,1,,,,,,,rolling-calibration,5.0
SECOM,17,Periodic-Rolling-CP,14,0.13786357172239516,0.7056986729117877,0.13079104836351,50.0,1.0,0.54,0.46,0.0,0.0,1.0,1.0,0.9900927967416345,1,,,,,,,rolling-calibration,5.0
SECOM,17,Periodic-Rolling-CP,15,0.13786357172239516,0.7056986729117877,0.13079104836351,17.0,0.0,0.35294117647058826,0.6470588235294118,0.0,0.0,0.0,0.0,0.9950061721467849,1,,,,,,,rolling-calibration,5.0
SECOM,17,DTCG-Proposed,0,0.0,0.7056986729117877,0.13079104836351,50.0,2.0,0.0,1.0,0.0,0.0,2.0,1.0,0.9637407005221569,1,,,,,,,first-shift-hold,5.0
SECOM,17,DTCG-Proposed,1,0.11768610474492824,0.7056986729117877,0.13079104836351,50.0,1.0,0.16,0.84,0.0,0.0,1.0,1.0,0.950356782540196,1,,,,,,,shifted-base-calibration,5.0
SECOM,17,DTCG-Proposed,2,0.11768610474492824,0.7056986729117877,0.13079104836351,50.0,4.0,0.42,0.58,0.0,0.0,4.0,1.0,0.9993941999423493,1,,,,,,,shifted-base-calibration,5.0
SECOM,17,DTCG-Proposed,3,0.11768610474492824,0.7056986729117877,0.13079104836351,50.0,0.0,0.38,0.62,0.0,0.0,0.0,0.0,0.992985027868178,1,,,,,,,shifted-rolling-calibration,5.0
SECOM,17,DTCG-Proposed,4,0.11768610474492824,0.7056986729117877,0.13079104836351,50.0,1.0,0.2,0.8,0.0,0.0,1.0,1.0,0.9922237551737112,1,,,,,,,shifted-rolling-calibration,5.0
SECOM,17,DTCG-Proposed,5,0.11768610474492824,0.7056986729117877,0.13079104836351,50.0,1.0,0.06,0.94,0.0,0.0,1.0,1.0,0.9939393864380001,1,,,,,,,shifted-rolling-calibration,5.0
SECOM,17,DTCG-Proposed,6,0.11768610474492824,0.7056986729117877,0.13079104836351,50.0,1.0,0.02,0.98,0.0,0.0,1.0,1.0,0.9927947612666433,1,,,,,,,shifted-rolling-calibration,5.0
SECOM,17,DTCG-Proposed,7,0.11768610474492824,0.7056986729117877,0.13079104836351,50.0,3.0,0.04,0.96,0.3333333333333333,1.0,2.0,0.6666666666666666,0.994711317362766,1,,,,,,,shifted-rolling-calibration,5.0
SECOM,17,DTCG-Proposed,8,0.11768610474492824,0.7056986729117877,0.13079104836351,50.0,5.0,0.12,0.88,0.0,0.0,5.0,1.0,0.995882691254035,1,,,,,,,shifted-rolling-calibration,5.0
SECOM,17,DTCG-Proposed,9,0.11768610474492824,0.7056986729117877,0.13079104836351,50.0,1.0,0.14,0.86,0.0,0.0,1.0,1.0,0.9946926138876604,1,,,,,,,shifted-rolling-calibration,5.0
SECOM,17,DTCG-Proposed,10,0.11768610474492824,0.7056986729117877,0.13079104836351,50.0,9.0,0.18,0.82,0.1111111111111111,1.0,8.0,0.8888888888888888,0.9921863482234999,1,,,,,,,shifted-rolling-calibration,5.0
SECOM,17,DTCG-Proposed,11,0.11768610474492824,0.7056986729117877,0.13079104836351,50.0,3.0,0.16,0.84,0.0,0.0,3.0,1.0,0.9941403112698338,1,,,,,,,shifted-rolling-calibration,5.0
SECOM,17,DTCG-Proposed,12,0.11768610474492824,0.7056986729117877,0.13079104836351,50.0,3.0,0.32,0.68,0.0,0.0,3.0,1.0,0.9914679147385584,1,,,,,,,shifted-rolling-calibration,5.0
SECOM,17,DTCG-Proposed,13,0.11768610474492824,0.7056986729117877,0.13079104836351,50.0,0.0,0.42,0.58,0.0,0.0,0.0,0.0,0.9808344390387734,1,,,,,,,shifted-rolling-calibration,5.0
SECOM,17,DTCG-Proposed,14,0.11768610474492824,0.7056986729117877,0.13079104836351,50.0,1.0,0.26,0.74,0.0,0.0,1.0,1.0,0.9900927967416345,1,,,,,,,shifted-rolling-calibration,5.0
SECOM,17,DTCG-Proposed,15,0.11768610474492824,0.7056986729117877,0.13079104836351,17.0,0.0,0.23529411764705882,0.7647058823529411,0.0,0.0,0.0,0.0,0.9950061721467849,1,,,,,,,shifted-rolling-calibration,5.0
SECOM,27,Probability-0.5,0,0.5,0.6982045277127245,0.11361623680743654,50.0,2.0,1.0,0.0,1.0,2.0,0.0,0.0,0.9521315497919515,1,,,,,,,,
SECOM,27,Probability-0.5,1,0.5,0.6982045277127245,0.11361623680743654,50.0,1.0,1.0,0.0,1.0,1.0,0.0,0.0,0.9586183550403664,1,,,,,,,,
SECOM,27,Probability-0.5,2,0.5,0.6982045277127245,0.11361623680743654,50.0,4.0,1.0,0.0,1.0,4.0,0.0,0.0,0.9998525726079905,1,,,,,,,,
SECOM,27,Probability-0.5,3,0.5,0.6982045277127245,0.11361623680743654,50.0,0.0,1.0,0.0,0.0,0.0,0.0,0.0,0.9927680125467312,1,,,,,,,,
SECOM,27,Probability-0.5,4,0.5,0.6982045277127245,0.11361623680743654,50.0,1.0,1.0,0.0,1.0,1.0,0.0,0.0,0.996038163890851,1,,,,,,,,
SECOM,27,Probability-0.5,5,0.5,0.6982045277127245,0.11361623680743654,50.0,1.0,1.0,0.0,1.0,1.0,0.0,0.0,0.9964804460668791,1,,,,,,,,
SECOM,27,Probability-0.5,6,0.5,0.6982045277127245,0.11361623680743654,50.0,1.0,1.0,0.0,1.0,1.0,0.0,0.0,0.9926286303995283,1,,,,,,,,
SECOM,27,Probability-0.5,7,0.5,0.6982045277127245,0.11361623680743654,50.0,3.0,1.0,0.0,1.0,3.0,0.0,0.0,0.9969066377532946,1,,,,,,,,
SECOM,27,Probability-0.5,8,0.5,0.6982045277127245,0.11361623680743654,50.0,5.0,1.0,0.0,1.0,5.0,0.0,0.0,0.9967833460957046,1,,,,,,,,
SECOM,27,Probability-0.5,9,0.5,0.6982045277127245,0.11361623680743654,50.0,1.0,1.0,0.0,1.0,1.0,0.0,0.0,0.9958720330237357,1,,,,,,,,
SECOM,27,Probability-0.5,10,0.5,0.6982045277127245,0.11361623680743654,50.0,9.0,1.0,0.0,1.0,9.0,0.0,0.0,0.9996970999711746,1,,,,,,,,
SECOM,27,Probability-0.5,11,0.5,0.6982045277127245,0.11361623680743654,50.0,3.0,1.0,0.0,1.0,3.0,0.0,0.0,0.9967565973757925,1,,,,,,,,
SECOM,27,Probability-0.5,12,0.5,0.6982045277127245,0.11361623680743654,50.0,3.0,1.0,0.0,1.0,3.0,0.0,0.0,0.994850699509969,1,,,,,,,,
SECOM,27,Probability-0.5,13,0.5,0.6982045277127245,0.11361623680743654,50.0,0.0,1.0,0.0,0.0,0.0,0.0,0.0,0.9949874686716792,1,,,,,,,,
SECOM,27,Probability-0.5,14,0.5,0.6982045277127245,0.11361623680743654,50.0,1.0,1.0,0.0,1.0,1.0,0.0,0.0,0.9953814793788686,1,,,,,,,,
SECOM,27,Probability-0.5,15,0.5,0.6982045277127245,0.11361623680743654,17.0,0.0,1.0,0.0,0.0,0.0,0.0,0.0,0.9957430890659484,1,,,,,,,,
SECOM,27,Global-CP,0,0.20615430009174618,0.6982045277127245,0.11361623680743654,50.0,2.0,1.0,0.0,1.0,2.0,0.0,0.0,0.9521315497919515,1,,,,,,,,
SECOM,27,Global-CP,1,0.20615430009174618,0.6982045277127245,0.11361623680743654,50.0,1.0,0.98,0.02,1.0,1.0,0.0,0.0,0.9586183550403664,1,,,,,,,,
SECOM,27,Global-CP,2,0.20615430009174618,0.6982045277127245,0.11361623680743654,50.0,4.0,1.0,0.0,1.0,4.0,0.0,0.0,0.9998525726079905,1,,,,,,,,
SECOM,27,Global-CP,3,0.20615430009174618,0.6982045277127245,0.11361623680743654,50.0,0.0,1.0,0.0,0.0,0.0,0.0,0.0,0.9927680125467312,1,,,,,,,,
SECOM,27,Global-CP,4,0.20615430009174618,0.6982045277127245,0.11361623680743654,50.0,1.0,0.98,0.02,1.0,1.0,0.0,0.0,0.996038163890851,1,,,,,,,,
SECOM,27,Global-CP,5,0.20615430009174618,0.6982045277127245,0.11361623680743654,50.0,1.0,0.94,0.06,1.0,1.0,0.0,0.0,0.9964804460668791,1,,,,,,,,
SECOM,27,Global-CP,6,0.20615430009174618,0.6982045277127245,0.11361623680743654,50.0,1.0,0.96,0.04,1.0,1.0,0.0,0.0,0.9926286303995283,1,,,,,,,,
SECOM,27,Global-CP,7,0.20615430009174618,0.6982045277127245,0.11361623680743654,50.0,3.0,0.96,0.04,1.0,3.0,0.0,0.0,0.9969066377532946,1,,,,,,,,
SECOM,27,Global-CP,8,0.20615430009174618,0.6982045277127245,0.11361623680743654,50.0,5.0,0.98,0.02,1.0,5.0,0.0,0.0,0.9967833460957046,1,,,,,,,,
SECOM,27,Global-CP,9,0.20615430009174618,0.6982045277127245,0.11361623680743654,50.0,1.0,0.98,0.02,1.0,1.0,0.0,0.0,0.9958720330237357,1,,,,,,,,
SECOM,27,Global-CP,10,0.20615430009174618,0.6982045277127245,0.11361623680743654,50.0,9.0,0.96,0.04,0.8888888888888888,8.0,1.0,0.1111111111111111,0.9996970999711746,1,,,,,,,,
SECOM,27,Global-CP,11,0.20615430009174618,0.6982045277127245,0.11361623680743654,50.0,3.0,0.96,0.04,1.0,3.0,0.0,0.0,0.9967565973757925,1,,,,,,,,
SECOM,27,Global-CP,12,0.20615430009174618,0.6982045277127245,0.11361623680743654,50.0,3.0,0.98,0.02,1.0,3.0,0.0,0.0,0.994850699509969,1,,,,,,,,
SECOM,27,Global-CP,13,0.20615430009174618,0.6982045277127245,0.11361623680743654,50.0,0.0,1.0,0.0,0.0,0.0,0.0,0.0,0.9949874686716792,1,,,,,,,,
SECOM,27,Global-CP,14,0.20615430009174618,0.6982045277127245,0.11361623680743654,50.0,1.0,0.98,0.02,1.0,1.0,0.0,0.0,0.9953814793788686,1,,,,,,,,
SECOM,27,Global-CP,15,0.20615430009174618,0.6982045277127245,0.11361623680743654,17.0,0.0,1.0,0.0,0.0,0.0,0.0,0.0,0.9957430890659484,1,,,,,,,,
SECOM,27,Mondrian-CP,0,0.1231567965308813,0.6982045277127245,0.11361623680743654,50.0,2.0,0.3,0.7,0.0,0.0,2.0,1.0,0.9521315497919515,1,,,,,,,,
SECOM,27,Mondrian-CP,1,0.1231567965308813,0.6982045277127245,0.11361623680743654,50.0,1.0,0.26,0.74,0.0,0.0,1.0,1.0,0.9586183550403664,1,,,,,,,,
SECOM,27,Mondrian-CP,2,0.1231567965308813,0.6982045277127245,0.11361623680743654,50.0,4.0,0.5,0.5,0.0,0.0,4.0,1.0,0.9998525726079905,1,,,,,,,,
SECOM,27,Mondrian-CP,3,0.1231567965308813,0.6982045277127245,0.11361623680743654,50.0,0.0,0.46,0.54,0.0,0.0,0.0,0.0,0.9927680125467312,1,,,,,,,,
SECOM,27,Mondrian-CP,4,0.1231567965308813,0.6982045277127245,0.11361623680743654,50.0,1.0,0.26,0.74,0.0,0.0,1.0,1.0,0.996038163890851,1,,,,,,,,
SECOM,27,Mondrian-CP,5,0.1231567965308813,0.6982045277127245,0.11361623680743654,50.0,1.0,0.14,0.86,0.0,0.0,1.0,1.0,0.9964804460668791,1,,,,,,,,
SECOM,27,Mondrian-CP,6,0.1231567965308813,0.6982045277127245,0.11361623680743654,50.0,1.0,0.14,0.86,0.0,0.0,1.0,1.0,0.9926286303995283,1,,,,,,,,
SECOM,27,Mondrian-CP,7,0.1231567965308813,0.6982045277127245,0.11361623680743654,50.0,3.0,0.14,0.86,0.0,0.0,3.0,1.0,0.9969066377532946,1,,,,,,,,
SECOM,27,Mondrian-CP,8,0.1231567965308813,0.6982045277127245,0.11361623680743654,50.0,5.0,0.14,0.86,0.0,0.0,5.0,1.0,0.9967833460957046,1,,,,,,,,
SECOM,27,Mondrian-CP,9,0.1231567965308813,0.6982045277127245,0.11361623680743654,50.0,1.0,0.2,0.8,0.0,0.0,1.0,1.0,0.9958720330237357,1,,,,,,,,
SECOM,27,Mondrian-CP,10,0.1231567965308813,0.6982045277127245,0.11361623680743654,50.0,9.0,0.18,0.82,0.1111111111111111,1.0,8.0,0.8888888888888888,0.9996970999711746,1,,,,,,,,
SECOM,27,Mondrian-CP,11,0.1231567965308813,0.6982045277127245,0.11361623680743654,50.0,3.0,0.28,0.72,0.0,0.0,3.0,1.0,0.9967565973757925,1,,,,,,,,
SECOM,27,Mondrian-CP,12,0.1231567965308813,0.6982045277127245,0.11361623680743654,50.0,3.0,0.48,0.52,0.0,0.0,3.0,1.0,0.994850699509969,1,,,,,,,,
SECOM,27,Mondrian-CP,13,0.1231567965308813,0.6982045277127245,0.11361623680743654,50.0,0.0,0.58,0.42,0.0,0.0,0.0,0.0,0.9949874686716792,1,,,,,,,,
SECOM,27,Mondrian-CP,14,0.1231567965308813,0.6982045277127245,0.11361623680743654,50.0,1.0,0.38,0.62,1.0,1.0,0.0,0.0,0.9953814793788686,1,,,,,,,,
SECOM,27,Mondrian-CP,15,0.1231567965308813,0.6982045277127245,0.11361623680743654,17.0,0.0,0.0,1.0,0.0,0.0,0.0,0.0,0.9957430890659484,1,,,,,,,,
SECOM,27,Weighted-Mondrian,0,0.12866687388877818,0.6982045277127245,0.11361623680743654,50.0,2.0,0.42,0.58,0.0,0.0,2.0,1.0,0.9521315497919515,1,0.6109683968624506,0.05,0.43400467138525406,7.4434309173395174,0.0125,0.0,,
SECOM,27,Weighted-Mondrian,1,0.1231567965308813,0.6982045277127245,0.11361623680743654,50.0,1.0,0.26,0.74,0.0,0.0,1.0,1.0,0.9586183550403664,1,0.580411633563007,0.05,0.4216948977911289,4.588874094959471,0.0075,0.0,,
SECOM,27,Weighted-Mondrian,2,0.12831729055258467,0.6982045277127245,0.11361623680743654,50.0,4.0,0.52,0.48,0.0,0.0,4.0,1.0,0.9998525726079905,1,0.4703310128273098,0.05,0.36370554491364876,2.380456099412686,0.005,0.0,,
SECOM,27,Weighted-Mondrian,3,0.12831729055258467,0.6982045277127245,0.11361623680743654,50.0,0.0,0.5,0.5,0.0,0.0,0.0,0.0,0.9927680125467312,1,0.4608220378954613,0.05,0.38208732906022436,2.896878140746557,0.0075,0.0,,
SECOM,27,Weighted-Mondrian,4,0.12831729055258467,0.6982045277127245,0.11361623680743654,50.0,1.0,0.28,0.72,0.0,0.0,1.0,1.0,0.996038163890851,1,0.4845551950290882,0.05,0.38469180726407975,3.3012918282755956,0.0075,0.0,,
SECOM,27,Weighted-Mondrian,5,0.12866687388877818,0.6982045277127245,0.11361623680743654,50.0,1.0,0.2,0.8,0.0,0.0,1.0,1.0,0.9964804460668791,1,0.46956390012354277,0.05,0.38273132859805936,2.636002965759938,0.005,0.0,,
SECOM,27,Weighted-Mondrian,6,0.12866687388877818,0.6982045277127245,0.11361623680743654,50.0,1.0,0.18,0.82,0.0,0.0,1.0,1.0,0.9926286303995283,1,0.4727517820113051,0.05,0.382170639765417,2.3693538676505455,0.005,0.0,,
SECOM,27,Weighted-Mondrian,7,0.12866687388877818,0.6982045277127245,0.11361623680743654,50.0,3.0,0.22,0.78,0.0,0.0,3.0,1.0,0.9969066377532946,1,0.46807632061835636,0.05,0.36881847783347493,2.5206321259436746,0.01,0.0,,
SECOM,27,Weighted-Mondrian,8,0.12831729055258467,0.6982045277127245,0.11361623680743654,50.0,5.0,0.2,0.8,0.0,0.0,5.0,1.0,0.9967833460957046,1,0.49319791971937993,0.05,0.401676015263598,3.4451338388147734,0.0025,0.0,,
SECOM,27,Weighted-Mondrian,9,0.12831729055258467,0.6982045277127245,0.11361623680743654,50.0,1.0,0.24,0.76,0.0,0.0,1.0,1.0,0.9958720330237357,1,0.4792178956619027,0.05,0.3969244607584481,2.2124511843265213,0.0025,0.0,,
SECOM,27,Weighted-Mondrian,10,0.12866687388877818,0.6982045277127245,0.11361623680743654,50.0,9.0,0.34,0.66,0.2222222222222222,2.0,7.0,0.7777777777777778,0.9996970999711746,1,0.4772096108994514,0.05,0.39910248208706445,2.778761576630255,0.0075,0.0,,
SECOM,27,Weighted-Mondrian,11,0.12831729055258467,0.6982045277127245,0.11361623680743654,50.0,3.0,0.36,0.64,0.0,0.0,3.0,1.0,0.9967565973757925,1,0.4692752731084467,0.05,0.40461320737041057,2.2131981312233786,0.01,0.0,,
SECOM,27,Weighted-Mondrian,12,0.12866687388877818,0.6982045277127245,0.11361623680743654,50.0,3.0,0.56,0.44,0.0,0.0,3.0,1.0,0.994850699509969,1,0.46346231721892145,0.05,0.3816355434909815,2.115859056820393,0.0075,0.0,,
SECOM,27,Weighted-Mondrian,13,0.12866687388877818,0.6982045277127245,0.11361623680743654,50.0,0.0,0.64,0.36,0.0,0.0,0.0,0.0,0.9949874686716792,1,0.4541249802892142,0.05,0.3643829585788091,3.5802543109244755,0.0075,0.0,,
SECOM,27,Weighted-Mondrian,14,0.12866687388877818,0.6982045277127245,0.11361623680743654,50.0,1.0,0.48,0.52,1.0,1.0,0.0,0.0,0.9953814793788686,1,0.4604487019532408,0.05,0.36383720803427444,2.304976692195074,0.005,0.0,,
SECOM,27,Weighted-Mondrian,15,0.12866687388877818,0.6982045277127245,0.11361623680743654,17.0,0.0,0.29411764705882354,0.7058823529411765,0.0,0.0,0.0,0.0,0.9957430890659484,1,1.651338058240809,0.3963681974338625,1.534045640893841,5.493470819073555,0.0,0.0,,
SECOM,27,Periodic-Rolling-CP,0,0.1231567965308813,0.6982045277127245,0.11361623680743654,50.0,2.0,0.3,0.7,0.0,0.0,2.0,1.0,0.9521315497919515,1,,,,,,,stable,5.0
SECOM,27,Periodic-Rolling-CP,1,0.1231567965308813,0.6982045277127245,0.11361623680743654,50.0,1.0,0.26,0.74,0.0,0.0,1.0,1.0,0.9586183550403664,1,,,,,,,stable,5.0
SECOM,27,Periodic-Rolling-CP,2,0.1231567965308813,0.6982045277127245,0.11361623680743654,50.0,4.0,0.5,0.5,0.0,0.0,4.0,1.0,0.9998525726079905,1,,,,,,,stable,5.0
SECOM,27,Periodic-Rolling-CP,3,0.12831729055258467,0.6982045277127245,0.11361623680743654,50.0,0.0,0.5,0.5,0.0,0.0,0.0,0.0,0.9927680125467312,1,,,,,,,rolling-calibration,5.0
SECOM,27,Periodic-Rolling-CP,4,0.12831729055258467,0.6982045277127245,0.11361623680743654,50.0,1.0,0.28,0.72,0.0,0.0,1.0,1.0,0.996038163890851,1,,,,,,,rolling-calibration,5.0
SECOM,27,Periodic-Rolling-CP,5,0.12831729055258467,0.6982045277127245,0.11361623680743654,50.0,1.0,0.2,0.8,0.0,0.0,1.0,1.0,0.9964804460668791,1,,,,,,,rolling-calibration,5.0
SECOM,27,Periodic-Rolling-CP,6,0.12831729055258467,0.6982045277127245,0.11361623680743654,50.0,1.0,0.16,0.84,0.0,0.0,1.0,1.0,0.9926286303995283,1,,,,,,,rolling-calibration,5.0
SECOM,27,Periodic-Rolling-CP,7,0.12831729055258467,0.6982045277127245,0.11361623680743654,50.0,3.0,0.22,0.78,0.0,0.0,3.0,1.0,0.9969066377532946,1,,,,,,,rolling-calibration,5.0
SECOM,27,Periodic-Rolling-CP,8,0.12831729055258467,0.6982045277127245,0.11361623680743654,50.0,5.0,0.2,0.8,0.0,0.0,5.0,1.0,0.9967833460957046,1,,,,,,,rolling-calibration,5.0
SECOM,27,Periodic-Rolling-CP,9,0.12831729055258467,0.6982045277127245,0.11361623680743654,50.0,1.0,0.24,0.76,0.0,0.0,1.0,1.0,0.9958720330237357,1,,,,,,,rolling-calibration,5.0
SECOM,27,Periodic-Rolling-CP,10,0.12831729055258467,0.6982045277127245,0.11361623680743654,50.0,9.0,0.32,0.68,0.2222222222222222,2.0,7.0,0.7777777777777778,0.9996970999711746,1,,,,,,,rolling-calibration,5.0
SECOM,27,Periodic-Rolling-CP,11,0.12866687388877818,0.6982045277127245,0.11361623680743654,50.0,3.0,0.38,0.62,0.0,0.0,3.0,1.0,0.9967565973757925,1,,,,,,,rolling-calibration,5.0
SECOM,27,Periodic-Rolling-CP,12,0.12866687388877818,0.6982045277127245,0.11361623680743654,50.0,3.0,0.56,0.44,0.0,0.0,3.0,1.0,0.994850699509969,1,,,,,,,rolling-calibration,5.0
SECOM,27,Periodic-Rolling-CP,13,0.12866687388877818,0.6982045277127245,0.11361623680743654,50.0,0.0,0.64,0.36,0.0,0.0,0.0,0.0,0.9949874686716792,1,,,,,,,rolling-calibration,5.0
SECOM,27,Periodic-Rolling-CP,14,0.12866687388877818,0.6982045277127245,0.11361623680743654,50.0,1.0,0.48,0.52,1.0,1.0,0.0,0.0,0.9953814793788686,1,,,,,,,rolling-calibration,5.0
SECOM,27,Periodic-Rolling-CP,15,0.12866687388877818,0.6982045277127245,0.11361623680743654,17.0,0.0,0.29411764705882354,0.7058823529411765,0.0,0.0,0.0,0.0,0.9957430890659484,1,,,,,,,rolling-calibration,5.0
SECOM,27,DTCG-Proposed,0,0.0,0.6982045277127245,0.11361623680743654,50.0,2.0,0.0,1.0,0.0,0.0,2.0,1.0,0.9521315497919515,1,,,,,,,first-shift-hold,5.0
SECOM,27,DTCG-Proposed,1,0.1231567965308813,0.6982045277127245,0.11361623680743654,50.0,1.0,0.26,0.74,0.0,0.0,1.0,1.0,0.9586183550403664,1,,,,,,,shifted-base-calibration,5.0
SECOM,27,DTCG-Proposed,2,0.1231567965308813,0.6982045277127245,0.11361623680743654,50.0,4.0,0.5,0.5,0.0,0.0,4.0,1.0,0.9998525726079905,1,,,,,,,shifted-base-calibration,5.0
SECOM,27,DTCG-Proposed,3,0.1231567965308813,0.6982045277127245,0.11361623680743654,50.0,0.0,0.46,0.54,0.0,0.0,0.0,0.0,0.9927680125467312,1,,,,,,,shifted-rolling-calibration,5.0
SECOM,27,DTCG-Proposed,4,0.1231567965308813,0.6982045277127245,0.11361623680743654,50.0,1.0,0.26,0.74,0.0,0.0,1.0,1.0,0.996038163890851,1,,,,,,,shifted-rolling-calibration,5.0
SECOM,27,DTCG-Proposed,5,0.1231567965308813,0.6982045277127245,0.11361623680743654,50.0,1.0,0.14,0.86,0.0,0.0,1.0,1.0,0.9964804460668791,1,,,,,,,shifted-rolling-calibration,5.0
SECOM,27,DTCG-Proposed,6,0.1231567965308813,0.6982045277127245,0.11361623680743654,50.0,1.0,0.14,0.86,0.0,0.0,1.0,1.0,0.9926286303995283,1,,,,,,,shifted-rolling-calibration,5.0
SECOM,27,DTCG-Proposed,7,0.1231567965308813,0.6982045277127245,0.11361623680743654,50.0,3.0,0.14,0.86,0.0,0.0,3.0,1.0,0.9969066377532946,1,,,,,,,shifted-rolling-calibration,5.0
SECOM,27,DTCG-Proposed,8,0.1231567965308813,0.6982045277127245,0.11361623680743654,50.0,5.0,0.14,0.86,0.0,0.0,5.0,1.0,0.9967833460957046,1,,,,,,,shifted-rolling-calibration,5.0
SECOM,27,DTCG-Proposed,9,0.1231567965308813,0.6982045277127245,0.11361623680743654,50.0,1.0,0.2,0.8,0.0,0.0,1.0,1.0,0.9958720330237357,1,,,,,,,shifted-rolling-calibration,5.0
SECOM,27,DTCG-Proposed,10,0.1231567965308813,0.6982045277127245,0.11361623680743654,50.0,9.0,0.18,0.82,0.1111111111111111,1.0,8.0,0.8888888888888888,0.9996970999711746,1,,,,,,,shifted-rolling-calibration,5.0
SECOM,27,DTCG-Proposed,11,0.1231567965308813,0.6982045277127245,0.11361623680743654,50.0,3.0,0.28,0.72,0.0,0.0,3.0,1.0,0.9967565973757925,1,,,,,,,shifted-rolling-calibration,5.0
SECOM,27,DTCG-Proposed,12,0.1231567965308813,0.6982045277127245,0.11361623680743654,50.0,3.0,0.48,0.52,0.0,0.0,3.0,1.0,0.994850699509969,1,,,,,,,shifted-rolling-calibration,5.0
SECOM,27,DTCG-Proposed,13,0.1231567965308813,0.6982045277127245,0.11361623680743654,50.0,0.0,0.58,0.42,0.0,0.0,0.0,0.0,0.9949874686716792,1,,,,,,,shifted-rolling-calibration,5.0
SECOM,27,DTCG-Proposed,14,0.1231567965308813,0.6982045277127245,0.11361623680743654,50.0,1.0,0.38,0.62,1.0,1.0,0.0,0.0,0.9953814793788686,1,,,,,,,shifted-rolling-calibration,5.0
SECOM,27,DTCG-Proposed,15,0.1231567965308813,0.6982045277127245,0.11361623680743654,17.0,0.0,0.0,1.0,0.0,0.0,0.0,0.0,0.9957430890659484,1,,,,,,,shifted-rolling-calibration,5.0
SECOM,37,Probability-0.5,0,0.5,0.6165105386416861,0.10441089547429536,50.0,2.0,1.0,0.0,1.0,2.0,0.0,0.0,0.9585031086275829,1,,,,,,,,
SECOM,37,Probability-0.5,1,0.5,0.6165105386416861,0.10441089547429536,50.0,1.0,1.0,0.0,1.0,1.0,0.0,0.0,0.9646789686023663,1,,,,,,,,
SECOM,37,Probability-0.5,2,0.5,0.6165105386416861,0.10441089547429536,50.0,4.0,1.0,0.0,1.0,4.0,0.0,0.0,0.9984613641214537,1,,,,,,,,
SECOM,37,Probability-0.5,3,0.5,0.6165105386416861,0.10441089547429536,50.0,0.0,1.0,0.0,0.0,0.0,0.0,0.0,0.9936256218905473,1,,,,,,,,
SECOM,37,Probability-0.5,4,0.5,0.6165105386416861,0.10441089547429536,50.0,1.0,1.0,0.0,1.0,1.0,0.0,0.0,0.9949633329372597,1,,,,,,,,
SECOM,37,Probability-0.5,5,0.5,0.6165105386416861,0.10441089547429536,50.0,1.0,1.0,0.0,1.0,1.0,0.0,0.0,0.9990671641791046,1,,,,,,,,
SECOM,37,Probability-0.5,6,0.5,0.6165105386416861,0.10441089547429536,50.0,1.0,1.0,0.0,1.0,1.0,0.0,0.0,0.9991154356479433,1,,,,,,,,
SECOM,37,Probability-0.5,7,0.5,0.6165105386416861,0.10441089547429536,50.0,3.0,1.0,0.0,1.0,3.0,0.0,0.0,0.9938080495356036,1,,,,,,,,
SECOM,37,Probability-0.5,8,0.5,0.6165105386416861,0.10441089547429536,50.0,5.0,1.0,0.0,1.0,5.0,0.0,0.0,0.9974937343358397,1,,,,,,,,
SECOM,37,Probability-0.5,9,0.5,0.6165105386416861,0.10441089547429536,50.0,1.0,1.0,0.0,1.0,1.0,0.0,0.0,0.9936310541498611,1,,,,,,,,
SECOM,37,Probability-0.5,10,0.5,0.6165105386416861,0.10441089547429536,50.0,9.0,1.0,0.0,1.0,9.0,0.0,0.0,0.9973302164542172,1,,,,,,,,
SECOM,37,Probability-0.5,11,0.5,0.6165105386416861,0.10441089547429536,50.0,3.0,1.0,0.0,1.0,3.0,0.0,0.0,0.9949874686716792,1,,,,,,,,
SECOM,37,Probability-0.5,12,0.5,0.6165105386416861,0.10441089547429536,50.0,3.0,1.0,0.0,1.0,3.0,0.0,0.0,0.997641161727849,1,,,,,,,,
SECOM,37,Probability-0.5,13,0.5,0.6165105386416861,0.10441089547429536,50.0,0.0,1.0,0.0,0.0,0.0,0.0,0.0,0.9995335820895522,1,,,,,,,,
SECOM,37,Probability-0.5,14,0.5,0.6165105386416861,0.10441089547429536,50.0,1.0,1.0,0.0,1.0,1.0,0.0,0.0,0.9964617425917736,1,,,,,,,,
SECOM,37,Probability-0.5,15,0.5,0.6165105386416861,0.10441089547429536,17.0,0.0,1.0,0.0,0.0,0.0,0.0,0.0,0.9954051796157058,1,,,,,,,,
SECOM,37,Global-CP,0,0.20908643722290768,0.6165105386416861,0.10441089547429536,50.0,2.0,1.0,0.0,1.0,2.0,0.0,0.0,0.9585031086275829,1,,,,,,,,
SECOM,37,Global-CP,1,0.20908643722290768,0.6165105386416861,0.10441089547429536,50.0,1.0,1.0,0.0,1.0,1.0,0.0,0.0,0.9646789686023663,1,,,,,,,,
SECOM,37,Global-CP,2,0.20908643722290768,0.6165105386416861,0.10441089547429536,50.0,4.0,1.0,0.0,1.0,4.0,0.0,0.0,0.9984613641214537,1,,,,,,,,
SECOM,37,Global-CP,3,0.20908643722290768,0.6165105386416861,0.10441089547429536,50.0,0.0,1.0,0.0,0.0,0.0,0.0,0.0,0.9936256218905473,1,,,,,,,,
SECOM,37,Global-CP,4,0.20908643722290768,0.6165105386416861,0.10441089547429536,50.0,1.0,0.98,0.02,1.0,1.0,0.0,0.0,0.9949633329372597,1,,,,,,,,
SECOM,37,Global-CP,5,0.20908643722290768,0.6165105386416861,0.10441089547429536,50.0,1.0,0.94,0.06,1.0,1.0,0.0,0.0,0.9990671641791046,1,,,,,,,,
SECOM,37,Global-CP,6,0.20908643722290768,0.6165105386416861,0.10441089547429536,50.0,1.0,1.0,0.0,1.0,1.0,0.0,0.0,0.9991154356479433,1,,,,,,,,
SECOM,37,Global-CP,7,0.20908643722290768,0.6165105386416861,0.10441089547429536,50.0,3.0,0.96,0.04,1.0,3.0,0.0,0.0,0.9938080495356036,1,,,,,,,,
SECOM,37,Global-CP,8,0.20908643722290768,0.6165105386416861,0.10441089547429536,50.0,5.0,1.0,0.0,1.0,5.0,0.0,0.0,0.9974937343358397,1,,,,,,,,
SECOM,37,Global-CP,9,0.20908643722290768,0.6165105386416861,0.10441089547429536,50.0,1.0,0.98,0.02,1.0,1.0,0.0,0.0,0.9936310541498611,1,,,,,,,,
SECOM,37,Global-CP,10,0.20908643722290768,0.6165105386416861,0.10441089547429536,50.0,9.0,0.96,0.04,0.8888888888888888,8.0,1.0,0.1111111111111111,0.9973302164542172,1,,,,,,,,
SECOM,37,Global-CP,11,0.20908643722290768,0.6165105386416861,0.10441089547429536,50.0,3.0,1.0,0.0,1.0,3.0,0.0,0.0,0.9949874686716792,1,,,,,,,,
SECOM,37,Global-CP,12,0.20908643722290768,0.6165105386416861,0.10441089547429536,50.0,3.0,1.0,0.0,1.0,3.0,0.0,0.0,0.997641161727849,1,,,,,,,,
SECOM,37,Global-CP,13,0.20908643722290768,0.6165105386416861,0.10441089547429536,50.0,0.0,1.0,0.0,0.0,0.0,0.0,0.0,0.9995335820895522,1,,,,,,,,
SECOM,37,Global-CP,14,0.20908643722290768,0.6165105386416861,0.10441089547429536,50.0,1.0,1.0,0.0,1.0,1.0,0.0,0.0,0.9964617425917736,1,,,,,,,,
SECOM,37,Global-CP,15,0.20908643722290768,0.6165105386416861,0.10441089547429536,17.0,0.0,0.9411764705882353,0.058823529411764705,0.0,0.0,0.0,0.0,0.9954051796157058,1,,,,,,,,
SECOM,37,Mondrian-CP,0,0.10840506806574912,0.6165105386416861,0.10441089547429536,50.0,2.0,0.08,0.92,0.0,0.0,2.0,1.0,0.9585031086275829,1,,,,,,,,
SECOM,37,Mondrian-CP,1,0.10840506806574912,0.6165105386416861,0.10441089547429536,50.0,1.0,0.12,0.88,0.0,0.0,1.0,1.0,0.9646789686023663,1,,,,,,,,
SECOM,37,Mondrian-CP,2,0.10840506806574912,0.6165105386416861,0.10441089547429536,50.0,4.0,0.3,0.7,0.0,0.0,4.0,1.0,0.9984613641214537,1,,,,,,,,
SECOM,37,Mondrian-CP,3,0.10840506806574912,0.6165105386416861,0.10441089547429536,50.0,0.0,0.24,0.76,0.0,0.0,0.0,0.0,0.9936256218905473,1,,,,,,,,
SECOM,37,Mondrian-CP,4,0.10840506806574912,0.6165105386416861,0.10441089547429536,50.0,1.0,0.2,0.8,0.0,0.0,1.0,1.0,0.9949633329372597,1,,,,,,,,
SECOM,37,Mondrian-CP,5,0.10840506806574912,0.6165105386416861,0.10441089547429536,50.0,1.0,0.08,0.92,0.0,0.0,1.0,1.0,0.9990671641791046,1,,,,,,,,
SECOM,37,Mondrian-CP,6,0.10840506806574912,0.6165105386416861,0.10441089547429536,50.0,1.0,0.06,0.94,0.0,0.0,1.0,1.0,0.9991154356479433,1,,,,,,,,
SECOM,37,Mondrian-CP,7,0.10840506806574912,0.6165105386416861,0.10441089547429536,50.0,3.0,0.08,0.92,0.3333333333333333,1.0,2.0,0.6666666666666666,0.9938080495356036,1,,,,,,,,
SECOM,37,Mondrian-CP,8,0.10840506806574912,0.6165105386416861,0.10441089547429536,50.0,5.0,0.08,0.92,0.0,0.0,5.0,1.0,0.9974937343358397,1,,,,,,,,
SECOM,37,Mondrian-CP,9,0.10840506806574912,0.6165105386416861,0.10441089547429536,50.0,1.0,0.14,0.86,0.0,0.0,1.0,1.0,0.9936310541498611,1,,,,,,,,
SECOM,37,Mondrian-CP,10,0.10840506806574912,0.6165105386416861,0.10441089547429536,50.0,9.0,0.06,0.94,0.1111111111111111,1.0,8.0,0.8888888888888888,0.9973302164542172,1,,,,,,,,
SECOM,37,Mondrian-CP,11,0.10840506806574912,0.6165105386416861,0.10441089547429536,50.0,3.0,0.04,0.96,0.0,0.0,3.0,1.0,0.9949874686716792,1,,,,,,,,
SECOM,37,Mondrian-CP,12,0.10840506806574912,0.6165105386416861,0.10441089547429536,50.0,3.0,0.16,0.84,0.0,0.0,3.0,1.0,0.997641161727849,1,,,,,,,,
SECOM,37,Mondrian-CP,13,0.10840506806574912,0.6165105386416861,0.10441089547429536,50.0,0.0,0.36,0.64,0.0,0.0,0.0,0.0,0.9995335820895522,1,,,,,,,,
SECOM,37,Mondrian-CP,14,0.10840506806574912,0.6165105386416861,0.10441089547429536,50.0,1.0,0.12,0.88,0.0,0.0,1.0,1.0,0.9964617425917736,1,,,,,,,,
SECOM,37,Mondrian-CP,15,0.10840506806574912,0.6165105386416861,0.10441089547429536,17.0,0.0,0.0,1.0,0.0,0.0,0.0,0.0,0.9954051796157058,1,,,,,,,,
SECOM,37,Weighted-Mondrian,0,0.13584147355912057,0.6165105386416861,0.10441089547429536,50.0,2.0,0.46,0.54,0.5,1.0,1.0,0.5,0.9585031086275829,1,0.6109683968624506,0.05,0.43400467138525406,7.4434309173395174,0.0125,0.0,,
SECOM,37,Weighted-Mondrian,1,0.10840506806574912,0.6165105386416861,0.10441089547429536,50.0,1.0,0.12,0.88,0.0,0.0,1.0,1.0,0.9646789686023663,1,0.580411633563007,0.05,0.4216948977911289,4.588874094959471,0.0075,0.0,,
SECOM,37,Weighted-Mondrian,2,0.1334354570919276,0.6165105386416861,0.10441089547429536,50.0,4.0,0.62,0.38,0.0,0.0,4.0,1.0,0.9984613641214537,1,0.4703310128273098,0.05,0.36370554491364876,2.380456099412686,0.005,0.0,,
SECOM,37,Weighted-Mondrian,3,0.1334354570919276,0.6165105386416861,0.10441089547429536,50.0,0.0,0.7,0.3,0.0,0.0,0.0,0.0,0.9936256218905473,1,0.4608220378954613,0.05,0.38208732906022436,2.896878140746557,0.0075,0.0,,
SECOM,37,Weighted-Mondrian,4,0.1334354570919276,0.6165105386416861,0.10441089547429536,50.0,1.0,0.64,0.36,1.0,1.0,0.0,0.0,0.9949633329372597,1,0.4845551950290882,0.05,0.38469180726407975,3.3012918282755956,0.0075,0.0,,
SECOM,37,Weighted-Mondrian,5,0.1334354570919276,0.6165105386416861,0.10441089547429536,50.0,1.0,0.3,0.7,0.0,0.0,1.0,1.0,0.9990671641791046,1,0.46956390012354277,0.05,0.38273132859805936,2.636002965759938,0.005,0.0,,
SECOM,37,Weighted-Mondrian,6,0.1334354570919276,0.6165105386416861,0.10441089547429536,50.0,1.0,0.22,0.78,1.0,1.0,0.0,0.0,0.9991154356479433,1,0.4727517820113051,0.05,0.382170639765417,2.3693538676505455,0.005,0.0,,
SECOM,37,Weighted-Mondrian,7,0.1334354570919276,0.6165105386416861,0.10441089547429536,50.0,3.0,0.3,0.7,0.3333333333333333,1.0,2.0,0.6666666666666666,0.9938080495356036,1,0.46807632061835636,0.05,0.36881847783347493,2.5206321259436746,0.01,0.0,,
SECOM,37,Weighted-Mondrian,8,0.1334354570919276,0.6165105386416861,0.10441089547429536,50.0,5.0,0.24,0.76,0.0,0.0,5.0,1.0,0.9974937343358397,1,0.49319791971937993,0.05,0.401676015263598,3.4451338388147734,0.0025,0.0,,
SECOM,37,Weighted-Mondrian,9,0.1334354570919276,0.6165105386416861,0.10441089547429536,50.0,1.0,0.38,0.62,0.0,0.0,1.0,1.0,0.9936310541498611,1,0.4792178956619027,0.05,0.3969244607584481,2.2124511843265213,0.0025,0.0,,
SECOM,37,Weighted-Mondrian,10,0.1334354570919276,0.6165105386416861,0.10441089547429536,50.0,9.0,0.4,0.6,0.4444444444444444,4.0,5.0,0.5555555555555556,0.9973302164542172,1,0.4772096108994514,0.05,0.39910248208706445,2.778761576630255,0.0075,0.0,,
SECOM,37,Weighted-Mondrian,11,0.1334354570919276,0.6165105386416861,0.10441089547429536,50.0,3.0,0.36,0.64,0.0,0.0,3.0,1.0,0.9949874686716792,1,0.4692752731084467,0.05,0.40461320737041057,2.2131981312233786,0.01,0.0,,
SECOM,37,Weighted-Mondrian,12,0.1334354570919276,0.6165105386416861,0.10441089547429536,50.0,3.0,0.56,0.44,0.6666666666666666,2.0,1.0,0.3333333333333333,0.997641161727849,1,0.46346231721892145,0.05,0.3816355434909815,2.115859056820393,0.0075,0.0,,
SECOM,37,Weighted-Mondrian,13,0.1334354570919276,0.6165105386416861,0.10441089547429536,50.0,0.0,0.72,0.28,0.0,0.0,0.0,0.0,0.9995335820895522,1,0.4541249802892142,0.05,0.3643829585788091,3.5802543109244755,0.0075,0.0,,
SECOM,37,Weighted-Mondrian,14,0.1334354570919276,0.6165105386416861,0.10441089547429536,50.0,1.0,0.52,0.48,1.0,1.0,0.0,0.0,0.9964617425917736,1,0.4604487019532408,0.05,0.36383720803427444,2.304976692195074,0.005,0.0,,
SECOM,37,Weighted-Mondrian,15,0.1334354570919276,0.6165105386416861,0.10441089547429536,17.0,0.0,0.29411764705882354,0.7058823529411765,0.0,0.0,0.0,0.0,0.9954051796157058,1,1.651338058240809,0.3963681974338625,1.534045640893841,5.493470819073555,0.0,0.0,,
SECOM,37,Periodic-Rolling-CP,0,0.10840506806574912,0.6165105386416861,0.10441089547429536,50.0,2.0,0.08,0.92,0.0,0.0,2.0,1.0,0.9585031086275829,1,,,,,,,stable,5.0
SECOM,37,Periodic-Rolling-CP,1,0.10840506806574912,0.6165105386416861,0.10441089547429536,50.0,1.0,0.12,0.88,0.0,0.0,1.0,1.0,0.9646789686023663,1,,,,,,,stable,5.0
SECOM,37,Periodic-Rolling-CP,2,0.10840506806574912,0.6165105386416861,0.10441089547429536,50.0,4.0,0.3,0.7,0.0,0.0,4.0,1.0,0.9984613641214537,1,,,,,,,stable,5.0
SECOM,37,Periodic-Rolling-CP,3,0.1144237670825905,0.6165105386416861,0.10441089547429536,50.0,0.0,0.34,0.66,0.0,0.0,0.0,0.0,0.9936256218905473,1,,,,,,,rolling-calibration,5.0
SECOM,37,Periodic-Rolling-CP,4,0.1144237670825905,0.6165105386416861,0.10441089547429536,50.0,1.0,0.24,0.76,0.0,0.0,1.0,1.0,0.9949633329372597,1,,,,,,,rolling-calibration,5.0
SECOM,37,Periodic-Rolling-CP,5,0.1144237670825905,0.6165105386416861,0.10441089547429536,50.0,1.0,0.14,0.86,0.0,0.0,1.0,1.0,0.9990671641791046,1,,,,,,,rolling-calibration,5.0
SECOM,37,Periodic-Rolling-CP,6,0.11465349431442307,0.6165105386416861,0.10441089547429536,50.0,1.0,0.08,0.92,0.0,0.0,1.0,1.0,0.9991154356479433,1,,,,,,,rolling-calibration,5.0
SECOM,37,Periodic-Rolling-CP,7,0.11465349431442307,0.6165105386416861,0.10441089547429536,50.0,3.0,0.12,0.88,0.3333333333333333,1.0,2.0,0.6666666666666666,0.9938080495356036,1,,,,,,,rolling-calibration,5.0
SECOM,37,Periodic-Rolling-CP,8,0.11465349431442307,0.6165105386416861,0.10441089547429536,50.0,5.0,0.08,0.92,0.0,0.0,5.0,1.0,0.9974937343358397,1,,,,,,,rolling-calibration,5.0
SECOM,37,Periodic-Rolling-CP,9,0.11465349431442307,0.6165105386416861,0.10441089547429536,50.0,1.0,0.16,0.84,0.0,0.0,1.0,1.0,0.9936310541498611,1,,,,,,,rolling-calibration,5.0
SECOM,37,Periodic-Rolling-CP,10,0.12702300314065007,0.6165105386416861,0.10441089547429536,50.0,9.0,0.26,0.74,0.4444444444444444,4.0,5.0,0.5555555555555556,0.9973302164542172,1,,,,,,,rolling-calibration,5.0
SECOM,37,Periodic-Rolling-CP,11,0.1334354570919276,0.6165105386416861,0.10441089547429536,50.0,3.0,0.36,0.64,0.0,0.0,3.0,1.0,0.9949874686716792,1,,,,,,,rolling-calibration,5.0
SECOM,37,Periodic-Rolling-CP,12,0.13584147355912057,0.6165105386416861,0.10441089547429536,50.0,3.0,0.6,0.4,0.6666666666666666,2.0,1.0,0.3333333333333333,0.997641161727849,1,,,,,,,rolling-calibration,5.0
SECOM,37,Periodic-Rolling-CP,13,0.13584147355912057,0.6165105386416861,0.10441089547429536,50.0,0.0,0.74,0.26,0.0,0.0,0.0,0.0,0.9995335820895522,1,,,,,,,rolling-calibration,5.0
SECOM,37,Periodic-Rolling-CP,14,0.13584147355912057,0.6165105386416861,0.10441089547429536,50.0,1.0,0.56,0.44,1.0,1.0,0.0,0.0,0.9964617425917736,1,,,,,,,rolling-calibration,5.0
SECOM,37,Periodic-Rolling-CP,15,0.13584147355912057,0.6165105386416861,0.10441089547429536,17.0,0.0,0.29411764705882354,0.7058823529411765,0.0,0.0,0.0,0.0,0.9954051796157058,1,,,,,,,rolling-calibration,5.0
SECOM,37,DTCG-Proposed,0,0.0,0.6165105386416861,0.10441089547429536,50.0,2.0,0.0,1.0,0.0,0.0,2.0,1.0,0.9585031086275829,1,,,,,,,first-shift-hold,5.0
SECOM,37,DTCG-Proposed,1,0.10840506806574912,0.6165105386416861,0.10441089547429536,50.0,1.0,0.12,0.88,0.0,0.0,1.0,1.0,0.9646789686023663,1,,,,,,,shifted-base-calibration,5.0
SECOM,37,DTCG-Proposed,2,0.10840506806574912,0.6165105386416861,0.10441089547429536,50.0,4.0,0.3,0.7,0.0,0.0,4.0,1.0,0.9984613641214537,1,,,,,,,shifted-base-calibration,5.0
SECOM,37,DTCG-Proposed,3,0.10840506806574912,0.6165105386416861,0.10441089547429536,50.0,0.0,0.24,0.76,0.0,0.0,0.0,0.0,0.9936256218905473,1,,,,,,,shifted-rolling-calibration,5.0
SECOM,37,DTCG-Proposed,4,0.10840506806574912,0.6165105386416861,0.10441089547429536,50.0,1.0,0.2,0.8,0.0,0.0,1.0,1.0,0.9949633329372597,1,,,,,,,shifted-rolling-calibration,5.0
SECOM,37,DTCG-Proposed,5,0.10840506806574912,0.6165105386416861,0.10441089547429536,50.0,1.0,0.08,0.92,0.0,0.0,1.0,1.0,0.9990671641791046,1,,,,,,,shifted-rolling-calibration,5.0
SECOM,37,DTCG-Proposed,6,0.10840506806574912,0.6165105386416861,0.10441089547429536,50.0,1.0,0.06,0.94,0.0,0.0,1.0,1.0,0.9991154356479433,1,,,,,,,shifted-rolling-calibration,5.0
SECOM,37,DTCG-Proposed,7,0.10840506806574912,0.6165105386416861,0.10441089547429536,50.0,3.0,0.08,0.92,0.3333333333333333,1.0,2.0,0.6666666666666666,0.9938080495356036,1,,,,,,,shifted-rolling-calibration,5.0
SECOM,37,DTCG-Proposed,8,0.10840506806574912,0.6165105386416861,0.10441089547429536,50.0,5.0,0.08,0.92,0.0,0.0,5.0,1.0,0.9974937343358397,1,,,,,,,shifted-rolling-calibration,5.0
SECOM,37,DTCG-Proposed,9,0.10840506806574912,0.6165105386416861,0.10441089547429536,50.0,1.0,0.14,0.86,0.0,0.0,1.0,1.0,0.9936310541498611,1,,,,,,,shifted-rolling-calibration,5.0
SECOM,37,DTCG-Proposed,10,0.10840506806574912,0.6165105386416861,0.10441089547429536,50.0,9.0,0.06,0.94,0.1111111111111111,1.0,8.0,0.8888888888888888,0.9973302164542172,1,,,,,,,shifted-rolling-calibration,5.0
SECOM,37,DTCG-Proposed,11,0.10840506806574912,0.6165105386416861,0.10441089547429536,50.0,3.0,0.04,0.96,0.0,0.0,3.0,1.0,0.9949874686716792,1,,,,,,,shifted-rolling-calibration,5.0
SECOM,37,DTCG-Proposed,12,0.10840506806574912,0.6165105386416861,0.10441089547429536,50.0,3.0,0.16,0.84,0.0,0.0,3.0,1.0,0.997641161727849,1,,,,,,,shifted-rolling-calibration,5.0
SECOM,37,DTCG-Proposed,13,0.10840506806574912,0.6165105386416861,0.10441089547429536,50.0,0.0,0.36,0.64,0.0,0.0,0.0,0.0,0.9995335820895522,1,,,,,,,shifted-rolling-calibration,5.0
SECOM,37,DTCG-Proposed,14,0.10840506806574912,0.6165105386416861,0.10441089547429536,50.0,1.0,0.12,0.88,0.0,0.0,1.0,1.0,0.9964617425917736,1,,,,,,,shifted-rolling-calibration,5.0
SECOM,37,DTCG-Proposed,15,0.10840506806574912,0.6165105386416861,0.10441089547429536,17.0,0.0,0.0,1.0,0.0,0.0,0.0,0.0,0.9954051796157058,1,,,,,,,shifted-rolling-calibration,5.0
SECOM,47,Probability-0.5,0,0.5,0.6820062451209992,0.09663424684700718,50.0,2.0,1.0,0.0,1.0,2.0,0.0,0.0,0.9673485458598208,1,,,,,,,,
SECOM,47,Probability-0.5,1,0.5,0.6820062451209992,0.09663424684700718,50.0,1.0,1.0,0.0,1.0,1.0,0.0,0.0,0.9439906559638782,1,,,,,,,,
SECOM,47,Probability-0.5,2,0.5,0.6820062451209992,0.09663424684700718,50.0,4.0,1.0,0.0,1.0,4.0,0.0,0.0,0.9944834375226916,1,,,,,,,,
SECOM,47,Probability-0.5,3,0.5,0.6820062451209992,0.09663424684700718,50.0,0.0,1.0,0.0,0.0,0.0,0.0,0.0,0.9954967257916522,1,,,,,,,,
SECOM,47,Probability-0.5,4,0.5,0.6820062451209992,0.09663424684700718,50.0,1.0,1.0,0.0,1.0,1.0,0.0,0.0,0.9923337756155094,1,,,,,,,,
SECOM,47,Probability-0.5,5,0.5,0.6820062451209992,0.09663424684700718,50.0,1.0,1.0,0.0,1.0,1.0,0.0,0.0,0.9961105710941092,1,,,,,,,,
SECOM,47,Probability-0.5,6,0.5,0.6820062451209992,0.09663424684700718,50.0,1.0,1.0,0.0,1.0,1.0,0.0,0.0,0.9991154356479434,1,,,,,,,,
SECOM,47,Probability-0.5,7,0.5,0.6820062451209992,0.09663424684700718,50.0,3.0,1.0,0.0,1.0,3.0,0.0,0.0,0.9990832546687174,1,,,,,,,,
SECOM,47,Probability-0.5,8,0.5,0.6820062451209992,0.09663424684700718,50.0,5.0,1.0,0.0,1.0,5.0,0.0,0.0,0.9942181507324062,1,,,,,,,,
SECOM,47,Probability-0.5,9,0.5,0.6820062451209992,0.09663424684700718,50.0,1.0,1.0,0.0,1.0,1.0,0.0,0.0,0.9972175830269263,1,,,,,,,,
SECOM,47,Probability-0.5,10,0.5,0.6820062451209992,0.09663424684700718,50.0,9.0,1.0,0.0,1.0,9.0,0.0,0.0,0.9929019624346203,1,,,,,,,,
SECOM,47,Probability-0.5,11,0.5,0.6820062451209992,0.09663424684700718,50.0,3.0,1.0,0.0,1.0,3.0,0.0,0.0,0.9903071990775887,1,,,,,,,,
SECOM,47,Probability-0.5,12,0.5,0.6820062451209992,0.09663424684700718,50.0,3.0,1.0,0.0,1.0,3.0,0.0,0.0,0.9970514521598113,1,,,,,,,,
SECOM,47,Probability-0.5,13,0.5,0.6820062451209992,0.09663424684700718,50.0,0.0,1.0,0.0,0.0,0.0,0.0,0.0,0.9970434069150048,1,,,,,,,,
SECOM,47,Probability-0.5,14,0.5,0.6820062451209992,0.09663424684700718,50.0,1.0,1.0,0.0,1.0,1.0,0.0,0.0,0.9904172195193867,1,,,,,,,,
SECOM,47,Probability-0.5,15,0.5,0.6820062451209992,0.09663424684700718,17.0,0.0,1.0,0.0,0.0,0.0,0.0,0.0,0.9936545343458149,1,,,,,,,,
SECOM,47,Global-CP,0,0.2072638822615292,0.6820062451209992,0.09663424684700718,50.0,2.0,1.0,0.0,1.0,2.0,0.0,0.0,0.9673485458598208,1,,,,,,,,
SECOM,47,Global-CP,1,0.2072638822615292,0.6820062451209992,0.09663424684700718,50.0,1.0,0.98,0.02,1.0,1.0,0.0,0.0,0.9439906559638782,1,,,,,,,,
SECOM,47,Global-CP,2,0.2072638822615292,0.6820062451209992,0.09663424684700718,50.0,4.0,0.98,0.02,0.75,3.0,1.0,0.25,0.9944834375226916,1,,,,,,,,
SECOM,47,Global-CP,3,0.2072638822615292,0.6820062451209992,0.09663424684700718,50.0,0.0,1.0,0.0,0.0,0.0,0.0,0.0,0.9954967257916522,1,,,,,,,,
SECOM,47,Global-CP,4,0.2072638822615292,0.6820062451209992,0.09663424684700718,50.0,1.0,0.96,0.04,1.0,1.0,0.0,0.0,0.9923337756155094,1,,,,,,,,
SECOM,47,Global-CP,5,0.2072638822615292,0.6820062451209992,0.09663424684700718,50.0,1.0,0.98,0.02,1.0,1.0,0.0,0.0,0.9961105710941092,1,,,,,,,,
SECOM,47,Global-CP,6,0.2072638822615292,0.6820062451209992,0.09663424684700718,50.0,1.0,0.96,0.04,1.0,1.0,0.0,0.0,0.9991154356479434,1,,,,,,,,
SECOM,47,Global-CP,7,0.2072638822615292,0.6820062451209992,0.09663424684700718,50.0,3.0,0.96,0.04,1.0,3.0,0.0,0.0,0.9990832546687174,1,,,,,,,,
SECOM,47,Global-CP,8,0.2072638822615292,0.6820062451209992,0.09663424684700718,50.0,5.0,0.92,0.08,1.0,5.0,0.0,0.0,0.9942181507324062,1,,,,,,,,
SECOM,47,Global-CP,9,0.2072638822615292,0.6820062451209992,0.09663424684700718,50.0,1.0,0.96,0.04,1.0,1.0,0.0,0.0,0.9972175830269263,1,,,,,,,,
SECOM,47,Global-CP,10,0.2072638822615292,0.6820062451209992,0.09663424684700718,50.0,9.0,0.96,0.04,0.8888888888888888,8.0,1.0,0.1111111111111111,0.9929019624346203,1,,,,,,,,
SECOM,47,Global-CP,11,0.2072638822615292,0.6820062451209992,0.09663424684700718,50.0,3.0,0.96,0.04,1.0,3.0,0.0,0.0,0.9903071990775887,1,,,,,,,,
SECOM,47,Global-CP,12,0.2072638822615292,0.6820062451209992,0.09663424684700718,50.0,3.0,0.98,0.02,1.0,3.0,0.0,0.0,0.9970514521598113,1,,,,,,,,
SECOM,47,Global-CP,13,0.2072638822615292,0.6820062451209992,0.09663424684700718,50.0,0.0,1.0,0.0,0.0,0.0,0.0,0.0,0.9970434069150048,1,,,,,,,,
SECOM,47,Global-CP,14,0.2072638822615292,0.6820062451209992,0.09663424684700718,50.0,1.0,1.0,0.0,1.0,1.0,0.0,0.0,0.9904172195193867,1,,,,,,,,
SECOM,47,Global-CP,15,0.2072638822615292,0.6820062451209992,0.09663424684700718,17.0,0.0,0.8823529411764706,0.11764705882352941,0.0,0.0,0.0,0.0,0.9936545343458149,1,,,,,,,,
SECOM,47,Mondrian-CP,0,0.12252009882102755,0.6820062451209992,0.09663424684700718,50.0,2.0,0.24,0.76,0.0,0.0,2.0,1.0,0.9673485458598208,1,,,,,,,,
SECOM,47,Mondrian-CP,1,0.12252009882102755,0.6820062451209992,0.09663424684700718,50.0,1.0,0.26,0.74,0.0,0.0,1.0,1.0,0.9439906559638782,1,,,,,,,,
SECOM,47,Mondrian-CP,2,0.12252009882102755,0.6820062451209992,0.09663424684700718,50.0,4.0,0.38,0.62,0.0,0.0,4.0,1.0,0.9944834375226916,1,,,,,,,,
SECOM,47,Mondrian-CP,3,0.12252009882102755,0.6820062451209992,0.09663424684700718,50.0,0.0,0.36,0.64,0.0,0.0,0.0,0.0,0.9954967257916522,1,,,,,,,,
SECOM,47,Mondrian-CP,4,0.12252009882102755,0.6820062451209992,0.09663424684700718,50.0,1.0,0.34,0.66,0.0,0.0,1.0,1.0,0.9923337756155094,1,,,,,,,,
SECOM,47,Mondrian-CP,5,0.12252009882102755,0.6820062451209992,0.09663424684700718,50.0,1.0,0.18,0.82,0.0,0.0,1.0,1.0,0.9961105710941092,1,,,,,,,,
SECOM,47,Mondrian-CP,6,0.12252009882102755,0.6820062451209992,0.09663424684700718,50.0,1.0,0.12,0.88,0.0,0.0,1.0,1.0,0.9991154356479434,1,,,,,,,,
SECOM,47,Mondrian-CP,7,0.12252009882102755,0.6820062451209992,0.09663424684700718,50.0,3.0,0.08,0.92,0.0,0.0,3.0,1.0,0.9990832546687174,1,,,,,,,,
SECOM,47,Mondrian-CP,8,0.12252009882102755,0.6820062451209992,0.09663424684700718,50.0,5.0,0.1,0.9,0.0,0.0,5.0,1.0,0.9942181507324062,1,,,,,,,,
SECOM,47,Mondrian-CP,9,0.12252009882102755,0.6820062451209992,0.09663424684700718,50.0,1.0,0.2,0.8,0.0,0.0,1.0,1.0,0.9972175830269263,1,,,,,,,,
SECOM,47,Mondrian-CP,10,0.12252009882102755,0.6820062451209992,0.09663424684700718,50.0,9.0,0.22,0.78,0.3333333333333333,3.0,6.0,0.6666666666666666,0.9929019624346203,1,,,,,,,,
SECOM,47,Mondrian-CP,11,0.12252009882102755,0.6820062451209992,0.09663424684700718,50.0,3.0,0.14,0.86,0.0,0.0,3.0,1.0,0.9903071990775887,1,,,,,,,,
SECOM,47,Mondrian-CP,12,0.12252009882102755,0.6820062451209992,0.09663424684700718,50.0,3.0,0.28,0.72,0.0,0.0,3.0,1.0,0.9970514521598113,1,,,,,,,,
SECOM,47,Mondrian-CP,13,0.12252009882102755,0.6820062451209992,0.09663424684700718,50.0,0.0,0.48,0.52,0.0,0.0,0.0,0.0,0.9970434069150048,1,,,,,,,,
SECOM,47,Mondrian-CP,14,0.12252009882102755,0.6820062451209992,0.09663424684700718,50.0,1.0,0.28,0.72,0.0,0.0,1.0,1.0,0.9904172195193867,1,,,,,,,,
SECOM,47,Mondrian-CP,15,0.12252009882102755,0.6820062451209992,0.09663424684700718,17.0,0.0,0.11764705882352941,0.8823529411764706,0.0,0.0,0.0,0.0,0.9936545343458149,1,,,,,,,,
SECOM,47,Weighted-Mondrian,0,0.12252009882102755,0.6820062451209992,0.09663424684700718,50.0,2.0,0.24,0.76,0.0,0.0,2.0,1.0,0.9673485458598208,1,0.6109683968624506,0.05,0.43400467138525406,7.4434309173395174,0.0125,0.0,,
SECOM,47,Weighted-Mondrian,1,0.12252009882102755,0.6820062451209992,0.09663424684700718,50.0,1.0,0.26,0.74,0.0,0.0,1.0,1.0,0.9439906559638782,1,0.580411633563007,0.05,0.4216948977911289,4.588874094959471,0.0075,0.0,,
SECOM,47,Weighted-Mondrian,2,0.12252009882102755,0.6820062451209992,0.09663424684700718,50.0,4.0,0.38,0.62,0.0,0.0,4.0,1.0,0.9944834375226916,1,0.4703310128273098,0.05,0.36370554491364876,2.380456099412686,0.005,0.0,,
SECOM,47,Weighted-Mondrian,3,0.12252009882102755,0.6820062451209992,0.09663424684700718,50.0,0.0,0.36,0.64,0.0,0.0,0.0,0.0,0.9954967257916522,1,0.4608220378954613,0.05,0.38208732906022436,2.896878140746557,0.0075,0.0,,
SECOM,47,Weighted-Mondrian,4,0.1265191481377239,0.6820062451209992,0.09663424684700718,50.0,1.0,0.38,0.62,0.0,0.0,1.0,1.0,0.9923337756155094,1,0.4845551950290882,0.05,0.38469180726407975,3.3012918282755956,0.0075,0.0,,
SECOM,47,Weighted-Mondrian,5,0.1265191481377239,0.6820062451209992,0.09663424684700718,50.0,1.0,0.22,0.78,0.0,0.0,1.0,1.0,0.9961105710941092,1,0.46956390012354277,0.05,0.38273132859805936,2.636002965759938,0.005,0.0,,
SECOM,47,Weighted-Mondrian,6,0.1265191481377239,0.6820062451209992,0.09663424684700718,50.0,1.0,0.12,0.88,0.0,0.0,1.0,1.0,0.9991154356479434,1,0.4727517820113051,0.05,0.382170639765417,2.3693538676505455,0.005,0.0,,
SECOM,47,Weighted-Mondrian,7,0.1265191481377239,0.6820062451209992,0.09663424684700718,50.0,3.0,0.12,0.88,0.0,0.0,3.0,1.0,0.9990832546687174,1,0.46807632061835636,0.05,0.36881847783347493,2.5206321259436746,0.01,0.0,,
SECOM,47,Weighted-Mondrian,8,0.12252009882102755,0.6820062451209992,0.09663424684700718,50.0,5.0,0.1,0.9,0.0,0.0,5.0,1.0,0.9942181507324062,1,0.49319791971937993,0.05,0.401676015263598,3.4451338388147734,0.0025,0.0,,
SECOM,47,Weighted-Mondrian,9,0.1265191481377239,0.6820062451209992,0.09663424684700718,50.0,1.0,0.24,0.76,0.0,0.0,1.0,1.0,0.9972175830269263,1,0.4792178956619027,0.05,0.3969244607584481,2.2124511843265213,0.0025,0.0,,
SECOM,47,Weighted-Mondrian,10,0.1265191481377239,0.6820062451209992,0.09663424684700718,50.0,9.0,0.3,0.7,0.3333333333333333,3.0,6.0,0.6666666666666666,0.9929019624346203,1,0.4772096108994514,0.05,0.39910248208706445,2.778761576630255,0.0075,0.0,,
SECOM,47,Weighted-Mondrian,11,0.1265191481377239,0.6820062451209992,0.09663424684700718,50.0,3.0,0.18,0.82,0.0,0.0,3.0,1.0,0.9903071990775887,1,0.4692752731084467,0.05,0.40461320737041057,2.2131981312233786,0.01,0.0,,
SECOM,47,Weighted-Mondrian,12,0.1265191481377239,0.6820062451209992,0.09663424684700718,50.0,3.0,0.34,0.66,0.0,0.0,3.0,1.0,0.9970514521598113,1,0.46346231721892145,0.05,0.3816355434909815,2.115859056820393,0.0075,0.0,,
SECOM,47,Weighted-Mondrian,13,0.1265191481377239,0.6820062451209992,0.09663424684700718,50.0,0.0,0.58,0.42,0.0,0.0,0.0,0.0,0.9970434069150048,1,0.4541249802892142,0.05,0.3643829585788091,3.5802543109244755,0.0075,0.0,,
SECOM,47,Weighted-Mondrian,14,0.1265191481377239,0.6820062451209992,0.09663424684700718,50.0,1.0,0.34,0.66,0.0,0.0,1.0,1.0,0.9904172195193867,1,0.4604487019532408,0.05,0.36383720803427444,2.304976692195074,0.005,0.0,,
SECOM,47,Weighted-Mondrian,15,0.1265191481377239,0.6820062451209992,0.09663424684700718,17.0,0.0,0.29411764705882354,0.7058823529411765,0.0,0.0,0.0,0.0,0.9936545343458149,1,1.651338058240809,0.3963681974338625,1.534045640893841,5.493470819073555,0.0,0.0,,
SECOM,47,Periodic-Rolling-CP,0,0.12252009882102755,0.6820062451209992,0.09663424684700718,50.0,2.0,0.24,0.76,0.0,0.0,2.0,1.0,0.9673485458598208,1,,,,,,,stable,5.0
SECOM,47,Periodic-Rolling-CP,1,0.12252009882102755,0.6820062451209992,0.09663424684700718,50.0,1.0,0.26,0.74,0.0,0.0,1.0,1.0,0.9439906559638782,1,,,,,,,stable,5.0
SECOM,47,Periodic-Rolling-CP,2,0.12252009882102755,0.6820062451209992,0.09663424684700718,50.0,4.0,0.38,0.62,0.0,0.0,4.0,1.0,0.9944834375226916,1,,,,,,,stable,5.0
SECOM,47,Periodic-Rolling-CP,3,0.1265191481377239,0.6820062451209992,0.09663424684700718,50.0,0.0,0.4,0.6,0.0,0.0,0.0,0.0,0.9954967257916522,1,,,,,,,rolling-calibration,5.0
SECOM,47,Periodic-Rolling-CP,4,0.1265191481377239,0.6820062451209992,0.09663424684700718,50.0,1.0,0.38,0.62,0.0,0.0,1.0,1.0,0.9923337756155094,1,,,,,,,rolling-calibration,5.0
SECOM,47,Periodic-Rolling-CP,5,0.1265191481377239,0.6820062451209992,0.09663424684700718,50.0,1.0,0.22,0.78,0.0,0.0,1.0,1.0,0.9961105710941092,1,,,,,,,rolling-calibration,5.0
SECOM,47,Periodic-Rolling-CP,6,0.1265191481377239,0.6820062451209992,0.09663424684700718,50.0,1.0,0.12,0.88,0.0,0.0,1.0,1.0,0.9991154356479434,1,,,,,,,rolling-calibration,5.0
SECOM,47,Periodic-Rolling-CP,7,0.1265191481377239,0.6820062451209992,0.09663424684700718,50.0,3.0,0.12,0.88,0.0,0.0,3.0,1.0,0.9990832546687174,1,,,,,,,rolling-calibration,5.0
SECOM,47,Periodic-Rolling-CP,8,0.1265191481377239,0.6820062451209992,0.09663424684700718,50.0,5.0,0.1,0.9,0.0,0.0,5.0,1.0,0.9942181507324062,1,,,,,,,rolling-calibration,5.0
SECOM,47,Periodic-Rolling-CP,9,0.1265191481377239,0.6820062451209992,0.09663424684700718,50.0,1.0,0.24,0.76,0.0,0.0,1.0,1.0,0.9972175830269263,1,,,,,,,rolling-calibration,5.0
SECOM,47,Periodic-Rolling-CP,10,0.1265191481377239,0.6820062451209992,0.09663424684700718,50.0,9.0,0.3,0.7,0.3333333333333333,3.0,6.0,0.6666666666666666,0.9929019624346203,1,,,,,,,rolling-calibration,5.0
SECOM,47,Periodic-Rolling-CP,11,0.1273335370511841,0.6820062451209992,0.09663424684700718,50.0,3.0,0.2,0.8,0.0,0.0,3.0,1.0,0.9903071990775887,1,,,,,,,rolling-calibration,5.0
SECOM,47,Periodic-Rolling-CP,12,0.1273335370511841,0.6820062451209992,0.09663424684700718,50.0,3.0,0.34,0.66,0.0,0.0,3.0,1.0,0.9970514521598113,1,,,,,,,rolling-calibration,5.0
SECOM,47,Periodic-Rolling-CP,13,0.1273335370511841,0.6820062451209992,0.09663424684700718,50.0,0.0,0.58,0.42,0.0,0.0,0.0,0.0,0.9970434069150048,1,,,,,,,rolling-calibration,5.0
SECOM,47,Periodic-Rolling-CP,14,0.1273335370511841,0.6820062451209992,0.09663424684700718,50.0,1.0,0.34,0.66,0.0,0.0,1.0,1.0,0.9904172195193867,1,,,,,,,rolling-calibration,5.0
SECOM,47,Periodic-Rolling-CP,15,0.1273335370511841,0.6820062451209992,0.09663424684700718,17.0,0.0,0.29411764705882354,0.7058823529411765,0.0,0.0,0.0,0.0,0.9936545343458149,1,,,,,,,rolling-calibration,5.0
SECOM,47,DTCG-Proposed,0,0.0,0.6820062451209992,0.09663424684700718,50.0,2.0,0.0,1.0,0.0,0.0,2.0,1.0,0.9673485458598208,1,,,,,,,first-shift-hold,5.0
SECOM,47,DTCG-Proposed,1,0.12252009882102755,0.6820062451209992,0.09663424684700718,50.0,1.0,0.26,0.74,0.0,0.0,1.0,1.0,0.9439906559638782,1,,,,,,,shifted-base-calibration,5.0
SECOM,47,DTCG-Proposed,2,0.12252009882102755,0.6820062451209992,0.09663424684700718,50.0,4.0,0.38,0.62,0.0,0.0,4.0,1.0,0.9944834375226916,1,,,,,,,shifted-base-calibration,5.0
SECOM,47,DTCG-Proposed,3,0.12252009882102755,0.6820062451209992,0.09663424684700718,50.0,0.0,0.36,0.64,0.0,0.0,0.0,0.0,0.9954967257916522,1,,,,,,,shifted-rolling-calibration,5.0
SECOM,47,DTCG-Proposed,4,0.12252009882102755,0.6820062451209992,0.09663424684700718,50.0,1.0,0.34,0.66,0.0,0.0,1.0,1.0,0.9923337756155094,1,,,,,,,shifted-rolling-calibration,5.0
SECOM,47,DTCG-Proposed,5,0.12252009882102755,0.6820062451209992,0.09663424684700718,50.0,1.0,0.18,0.82,0.0,0.0,1.0,1.0,0.9961105710941092,1,,,,,,,shifted-rolling-calibration,5.0
SECOM,47,DTCG-Proposed,6,0.12252009882102755,0.6820062451209992,0.09663424684700718,50.0,1.0,0.12,0.88,0.0,0.0,1.0,1.0,0.9991154356479434,1,,,,,,,shifted-rolling-calibration,5.0
SECOM,47,DTCG-Proposed,7,0.12252009882102755,0.6820062451209992,0.09663424684700718,50.0,3.0,0.08,0.92,0.0,0.0,3.0,1.0,0.9990832546687174,1,,,,,,,shifted-rolling-calibration,5.0
SECOM,47,DTCG-Proposed,8,0.12252009882102755,0.6820062451209992,0.09663424684700718,50.0,5.0,0.1,0.9,0.0,0.0,5.0,1.0,0.9942181507324062,1,,,,,,,shifted-rolling-calibration,5.0
SECOM,47,DTCG-Proposed,9,0.12252009882102755,0.6820062451209992,0.09663424684700718,50.0,1.0,0.2,0.8,0.0,0.0,1.0,1.0,0.9972175830269263,1,,,,,,,shifted-rolling-calibration,5.0
SECOM,47,DTCG-Proposed,10,0.12252009882102755,0.6820062451209992,0.09663424684700718,50.0,9.0,0.22,0.78,0.3333333333333333,3.0,6.0,0.6666666666666666,0.9929019624346203,1,,,,,,,shifted-rolling-calibration,5.0
SECOM,47,DTCG-Proposed,11,0.12252009882102755,0.6820062451209992,0.09663424684700718,50.0,3.0,0.14,0.86,0.0,0.0,3.0,1.0,0.9903071990775887,1,,,,,,,shifted-rolling-calibration,5.0
SECOM,47,DTCG-Proposed,12,0.12252009882102755,0.6820062451209992,0.09663424684700718,50.0,3.0,0.28,0.72,0.0,0.0,3.0,1.0,0.9970514521598113,1,,,,,,,shifted-rolling-calibration,5.0
SECOM,47,DTCG-Proposed,13,0.12252009882102755,0.6820062451209992,0.09663424684700718,50.0,0.0,0.48,0.52,0.0,0.0,0.0,0.0,0.9970434069150048,1,,,,,,,shifted-rolling-calibration,5.0
SECOM,47,DTCG-Proposed,14,0.12252009882102755,0.6820062451209992,0.09663424684700718,50.0,1.0,0.28,0.72,0.0,0.0,1.0,1.0,0.9904172195193867,1,,,,,,,shifted-rolling-calibration,5.0
SECOM,47,DTCG-Proposed,15,0.12252009882102755,0.6820062451209992,0.09663424684700718,17.0,0.0,0.11764705882352941,0.8823529411764706,0.0,0.0,0.0,0.0,0.9936545343458149,1,,,,,,,shifted-rolling-calibration,5.0
AI4I,7,Probability-0.5,0,0.5,0.9472404189385322,0.6894256265569412,50.0,1.0,0.98,0.02,1.0,1.0,0.0,0.0,0.8975316153087562,1,,,,,,,,
AI4I,7,Probability-0.5,1,0.5,0.9472404189385322,0.6894256265569412,50.0,0.0,1.0,0.0,0.0,0.0,0.0,0.0,0.898429704508283,1,,,,,,,,
AI4I,7,Probability-0.5,2,0.5,0.9472404189385322,0.6894256265569412,50.0,1.0,1.0,0.0,1.0,1.0,0.0,0.0,0.9316144403067853,1,,,,,,,,
AI4I,7,Probability-0.5,3,0.5,0.9472404189385322,0.6894256265569412,50.0,3.0,0.96,0.04,0.3333333333333333,1.0,2.0,0.6666666666666666,0.9932104474171676,1,,,,,,,,
AI4I,7,Probability-0.5,4,0.5,0.9472404189385322,0.6894256265569412,50.0,1.0,0.98,0.02,0.0,0.0,1.0,1.0,1.0,1,,,,,,,,
AI4I,7,Probability-0.5,5,0.5,0.9472404189385322,0.6894256265569412,50.0,0.0,1.0,0.0,0.0,0.0,0.0,0.0,1.0,1,,,,,,,,
AI4I,7,Probability-0.5,6,0.5,0.9472404189385322,0.6894256265569412,50.0,1.0,0.98,0.02,0.0,0.0,1.0,1.0,1.0,1,,,,,,,,
AI4I,7,Probability-0.5,7,0.5,0.9472404189385322,0.6894256265569412,50.0,2.0,0.98,0.02,0.5,1.0,1.0,0.5,1.0,1,,,,,,,,
AI4I,7,Probability-0.5,8,0.5,0.9472404189385322,0.6894256265569412,50.0,1.0,0.98,0.02,0.0,0.0,1.0,1.0,1.0,1,,,,,,,,
AI4I,7,Probability-0.5,9,0.5,0.9472404189385322,0.6894256265569412,50.0,0.0,1.0,0.0,0.0,0.0,0.0,0.0,1.0,1,,,,,,,,
AI4I,7,Probability-0.5,10,0.5,0.9472404189385322,0.6894256265569412,50.0,1.0,1.0,0.0,1.0,1.0,0.0,0.0,1.0,1,,,,,,,,
AI4I,7,Probability-0.5,11,0.5,0.9472404189385322,0.6894256265569412,50.0,1.0,0.98,0.02,0.0,0.0,1.0,1.0,1.0,1,,,,,,,,
AI4I,7,Probability-0.5,12,0.5,0.9472404189385322,0.6894256265569412,50.0,2.0,0.96,0.04,0.5,1.0,1.0,0.5,1.0,1,,,,,,,,
AI4I,7,Probability-0.5,13,0.5,0.9472404189385322,0.6894256265569412,50.0,1.0,1.0,0.0,1.0,1.0,0.0,0.0,1.0,1,,,,,,,,
AI4I,7,Probability-0.5,14,0.5,0.9472404189385322,0.6894256265569412,50.0,0.0,1.0,0.0,0.0,0.0,0.0,0.0,1.0,1,,,,,,,,
AI4I,7,Probability-0.5,15,0.5,0.9472404189385322,0.6894256265569412,50.0,0.0,1.0,0.0,0.0,0.0,0.0,0.0,1.0,1,,,,,,,,
AI4I,7,Probability-0.5,16,0.5,0.9472404189385322,0.6894256265569412,50.0,1.0,1.0,0.0,1.0,1.0,0.0,0.0,1.0,1,,,,,,,,
AI4I,7,Probability-0.5,17,0.5,0.9472404189385322,0.6894256265569412,50.0,0.0,1.0,0.0,0.0,0.0,0.0,0.0,1.0,1,,,,,,,,
AI4I,7,Probability-0.5,18,0.5,0.9472404189385322,0.6894256265569412,50.0,1.0,1.0,0.0,1.0,1.0,0.0,0.0,1.0,1,,,,,,,,
AI4I,7,Probability-0.5,19,0.5,0.9472404189385322,0.6894256265569412,50.0,0.0,1.0,0.0,0.0,0.0,0.0,0.0,1.0,1,,,,,,,,
AI4I,7,Probability-0.5,20,0.5,0.9472404189385322,0.6894256265569412,50.0,4.0,0.98,0.02,0.75,3.0,1.0,0.25,1.0,1,,,,,,,,
AI4I,7,Probability-0.5,21,0.5,0.9472404189385322,0.6894256265569412,50.0,1.0,0.98,0.02,0.0,0.0,1.0,1.0,1.0,1,,,,,,,,
AI4I,7,Probability-0.5,22,0.5,0.9472404189385322,0.6894256265569412,50.0,0.0,1.0,0.0,0.0,0.0,0.0,0.0,1.0,1,,,,,,,,
AI4I,7,Probability-0.5,23,0.5,0.9472404189385322,0.6894256265569412,50.0,2.0,0.98,0.02,0.5,1.0,1.0,0.5,1.0,1,,,,,,,,
AI4I,7,Probability-0.5,24,0.5,0.9472404189385322,0.6894256265569412,50.0,0.0,1.0,0.0,0.0,0.0,0.0,0.0,1.0,1,,,,,,,,
AI4I,7,Probability-0.5,25,0.5,0.9472404189385322,0.6894256265569412,50.0,0.0,1.0,0.0,0.0,0.0,0.0,0.0,1.0,1,,,,,,,,
AI4I,7,Probability-0.5,26,0.5,0.9472404189385322,0.6894256265569412,50.0,0.0,1.0,0.0,0.0,0.0,0.0,0.0,1.0,1,,,,,,,,
AI4I,7,Probability-0.5,27,0.5,0.9472404189385322,0.6894256265569412,50.0,0.0,1.0,0.0,0.0,0.0,0.0,0.0,1.0,1,,,,,,,,
AI4I,7,Probability-0.5,28,0.5,0.9472404189385322,0.6894256265569412,50.0,1.0,0.98,0.02,0.0,0.0,1.0,1.0,1.0,1,,,,,,,,
AI4I,7,Probability-0.5,29,0.5,0.9472404189385322,0.6894256265569412,50.0,1.0,0.98,0.02,0.0,0.0,1.0,1.0,0.9999116763822645,1,,,,,,,,
AI4I,7,Probability-0.5,30,0.5,0.9472404189385322,0.6894256265569412,50.0,0.0,1.0,0.0,0.0,0.0,0.0,0.0,0.9970742415402438,1,,,,,,,,
AI4I,7,Probability-0.5,31,0.5,0.9472404189385322,0.6894256265569412,50.0,1.0,1.0,0.0,1.0,1.0,0.0,0.0,0.9933228216751896,1,,,,,,,,
AI4I,7,Probability-0.5,32,0.5,0.9472404189385322,0.6894256265569412,50.0,1.0,1.0,0.0,1.0,1.0,0.0,0.0,1.0,1,,,,,,,,
AI4I,7,Probability-0.5,33,0.5,0.9472404189385322,0.6894256265569412,50.0,6.0,0.9,0.1,0.16666666666666666,1.0,5.0,0.8333333333333334,1.0,1,,,,,,,,
AI4I,7,Probability-0.5,34,0.5,0.9472404189385322,0.6894256265569412,50.0,0.0,1.0,0.0,0.0,0.0,0.0,0.0,1.0,1,,,,,,,,
AI4I,7,Probability-0.5,35,0.5,0.9472404189385322,0.6894256265569412,50.0,2.0,0.98,0.02,0.5,1.0,1.0,0.5,1.0,1,,,,,,,,
AI4I,7,Probability-0.5,36,0.5,0.9472404189385322,0.6894256265569412,50.0,2.0,0.98,0.02,0.5,1.0,1.0,0.5,1.0,1,,,,,,,,
AI4I,7,Probability-0.5,37,0.5,0.9472404189385322,0.6894256265569412,50.0,0.0,1.0,0.0,0.0,0.0,0.0,0.0,1.0,1,,,,,,,,
AI4I,7,Probability-0.5,38,0.5,0.9472404189385322,0.6894256265569412,50.0,0.0,0.98,0.02,0.0,0.0,0.0,0.0,1.0,1,,,,,,,,
AI4I,7,Probability-0.5,39,0.5,0.9472404189385322,0.6894256265569412,50.0,1.0,0.98,0.02,0.0,0.0,1.0,1.0,1.0,1,,,,,,,,
AI4I,7,Global-CP,0,0.07716749511191273,0.9472404189385322,0.6894256265569412,50.0,1.0,0.84,0.16,0.0,0.0,1.0,1.0,0.8975316153087562,1,,,,,,,,
AI4I,7,Global-CP,1,0.07716749511191273,0.9472404189385322,0.6894256265569412,50.0,0.0,1.0,0.0,0.0,0.0,0.0,0.0,0.898429704508283,1,,,,,,,,
AI4I,7,Global-CP,2,0.07716749511191273,0.9472404189385322,0.6894256265569412,50.0,1.0,0.92,0.08,1.0,1.0,0.0,0.0,0.9316144403067853,1,,,,,,,,
AI4I,7,Global-CP,3,0.07716749511191273,0.9472404189385322,0.6894256265569412,50.0,3.0,0.82,0.18,0.0,0.0,3.0,1.0,0.9932104474171676,1,,,,,,,,
AI4I,7,Global-CP,4,0.07716749511191273,0.9472404189385322,0.6894256265569412,50.0,1.0,0.88,0.12,0.0,0.0,1.0,1.0,1.0,1,,,,,,,,
AI4I,7,Global-CP,5,0.07716749511191273,0.9472404189385322,0.6894256265569412,50.0,0.0,0.82,0.18,0.0,0.0,0.0,0.0,1.0,1,,,,,,,,
AI4I,7,Global-CP,6,0.07716749511191273,0.9472404189385322,0.6894256265569412,50.0,1.0,0.94,0.06,0.0,0.0,1.0,1.0,1.0,1,,,,,,,,
AI4I,7,Global-CP,7,0.07716749511191273,0.9472404189385322,0.6894256265569412,50.0,2.0,0.86,0.14,0.5,1.0,1.0,0.5,1.0,1,,,,,,,,
AI4I,7,Global-CP,8,0.07716749511191273,0.9472404189385322,0.6894256265569412,50.0,1.0,0.88,0.12,0.0,0.0,1.0,1.0,1.0,1,,,,,,,,
AI4I,7,Global-CP,9,0.07716749511191273,0.9472404189385322,0.6894256265569412,50.0,0.0,0.94,0.06,0.0,0.0,0.0,0.0,1.0,1,,,,,,,,
AI4I,7,Global-CP,10,0.07716749511191273,0.9472404189385322,0.6894256265569412,50.0,1.0,0.94,0.06,1.0,1.0,0.0,0.0,1.0,1,,,,,,,,
AI4I,7,Global-CP,11,0.07716749511191273,0.9472404189385322,0.6894256265569412,50.0,1.0,0.94,0.06,0.0,0.0,1.0,1.0,1.0,1,,,,,,,,
AI4I,7,Global-CP,12,0.07716749511191273,0.9472404189385322,0.6894256265569412,50.0,2.0,0.9,0.1,0.5,1.0,1.0,0.5,1.0,1,,,,,,,,
AI4I,7,Global-CP,13,0.07716749511191273,0.9472404189385322,0.6894256265569412,50.0,1.0,0.98,0.02,0.0,0.0,1.0,1.0,1.0,1,,,,,,,,
AI4I,7,Global-CP,14,0.07716749511191273,0.9472404189385322,0.6894256265569412,50.0,0.0,1.0,0.0,0.0,0.0,0.0,0.0,1.0,1,,,,,,,,
AI4I,7,Global-CP,15,0.07716749511191273,0.9472404189385322,0.6894256265569412,50.0,0.0,0.98,0.02,0.0,0.0,0.0,0.0,1.0,1,,,,,,,,
AI4I,7,Global-CP,16,0.07716749511191273,0.9472404189385322,0.6894256265569412,50.0,1.0,0.94,0.06,0.0,0.0,1.0,1.0,1.0,1,,,,,,,,
AI4I,7,Global-CP,17,0.07716749511191273,0.9472404189385322,0.6894256265569412,50.0,0.0,0.98,0.02,0.0,0.0,0.0,0.0,1.0,1,,,,,,,,
AI4I,7,Global-CP,18,0.07716749511191273,0.9472404189385322,0.6894256265569412,50.0,1.0,0.96,0.04,0.0,0.0,1.0,1.0,1.0,1,,,,,,,,
AI4I,7,Global-CP,19,0.07716749511191273,0.9472404189385322,0.6894256265569412,50.0,0.0,0.98,0.02,0.0,0.0,0.0,0.0,1.0,1,,,,,,,,
AI4I,7,Global-CP,20,0.07716749511191273,0.9472404189385322,0.6894256265569412,50.0,4.0,0.86,0.14,0.25,1.0,3.0,0.75,1.0,1,,,,,,,,
AI4I,7,Global-CP,21,0.07716749511191273,0.9472404189385322,0.6894256265569412,50.0,1.0,0.96,0.04,0.0,0.0,1.0,1.0,1.0,1,,,,,,,,
AI4I,7,Global-CP,22,0.07716749511191273,0.9472404189385322,0.6894256265569412,50.0,0.0,1.0,0.0,0.0,0.0,0.0,0.0,1.0,1,,,,,,,,
AI4I,7,Global-CP,23,0.07716749511191273,0.9472404189385322,0.6894256265569412,50.0,2.0,0.94,0.06,0.5,1.0,1.0,0.5,1.0,1,,,,,,,,
AI4I,7,Global-CP,24,0.07716749511191273,0.9472404189385322,0.6894256265569412,50.0,0.0,0.96,0.04,0.0,0.0,0.0,0.0,1.0,1,,,,,,,,
AI4I,7,Global-CP,25,0.07716749511191273,0.9472404189385322,0.6894256265569412,50.0,0.0,0.96,0.04,0.0,0.0,0.0,0.0,1.0,1,,,,,,,,
AI4I,7,Global-CP,26,0.07716749511191273,0.9472404189385322,0.6894256265569412,50.0,0.0,0.96,0.04,0.0,0.0,0.0,0.0,1.0,1,,,,,,,,
AI4I,7,Global-CP,27,0.07716749511191273,0.9472404189385322,0.6894256265569412,50.0,0.0,1.0,0.0,0.0,0.0,0.0,0.0,1.0,1,,,,,,,,
AI4I,7,Global-CP,28,0.07716749511191273,0.9472404189385322,0.6894256265569412,50.0,1.0,0.98,0.02,0.0,0.0,1.0,1.0,1.0,1,,,,,,,,
AI4I,7,Global-CP,29,0.07716749511191273,0.9472404189385322,0.6894256265569412,50.0,1.0,0.86,0.14,0.0,0.0,1.0,1.0,0.9999116763822645,1,,,,,,,,
AI4I,7,Global-CP,30,0.07716749511191273,0.9472404189385322,0.6894256265569412,50.0,0.0,0.96,0.04,0.0,0.0,0.0,0.0,0.9970742415402438,1,,,,,,,,
AI4I,7,Global-CP,31,0.07716749511191273,0.9472404189385322,0.6894256265569412,50.0,1.0,0.96,0.04,1.0,1.0,0.0,0.0,0.9933228216751896,1,,,,,,,,
AI4I,7,Global-CP,32,0.07716749511191273,0.9472404189385322,0.6894256265569412,50.0,1.0,0.96,0.04,0.0,0.0,1.0,1.0,1.0,1,,,,,,,,
AI4I,7,Global-CP,33,0.07716749511191273,0.9472404189385322,0.6894256265569412,50.0,6.0,0.66,0.34,0.0,0.0,6.0,1.0,1.0,1,,,,,,,,
AI4I,7,Global-CP,34,0.07716749511191273,0.9472404189385322,0.6894256265569412,50.0,0.0,0.94,0.06,0.0,0.0,0.0,0.0,1.0,1,,,,,,,,
AI4I,7,Global-CP,35,0.07716749511191273,0.9472404189385322,0.6894256265569412,50.0,2.0,0.94,0.06,0.0,0.0,2.0,1.0,1.0,1,,,,,,,,
AI4I,7,Global-CP,36,0.07716749511191273,0.9472404189385322,0.6894256265569412,50.0,2.0,0.82,0.18,0.0,0.0,2.0,1.0,1.0,1,,,,,,,,
AI4I,7,Global-CP,37,0.07716749511191273,0.9472404189385322,0.6894256265569412,50.0,0.0,0.98,0.02,0.0,0.0,0.0,0.0,1.0,1,,,,,,,,
AI4I,7,Global-CP,38,0.07716749511191273,0.9472404189385322,0.6894256265569412,50.0,0.0,0.96,0.04,0.0,0.0,0.0,0.0,1.0,1,,,,,,,,
AI4I,7,Global-CP,39,0.07716749511191273,0.9472404189385322,0.6894256265569412,50.0,1.0,0.98,0.02,0.0,0.0,1.0,1.0,1.0,1,,,,,,,,
AI4I,7,Mondrian-CP,0,0.0662168704138175,0.9472404189385322,0.6894256265569412,50.0,1.0,0.8,0.2,0.0,0.0,1.0,1.0,0.8975316153087562,1,,,,,,,,
AI4I,7,Mondrian-CP,1,0.0662168704138175,0.9472404189385322,0.6894256265569412,50.0,0.0,0.98,0.02,0.0,0.0,0.0,0.0,0.898429704508283,1,,,,,,,,
AI4I,7,Mondrian-CP,2,0.0662168704138175,0.9472404189385322,0.6894256265569412,50.0,1.0,0.92,0.08,1.0,1.0,0.0,0.0,0.9316144403067853,1,,,,,,,,
AI4I,7,Mondrian-CP,3,0.0662168704138175,0.9472404189385322,0.6894256265569412,50.0,3.0,0.8,0.2,0.0,0.0,3.0,1.0,0.9932104474171676,1,,,,,,,,
AI4I,7,Mondrian-CP,4,0.0662168704138175,0.9472404189385322,0.6894256265569412,50.0,1.0,0.88,0.12,0.0,0.0,1.0,1.0,1.0,1,,,,,,,,
AI4I,7,Mondrian-CP,5,0.0662168704138175,0.9472404189385322,0.6894256265569412,50.0,0.0,0.8,0.2,0.0,0.0,0.0,0.0,1.0,1,,,,,,,,
AI4I,7,Mondrian-CP,6,0.0662168704138175,0.9472404189385322,0.6894256265569412,50.0,1.0,0.92,0.08,0.0,0.0,1.0,1.0,1.0,1,,,,,,,,
AI4I,7,Mondrian-CP,7,0.0662168704138175,0.9472404189385322,0.6894256265569412,50.0,2.0,0.82,0.18,0.0,0.0,2.0,1.0,1.0,1,,,,,,,,
AI4I,7,Mondrian-CP,8,0.0662168704138175,0.9472404189385322,0.6894256265569412,50.0,1.0,0.88,0.12,0.0,0.0,1.0,1.0,1.0,1,,,,,,,,
AI4I,7,Mondrian-CP,9,0.0662168704138175,0.9472404189385322,0.6894256265569412,50.0,0.0,0.94,0.06,0.0,0.0,0.0,0.0,1.0,1,,,,,,,,
AI4I,7,Mondrian-CP,10,0.0662168704138175,0.9472404189385322,0.6894256265569412,50.0,1.0,0.94,0.06,1.0,1.0,0.0,0.0,1.0,1,,,,,,,,
AI4I,7,Mondrian-CP,11,0.0662168704138175,0.9472404189385322,0.6894256265569412,50.0,1.0,0.94,0.06,0.0,0.0,1.0,1.0,1.0,1,,,,,,,,
AI4I,7,Mondrian-CP,12,0.0662168704138175,0.9472404189385322,0.6894256265569412,50.0,2.0,0.9,0.1,0.5,1.0,1.0,0.5,1.0,1,,,,,,,,
AI4I,7,Mondrian-CP,13,0.0662168704138175,0.9472404189385322,0.6894256265569412,50.0,1.0,0.98,0.02,0.0,0.0,1.0,1.0,1.0,1,,,,,,,,
AI4I,7,Mondrian-CP,14,0.0662168704138175,0.9472404189385322,0.6894256265569412,50.0,0.0,1.0,0.0,0.0,0.0,0.0,0.0,1.0,1,,,,,,,,
AI4I,7,Mondrian-CP,15,0.0662168704138175,0.9472404189385322,0.6894256265569412,50.0,0.0,0.96,0.04,0.0,0.0,0.0,0.0,1.0,1,,,,,,,,
AI4I,7,Mondrian-CP,16,0.0662168704138175,0.9472404189385322,0.6894256265569412,50.0,1.0,0.92,0.08,0.0,0.0,1.0,1.0,1.0,1,,,,,,,,
AI4I,7,Mondrian-CP,17,0.0662168704138175,0.9472404189385322,0.6894256265569412,50.0,0.0,0.98,0.02,0.0,0.0,0.0,0.0,1.0,1,,,,,,,,
AI4I,7,Mondrian-CP,18,0.0662168704138175,0.9472404189385322,0.6894256265569412,50.0,1.0,0.96,0.04,0.0,0.0,1.0,1.0,1.0,1,,,,,,,,
AI4I,7,Mondrian-CP,19,0.0662168704138175,0.9472404189385322,0.6894256265569412,50.0,0.0,0.98,0.02,0.0,0.0,0.0,0.0,1.0,1,,,,,,,,
AI4I,7,Mondrian-CP,20,0.0662168704138175,0.9472404189385322,0.6894256265569412,50.0,4.0,0.86,0.14,0.25,1.0,3.0,0.75,1.0,1,,,,,,,,
AI4I,7,Mondrian-CP,21,0.0662168704138175,0.9472404189385322,0.6894256265569412,50.0,1.0,0.96,0.04,0.0,0.0,1.0,1.0,1.0,1,,,,,,,,
AI4I,7,Mondrian-CP,22,0.0662168704138175,0.9472404189385322,0.6894256265569412,50.0,0.0,1.0,0.0,0.0,0.0,0.0,0.0,1.0,1,,,,,,,,
AI4I,7,Mondrian-CP,23,0.0662168704138175,0.9472404189385322,0.6894256265569412,50.0,2.0,0.94,0.06,0.5,1.0,1.0,0.5,1.0,1,,,,,,,,
AI4I,7,Mondrian-CP,24,0.0662168704138175,0.9472404189385322,0.6894256265569412,50.0,0.0,0.96,0.04,0.0,0.0,0.0,0.0,1.0,1,,,,,,,,
AI4I,7,Mondrian-CP,25,0.0662168704138175,0.9472404189385322,0.6894256265569412,50.0,0.0,0.96,0.04,0.0,0.0,0.0,0.0,1.0,1,,,,,,,,
AI4I,7,Mondrian-CP,26,0.0662168704138175,0.9472404189385322,0.6894256265569412,50.0,0.0,0.94,0.06,0.0,0.0,0.0,0.0,1.0,1,,,,,,,,
AI4I,7,Mondrian-CP,27,0.0662168704138175,0.9472404189385322,0.6894256265569412,50.0,0.0,1.0,0.0,0.0,0.0,0.0,0.0,1.0,1,,,,,,,,
AI4I,7,Mondrian-CP,28,0.0662168704138175,0.9472404189385322,0.6894256265569412,50.0,1.0,0.96,0.04,0.0,0.0,1.0,1.0,1.0,1,,,,,,,,
AI4I,7,Mondrian-CP,29,0.0662168704138175,0.9472404189385322,0.6894256265569412,50.0,1.0,0.86,0.14,0.0,0.0,1.0,1.0,0.9999116763822645,1,,,,,,,,
AI4I,7,Mondrian-CP,30,0.0662168704138175,0.9472404189385322,0.6894256265569412,50.0,0.0,0.96,0.04,0.0,0.0,0.0,0.0,0.9970742415402438,1,,,,,,,,
AI4I,7,Mondrian-CP,31,0.0662168704138175,0.9472404189385322,0.6894256265569412,50.0,1.0,0.88,0.12,1.0,1.0,0.0,0.0,0.9933228216751896,1,,,,,,,,
AI4I,7,Mondrian-CP,32,0.0662168704138175,0.9472404189385322,0.6894256265569412,50.0,1.0,0.94,0.06,0.0,0.0,1.0,1.0,1.0,1,,,,,,,,
AI4I,7,Mondrian-CP,33,0.0662168704138175,0.9472404189385322,0.6894256265569412,50.0,6.0,0.62,0.38,0.0,0.0,6.0,1.0,1.0,1,,,,,,,,
AI4I,7,Mondrian-CP,34,0.0662168704138175,0.9472404189385322,0.6894256265569412,50.0,0.0,0.92,0.08,0.0,0.0,0.0,0.0,1.0,1,,,,,,,,
AI4I,7,Mondrian-CP,35,0.0662168704138175,0.9472404189385322,0.6894256265569412,50.0,2.0,0.92,0.08,0.0,0.0,2.0,1.0,1.0,1,,,,,,,,
AI4I,7,Mondrian-CP,36,0.0662168704138175,0.9472404189385322,0.6894256265569412,50.0,2.0,0.8,0.2,0.0,0.0,2.0,1.0,1.0,1,,,,,,,,
AI4I,7,Mondrian-CP,37,0.0662168704138175,0.9472404189385322,0.6894256265569412,50.0,0.0,0.98,0.02,0.0,0.0,0.0,0.0,1.0,1,,,,,,,,
AI4I,7,Mondrian-CP,38,0.0662168704138175,0.9472404189385322,0.6894256265569412,50.0,0.0,0.96,0.04,0.0,0.0,0.0,0.0,1.0,1,,,,,,,,
AI4I,7,Mondrian-CP,39,0.0662168704138175,0.9472404189385322,0.6894256265569412,50.0,1.0,0.98,0.02,0.0,0.0,1.0,1.0,1.0,1,,,,,,,,
AI4I,7,Weighted-Mondrian,0,0.06815300330667044,0.9472404189385322,0.6894256265569412,50.0,1.0,0.82,0.18,0.0,0.0,1.0,1.0,0.8975316153087562,1,1.719762153768088,0.12386242148299963,1.197000101877424,13.718421826559688,0.0,0.0,,
AI4I,7,Weighted-Mondrian,1,0.062147770551518315,0.9472404189385322,0.6894256265569412,50.0,0.0,0.98,0.02,0.0,0.0,0.0,0.0,0.898429704508283,1,1.7070827326526812,0.20030754915041235,1.0465270072092405,6.9190358521563,0.0,0.0,,
AI4I,7,Weighted-Mondrian,2,0.06123760617578032,0.9472404189385322,0.6894256265569412,50.0,1.0,0.9,0.1,1.0,1.0,0.0,0.0,0.9316144403067853,1,1.70282954233161,0.12606505708025995,1.1186730890710193,9.299538358260254,0.0,0.0,,
AI4I,7,Weighted-Mondrian,3,0.0628396027115327,0.9472404189385322,0.6894256265569412,50.0,3.0,0.8,0.2,0.0,0.0,3.0,1.0,0.9932104474171676,1,1.6407898808981027,0.05,0.8470824269236734,12.51461990362208,0.0065,0.0,,
AI4I,7,Weighted-Mondrian,4,0.05984788944820161,0.9472404189385322,0.6894256265569412,50.0,1.0,0.88,0.12,0.0,0.0,1.0,1.0,1.0,1,1.4430464812930242,0.05,0.6721324022506128,17.274985235663934,0.02,0.0,,
AI4I,7,Weighted-Mondrian,5,0.05835930717302744,0.9472404189385322,0.6894256265569412,50.0,0.0,0.8,0.2,0.0,0.0,0.0,0.0,1.0,1,1.3577439811813528,0.05,0.6518105116710043,12.77567416740684,0.0185,0.0,,
AI4I,7,Weighted-Mondrian,6,0.05984788944820161,0.9472404189385322,0.6894256265569412,50.0,1.0,0.92,0.08,0.0,0.0,1.0,1.0,1.0,1,1.283392208022762,0.05,0.6231610258654278,15.65694386031808,0.003,0.0,,
AI4I,7,Weighted-Mondrian,7,0.05984788944820161,0.9472404189385322,0.6894256265569412,50.0,2.0,0.82,0.18,0.0,0.0,2.0,1.0,1.0,1,1.2723888453567354,0.05,0.6054757540678113,15.519379739811983,0.0055,0.0,,
AI4I,7,Weighted-Mondrian,8,0.06046145495787084,0.9472404189385322,0.6894256265569412,50.0,1.0,0.88,0.12,0.0,0.0,1.0,1.0,1.0,1,1.2677481825227925,0.05,0.6319279521175405,12.041923882744088,0.004,0.0,,
AI4I,7,Weighted-Mondrian,9,0.05715861641034833,0.9472404189385322,0.6894256265569412,50.0,0.0,0.92,0.08,0.0,0.0,0.0,0.0,1.0,1,1.1997725237562322,0.05,0.608687193929747,12.97905157767975,0.004,0.0,,
AI4I,7,Weighted-Mondrian,10,0.0558129227121124,0.9472404189385322,0.6894256265569412,50.0,1.0,0.94,0.06,1.0,1.0,0.0,0.0,1.0,1,1.1653533418216544,0.05139556896300336,0.5949224275439071,11.340500206732148,0.0,0.0,,
AI4I,7,Weighted-Mondrian,11,0.058385266207168635,0.9472404189385322,0.6894256265569412,50.0,1.0,0.94,0.06,0.0,0.0,1.0,1.0,1.0,1,1.022184782175904,0.08842048380083084,0.60151032225147,7.427731389737123,0.0,0.0,,
AI4I,7,Weighted-Mondrian,12,0.05984788944820161,0.9472404189385322,0.6894256265569412,50.0,2.0,0.9,0.1,0.5,1.0,1.0,0.5,1.0,1,0.9777258239459938,0.09636625145673633,0.6066212281741092,6.4271334410384835,0.0,0.0,,
AI4I,7,Weighted-Mondrian,13,0.05984788944820161,0.9472404189385322,0.6894256265569412,50.0,1.0,0.96,0.04,0.0,0.0,1.0,1.0,1.0,1,0.9670204313288691,0.1051704982394694,0.615495862831263,6.30597254429895,0.0,0.0,,
AI4I,7,Weighted-Mondrian,14,0.058034358691557215,0.9472404189385322,0.6894256265569412,50.0,0.0,1.0,0.0,0.0,0.0,0.0,0.0,1.0,1,0.9609477450340821,0.10042656573628642,0.6185124998486298,6.1512665920949665,0.0,0.0,,
AI4I,7,Weighted-Mondrian,15,0.05984788944820161,0.9472404189385322,0.6894256265569412,50.0,0.0,0.96,0.04,0.0,0.0,0.0,0.0,1.0,1,0.9796389355552118,0.09954957088661015,0.6073827691361255,6.888280266022044,0.0,0.0,,
AI4I,7,Weighted-Mondrian,16,0.060872826532625685,0.9472404189385322,0.6894256265569412,50.0,1.0,0.92,0.08,0.0,0.0,1.0,1.0,1.0,1,0.971971671267521,0.10321549834187665,0.6157721426365083,6.696440433604885,0.0,0.0,,
AI4I,7,Weighted-Mondrian,17,0.05634533990160965,0.9472404189385322,0.6894256265569412,50.0,0.0,0.98,0.02,0.0,0.0,0.0,0.0,1.0,1,1.0343381137574275,0.06886229963621424,0.6033024874183259,8.721346585758926,0.0,0.0,,
AI4I,7,Weighted-Mondrian,18,0.05968905730760037,0.9472404189385322,0.6894256265569412,50.0,1.0,0.96,0.04,0.0,0.0,1.0,1.0,1.0,1,0.9591367180488283,0.110793917891079,0.613933901574233,6.564197283176789,0.0,0.0,,
AI4I,7,Weighted-Mondrian,19,0.05968905730760037,0.9472404189385322,0.6894256265569412,50.0,0.0,0.98,0.02,0.0,0.0,0.0,0.0,1.0,1,0.9377053612906942,0.12493026419826234,0.6062541466019169,5.627358676231582,0.0,0.0,,
AI4I,7,Weighted-Mondrian,20,0.05688466706324294,0.9472404189385322,0.6894256265569412,50.0,4.0,0.86,0.14,0.25,1.0,3.0,0.75,1.0,1,0.9579415886017836,0.1096276023498912,0.6082296141951005,6.121292225339272,0.0,0.0,,
AI4I,7,Weighted-Mondrian,21,0.05715861641034833,0.9472404189385322,0.6894256265569412,50.0,1.0,0.96,0.04,0.0,0.0,1.0,1.0,1.0,1,0.9490039255607614,0.11695844112233492,0.6072560041170504,5.938428979886616,0.0,0.0,,
AI4I,7,Weighted-Mondrian,22,0.05655084888967243,0.9472404189385322,0.6894256265569412,50.0,0.0,1.0,0.0,0.0,0.0,0.0,0.0,1.0,1,0.9848946991671849,0.09257442181522307,0.604213688617439,6.857131017176994,0.0,0.0,,
AI4I,7,Weighted-Mondrian,23,0.05835930717302744,0.9472404189385322,0.6894256265569412,50.0,2.0,0.94,0.06,0.5,1.0,1.0,0.5,1.0,1,1.0205492035601416,0.08296341510253603,0.6001152198280748,7.836269649558776,0.0,0.0,,
AI4I,7,Weighted-Mondrian,24,0.05634533990160965,0.9472404189385322,0.6894256265569412,50.0,0.0,0.96,0.04,0.0,0.0,0.0,0.0,1.0,1,1.0617697687708878,0.07278341123713204,0.5915079349053005,8.828105982609992,0.0,0.0,,
AI4I,7,Weighted-Mondrian,25,0.05669359173334407,0.9472404189385322,0.6894256265569412,50.0,0.0,0.96,0.04,0.0,0.0,0.0,0.0,1.0,1,1.0928319113616525,0.06562069876548902,0.5824502293211931,9.898703238401295,0.0,0.0,,
AI4I,7,Weighted-Mondrian,26,0.05626870614274419,0.9472404189385322,0.6894256265569412,50.0,0.0,0.92,0.08,0.0,0.0,0.0,0.0,1.0,1,1.1349017986264494,0.06214526739761052,0.572523191895507,9.674749543732268,0.0,0.0,,
AI4I,7,Weighted-Mondrian,27,0.05634533990160965,0.9472404189385322,0.6894256265569412,50.0,0.0,1.0,0.0,0.0,0.0,0.0,0.0,1.0,1,1.0180111452525773,0.08955764806522241,0.5939911319924059,7.6020849644524935,0.0,0.0,,
AI4I,7,Weighted-Mondrian,28,0.058034358691557215,0.9472404189385322,0.6894256265569412,50.0,1.0,0.94,0.06,0.0,0.0,1.0,1.0,1.0,1,1.0484735381096983,0.08130567664960288,0.5882208812682426,8.987547277543285,0.0,0.0,,
AI4I,7,Weighted-Mondrian,29,0.05984788944820161,0.9472404189385322,0.6894256265569412,50.0,1.0,0.86,0.14,0.0,0.0,1.0,1.0,0.9999116763822645,1,1.2553840436327433,0.05,0.60258368392265,11.809978432134224,0.001,0.0,,
AI4I,7,Weighted-Mondrian,30,0.05984788944820161,0.9472404189385322,0.6894256265569412,50.0,0.0,0.96,0.04,0.0,0.0,0.0,0.0,0.9970742415402438,1,1.5069550221078654,0.05,0.7202671718165673,17.99178677099271,0.01,0.0,,
AI4I,7,Weighted-Mondrian,31,0.06225692972395921,0.9472404189385322,0.6894256265569412,50.0,1.0,0.88,0.12,1.0,1.0,0.0,0.0,0.9933228216751896,1,1.606473355650738,0.05,0.8018887593201989,14.916398226111362,0.0015,0.0,,
AI4I,7,Weighted-Mondrian,32,0.05982827056571677,0.9472404189385322,0.6894256265569412,50.0,1.0,0.94,0.06,0.0,0.0,1.0,1.0,1.0,1,1.4306208212067077,0.05,0.6557214683886545,14.333322946223536,0.011,0.0,,
AI4I,7,Weighted-Mondrian,33,0.05658485551796477,0.9472404189385322,0.6894256265569412,50.0,6.0,0.62,0.38,0.0,0.0,6.0,1.0,1.0,1,1.4122551793848765,0.05,0.6448869424870487,16.03126517088861,0.008,0.0,,
AI4I,7,Weighted-Mondrian,34,0.05984788944820161,0.9472404189385322,0.6894256265569412,50.0,0.0,0.92,0.08,0.0,0.0,0.0,0.0,1.0,1,1.345933422067944,0.05,0.6292183975065198,13.375454472011201,0.0085,0.0,,
AI4I,7,Weighted-Mondrian,35,0.05467247284631003,0.9472404189385322,0.6894256265569412,50.0,2.0,0.92,0.08,0.0,0.0,2.0,1.0,1.0,1,1.2172552577282352,0.05,0.6039921655184183,12.737190254759502,0.003,0.0,,
AI4I,7,Weighted-Mondrian,36,0.05984788944820161,0.9472404189385322,0.6894256265569412,50.0,2.0,0.8,0.2,0.0,0.0,2.0,1.0,1.0,1,1.1436926205984133,0.06319331224802575,0.5830881321358508,11.396929955688575,0.0,0.0,,
AI4I,7,Weighted-Mondrian,37,0.05544203299968006,0.9472404189385322,0.6894256265569412,50.0,0.0,0.98,0.02,0.0,0.0,0.0,0.0,1.0,1,1.2900257174390959,0.05,0.6002856627045722,14.281071470058757,0.001,0.0,,
AI4I,7,Weighted-Mondrian,38,0.05658485551796477,0.9472404189385322,0.6894256265569412,50.0,0.0,0.96,0.04,0.0,0.0,0.0,0.0,1.0,1,1.1238077725962285,0.06958698185969908,0.5663839575795218,10.78358425742577,0.0,0.0,,
AI4I,7,Weighted-Mondrian,39,0.05525316901288854,0.9472404189385322,0.6894256265569412,50.0,1.0,0.96,0.04,0.0,0.0,1.0,1.0,1.0,1,1.1021560921956701,0.06393542369741675,0.5400475975059136,8.437429513423174,0.0,0.0,,
AI4I,7,Periodic-Rolling-CP,0,0.0662168704138175,0.9472404189385322,0.6894256265569412,50.0,1.0,0.8,0.2,0.0,0.0,1.0,1.0,0.8975316153087562,1,,,,,,,stable,5.0
AI4I,7,Periodic-Rolling-CP,1,0.0662168704138175,0.9472404189385322,0.6894256265569412,50.0,0.0,0.98,0.02,0.0,0.0,0.0,0.0,0.898429704508283,1,,,,,,,stable,5.0
AI4I,7,Periodic-Rolling-CP,2,0.0662168704138175,0.9472404189385322,0.6894256265569412,50.0,1.0,0.92,0.08,1.0,1.0,0.0,0.0,0.9316144403067853,1,,,,,,,stable,5.0
AI4I,7,Periodic-Rolling-CP,3,0.0662168704138175,0.9472404189385322,0.6894256265569412,50.0,3.0,0.8,0.2,0.0,0.0,3.0,1.0,0.9932104474171676,1,,,,,,,stable,5.0
AI4I,7,Periodic-Rolling-CP,4,0.0662168704138175,0.9472404189385322,0.6894256265569412,50.0,1.0,0.88,0.12,0.0,0.0,1.0,1.0,1.0,1,,,,,,,stable,5.0
AI4I,7,Periodic-Rolling-CP,5,0.07184349997339198,0.9472404189385322,0.6894256265569412,50.0,0.0,0.8,0.2,0.0,0.0,0.0,0.0,1.0,1,,,,,,,rolling-calibration,5.0
AI4I,7,Periodic-Rolling-CP,6,0.07413075641148434,0.9472404189385322,0.6894256265569412,50.0,1.0,0.94,0.06,0.0,0.0,1.0,1.0,1.0,1,,,,,,,rolling-calibration,5.0
AI4I,7,Periodic-Rolling-CP,7,0.07444288939818351,0.9472404189385322,0.6894256265569412,50.0,2.0,0.86,0.14,0.5,1.0,1.0,0.5,1.0,1,,,,,,,rolling-calibration,5.0
AI4I,7,Periodic-Rolling-CP,8,0.07585610364766748,0.9472404189385322,0.6894256265569412,50.0,1.0,0.88,0.12,0.0,0.0,1.0,1.0,1.0,1,,,,,,,rolling-calibration,5.0
AI4I,7,Periodic-Rolling-CP,9,0.07705440531160382,0.9472404189385322,0.6894256265569412,50.0,0.0,0.94,0.06,0.0,0.0,0.0,0.0,1.0,1,,,,,,,rolling-calibration,5.0
AI4I,7,Periodic-Rolling-CP,10,0.07739919310332401,0.9472404189385322,0.6894256265569412,50.0,1.0,0.94,0.06,1.0,1.0,0.0,0.0,1.0,1,,,,,,,rolling-calibration,5.0
AI4I,7,Periodic-Rolling-CP,11,0.07752317432024357,0.9472404189385322,0.6894256265569412,50.0,1.0,0.94,0.06,0.0,0.0,1.0,1.0,1.0,1,,,,,,,rolling-calibration,5.0
AI4I,7,Periodic-Rolling-CP,12,0.0787130850117374,0.9472404189385322,0.6894256265569412,50.0,2.0,0.9,0.1,0.5,1.0,1.0,0.5,1.0,1,,,,,,,rolling-calibration,5.0
AI4I,7,Periodic-Rolling-CP,13,0.07995306988060895,0.9472404189385322,0.6894256265569412,50.0,1.0,0.98,0.02,0.0,0.0,1.0,1.0,1.0,1,,,,,,,rolling-calibration,5.0
AI4I,7,Periodic-Rolling-CP,14,0.07995306988060895,0.9472404189385322,0.6894256265569412,50.0,0.0,1.0,0.0,0.0,0.0,0.0,0.0,1.0,1,,,,,,,rolling-calibration,5.0
AI4I,7,Periodic-Rolling-CP,15,0.07995306988060895,0.9472404189385322,0.6894256265569412,50.0,0.0,0.98,0.02,0.0,0.0,0.0,0.0,1.0,1,,,,,,,rolling-calibration,5.0
AI4I,7,Periodic-Rolling-CP,16,0.08062920469343637,0.9472404189385322,0.6894256265569412,50.0,1.0,0.94,0.06,0.0,0.0,1.0,1.0,1.0,1,,,,,,,rolling-calibration,5.0
AI4I,7,Periodic-Rolling-CP,17,0.08069257774904834,0.9472404189385322,0.6894256265569412,50.0,0.0,0.98,0.02,0.0,0.0,0.0,0.0,1.0,1,,,,,,,rolling-calibration,5.0
AI4I,7,Periodic-Rolling-CP,18,0.08089832040177429,0.9472404189385322,0.6894256265569412,50.0,1.0,0.96,0.04,0.0,0.0,1.0,1.0,1.0,1,,,,,,,rolling-calibration,5.0
AI4I,7,Periodic-Rolling-CP,19,0.08130686084469363,0.9472404189385322,0.6894256265569412,50.0,0.0,0.98,0.02,0.0,0.0,0.0,0.0,1.0,1,,,,,,,rolling-calibration,5.0
AI4I,7,Periodic-Rolling-CP,20,0.08173502368188164,0.9472404189385322,0.6894256265569412,50.0,4.0,0.86,0.14,0.25,1.0,3.0,0.75,1.0,1,,,,,,,rolling-calibration,5.0
AI4I,7,Periodic-Rolling-CP,21,0.08353440238141835,0.9472404189385322,0.6894256265569412,50.0,1.0,0.96,0.04,0.0,0.0,1.0,1.0,1.0,1,,,,,,,rolling-calibration,5.0
AI4I,7,Periodic-Rolling-CP,22,0.08389264626918903,0.9472404189385322,0.6894256265569412,50.0,0.0,1.0,0.0,0.0,0.0,0.0,0.0,1.0,1,,,,,,,rolling-calibration,5.0
AI4I,7,Periodic-Rolling-CP,23,0.08389264626918903,0.9472404189385322,0.6894256265569412,50.0,2.0,0.94,0.06,0.5,1.0,1.0,0.5,1.0,1,,,,,,,rolling-calibration,5.0
AI4I,7,Periodic-Rolling-CP,24,0.08453258116982647,0.9472404189385322,0.6894256265569412,50.0,0.0,0.96,0.04,0.0,0.0,0.0,0.0,1.0,1,,,,,,,rolling-calibration,5.0
AI4I,7,Periodic-Rolling-CP,25,0.08470233695790412,0.9472404189385322,0.6894256265569412,50.0,0.0,0.96,0.04,0.0,0.0,0.0,0.0,1.0,1,,,,,,,rolling-calibration,5.0
AI4I,7,Periodic-Rolling-CP,26,0.08490498976466744,0.9472404189385322,0.6894256265569412,50.0,0.0,0.96,0.04,0.0,0.0,0.0,0.0,1.0,1,,,,,,,rolling-calibration,5.0
AI4I,7,Periodic-Rolling-CP,27,0.08548754080356286,0.9472404189385322,0.6894256265569412,50.0,0.0,1.0,0.0,0.0,0.0,0.0,0.0,1.0,1,,,,,,,rolling-calibration,5.0
AI4I,7,Periodic-Rolling-CP,28,0.08548754080356286,0.9472404189385322,0.6894256265569412,50.0,1.0,0.98,0.02,0.0,0.0,1.0,1.0,1.0,1,,,,,,,rolling-calibration,5.0
AI4I,7,Periodic-Rolling-CP,29,0.08548754080356286,0.9472404189385322,0.6894256265569412,50.0,1.0,0.9,0.1,0.0,0.0,1.0,1.0,0.9999116763822645,1,,,,,,,rolling-calibration,5.0
AI4I,7,Periodic-Rolling-CP,30,0.08917977551859899,0.9472404189385322,0.6894256265569412,50.0,0.0,0.98,0.02,0.0,0.0,0.0,0.0,0.9970742415402438,1,,,,,,,rolling-calibration,5.0
AI4I,7,Periodic-Rolling-CP,31,0.0893026741541911,0.9472404189385322,0.6894256265569412,50.0,1.0,0.98,0.02,1.0,1.0,0.0,0.0,0.9933228216751896,1,,,,,,,rolling-calibration,5.0
AI4I,7,Periodic-Rolling-CP,32,0.08937929418821057,0.9472404189385322,0.6894256265569412,50.0,1.0,0.96,0.04,0.0,0.0,1.0,1.0,1.0,1,,,,,,,rolling-calibration,5.0
AI4I,7,Periodic-Rolling-CP,33,0.0894195463053587,0.9472404189385322,0.6894256265569412,50.0,6.0,0.68,0.32,0.0,0.0,6.0,1.0,1.0,1,,,,,,,rolling-calibration,5.0
AI4I,7,Periodic-Rolling-CP,34,0.09270617540597448,0.9472404189385322,0.6894256265569412,50.0,0.0,0.96,0.04,0.0,0.0,0.0,0.0,1.0,1,,,,,,,rolling-calibration,5.0
AI4I,7,Periodic-Rolling-CP,35,0.09313138967562991,0.9472404189385322,0.6894256265569412,50.0,2.0,0.96,0.04,0.0,0.0,2.0,1.0,1.0,1,,,,,,,rolling-calibration,5.0
AI4I,7,Periodic-Rolling-CP,36,0.09313138967562991,0.9472404189385322,0.6894256265569412,50.0,2.0,0.84,0.16,0.0,0.0,2.0,1.0,1.0,1,,,,,,,rolling-calibration,5.0
AI4I,7,Periodic-Rolling-CP,37,0.09854923859718559,0.9472404189385322,0.6894256265569412,50.0,0.0,0.98,0.02,0.0,0.0,0.0,0.0,1.0,1,,,,,,,rolling-calibration,5.0
AI4I,7,Periodic-Rolling-CP,38,0.09883667026566381,0.9472404189385322,0.6894256265569412,50.0,0.0,0.96,0.04,0.0,0.0,0.0,0.0,1.0,1,,,,,,,rolling-calibration,5.0
AI4I,7,Periodic-Rolling-CP,39,0.1002601334396848,0.9472404189385322,0.6894256265569412,50.0,1.0,0.98,0.02,0.0,0.0,1.0,1.0,1.0,1,,,,,,,rolling-calibration,5.0
AI4I,7,DTCG-Proposed,0,0.0,0.9472404189385322,0.6894256265569412,50.0,1.0,0.0,1.0,0.0,0.0,1.0,1.0,0.8975316153087562,1,,,,,,,first-shift-hold,5.0
AI4I,7,DTCG-Proposed,1,0.0662168704138175,0.9472404189385322,0.6894256265569412,50.0,0.0,0.98,0.02,0.0,0.0,0.0,0.0,0.898429704508283,1,,,,,,,shifted-base-calibration,5.0
AI4I,7,DTCG-Proposed,2,0.0662168704138175,0.9472404189385322,0.6894256265569412,50.0,1.0,0.92,0.08,1.0,1.0,0.0,0.0,0.9316144403067853,1,,,,,,,shifted-base-calibration,5.0
AI4I,7,DTCG-Proposed,3,0.0662168704138175,0.9472404189385322,0.6894256265569412,50.0,3.0,0.8,0.2,0.0,0.0,3.0,1.0,0.9932104474171676,1,,,,,,,shifted-base-calibration,5.0
AI4I,7,DTCG-Proposed,4,0.0662168704138175,0.9472404189385322,0.6894256265569412,50.0,1.0,0.88,0.12,0.0,0.0,1.0,1.0,1.0,1,,,,,,,shifted-base-calibration,5.0
AI4I,7,DTCG-Proposed,5,0.0662168704138175,0.9472404189385322,0.6894256265569412,50.0,0.0,0.8,0.2,0.0,0.0,0.0,0.0,1.0,1,,,,,,,shifted-rolling-calibration,5.0
AI4I,7,DTCG-Proposed,6,0.0662168704138175,0.9472404189385322,0.6894256265569412,50.0,1.0,0.92,0.08,0.0,0.0,1.0,1.0,1.0,1,,,,,,,shifted-rolling-calibration,5.0
AI4I,7,DTCG-Proposed,7,0.0662168704138175,0.9472404189385322,0.6894256265569412,50.0,2.0,0.82,0.18,0.0,0.0,2.0,1.0,1.0,1,,,,,,,shifted-rolling-calibration,5.0
AI4I,7,DTCG-Proposed,8,0.0662168704138175,0.9472404189385322,0.6894256265569412,50.0,1.0,0.88,0.12,0.0,0.0,1.0,1.0,1.0,1,,,,,,,shifted-rolling-calibration,5.0
AI4I,7,DTCG-Proposed,9,0.0662168704138175,0.9472404189385322,0.6894256265569412,50.0,0.0,0.94,0.06,0.0,0.0,0.0,0.0,1.0,1,,,,,,,shifted-rolling-calibration,5.0
AI4I,7,DTCG-Proposed,10,0.0662168704138175,0.9472404189385322,0.6894256265569412,50.0,1.0,0.94,0.06,1.0,1.0,0.0,0.0,1.0,1,,,,,,,shifted-rolling-calibration,5.0
AI4I,7,DTCG-Proposed,11,0.0662168704138175,0.9472404189385322,0.6894256265569412,50.0,1.0,0.94,0.06,0.0,0.0,1.0,1.0,1.0,1,,,,,,,shifted-rolling-calibration,5.0
AI4I,7,DTCG-Proposed,12,0.0662168704138175,0.9472404189385322,0.6894256265569412,50.0,2.0,0.9,0.1,0.5,1.0,1.0,0.5,1.0,1,,,,,,,shifted-rolling-calibration,5.0
AI4I,7,DTCG-Proposed,13,0.0662168704138175,0.9472404189385322,0.6894256265569412,50.0,1.0,0.98,0.02,0.0,0.0,1.0,1.0,1.0,1,,,,,,,shifted-rolling-calibration,5.0
AI4I,7,DTCG-Proposed,14,0.0662168704138175,0.9472404189385322,0.6894256265569412,50.0,0.0,1.0,0.0,0.0,0.0,0.0,0.0,1.0,1,,,,,,,shifted-rolling-calibration,5.0
AI4I,7,DTCG-Proposed,15,0.0662168704138175,0.9472404189385322,0.6894256265569412,50.0,0.0,0.96,0.04,0.0,0.0,0.0,0.0,1.0,1,,,,,,,shifted-rolling-calibration,5.0
AI4I,7,DTCG-Proposed,16,0.0662168704138175,0.9472404189385322,0.6894256265569412,50.0,1.0,0.92,0.08,0.0,0.0,1.0,1.0,1.0,1,,,,,,,shifted-rolling-calibration,5.0
AI4I,7,DTCG-Proposed,17,0.0662168704138175,0.9472404189385322,0.6894256265569412,50.0,0.0,0.98,0.02,0.0,0.0,0.0,0.0,1.0,1,,,,,,,shifted-rolling-calibration,5.0
AI4I,7,DTCG-Proposed,18,0.0662168704138175,0.9472404189385322,0.6894256265569412,50.0,1.0,0.96,0.04,0.0,0.0,1.0,1.0,1.0,1,,,,,,,shifted-rolling-calibration,5.0
AI4I,7,DTCG-Proposed,19,0.0662168704138175,0.9472404189385322,0.6894256265569412,50.0,0.0,0.98,0.02,0.0,0.0,0.0,0.0,1.0,1,,,,,,,shifted-rolling-calibration,5.0
AI4I,7,DTCG-Proposed,20,0.0662168704138175,0.9472404189385322,0.6894256265569412,50.0,4.0,0.86,0.14,0.25,1.0,3.0,0.75,1.0,1,,,,,,,shifted-rolling-calibration,5.0
AI4I,7,DTCG-Proposed,21,0.0662168704138175,0.9472404189385322,0.6894256265569412,50.0,1.0,0.96,0.04,0.0,0.0,1.0,1.0,1.0,1,,,,,,,shifted-rolling-calibration,5.0
AI4I,7,DTCG-Proposed,22,0.0662168704138175,0.9472404189385322,0.6894256265569412,50.0,0.0,1.0,0.0,0.0,0.0,0.0,0.0,1.0,1,,,,,,,shifted-rolling-calibration,5.0
AI4I,7,DTCG-Proposed,23,0.0662168704138175,0.9472404189385322,0.6894256265569412,50.0,2.0,0.94,0.06,0.5,1.0,1.0,0.5,1.0,1,,,,,,,shifted-rolling-calibration,5.0
AI4I,7,DTCG-Proposed,24,0.0662168704138175,0.9472404189385322,0.6894256265569412,50.0,0.0,0.96,0.04,0.0,0.0,0.0,0.0,1.0,1,,,,,,,shifted-rolling-calibration,5.0
AI4I,7,DTCG-Proposed,25,0.0662168704138175,0.9472404189385322,0.6894256265569412,50.0,0.0,0.96,0.04,0.0,0.0,0.0,0.0,1.0,1,,,,,,,shifted-rolling-calibration,5.0
AI4I,7,DTCG-Proposed,26,0.0662168704138175,0.9472404189385322,0.6894256265569412,50.0,0.0,0.94,0.06,0.0,0.0,0.0,0.0,1.0,1,,,,,,,shifted-rolling-calibration,5.0
AI4I,7,DTCG-Proposed,27,0.0662168704138175,0.9472404189385322,0.6894256265569412,50.0,0.0,1.0,0.0,0.0,0.0,0.0,0.0,1.0,1,,,,,,,shifted-rolling-calibration,5.0
AI4I,7,DTCG-Proposed,28,0.0662168704138175,0.9472404189385322,0.6894256265569412,50.0,1.0,0.96,0.04,0.0,0.0,1.0,1.0,1.0,1,,,,,,,shifted-rolling-calibration,5.0
AI4I,7,DTCG-Proposed,29,0.0662168704138175,0.9472404189385322,0.6894256265569412,50.0,1.0,0.86,0.14,0.0,0.0,1.0,1.0,0.9999116763822645,1,,,,,,,shifted-rolling-calibration,5.0
AI4I,7,DTCG-Proposed,30,0.0662168704138175,0.9472404189385322,0.6894256265569412,50.0,0.0,0.96,0.04,0.0,0.0,0.0,0.0,0.9970742415402438,1,,,,,,,shifted-rolling-calibration,5.0
AI4I,7,DTCG-Proposed,31,0.0662168704138175,0.9472404189385322,0.6894256265569412,50.0,1.0,0.88,0.12,1.0,1.0,0.0,0.0,0.9933228216751896,1,,,,,,,shifted-rolling-calibration,5.0
AI4I,7,DTCG-Proposed,32,0.0662168704138175,0.9472404189385322,0.6894256265569412,50.0,1.0,0.94,0.06,0.0,0.0,1.0,1.0,1.0,1,,,,,,,shifted-rolling-calibration,5.0
AI4I,7,DTCG-Proposed,33,0.0662168704138175,0.9472404189385322,0.6894256265569412,50.0,6.0,0.62,0.38,0.0,0.0,6.0,1.0,1.0,1,,,,,,,shifted-rolling-calibration,5.0
AI4I,7,DTCG-Proposed,34,0.0662168704138175,0.9472404189385322,0.6894256265569412,50.0,0.0,0.92,0.08,0.0,0.0,0.0,0.0,1.0,1,,,,,,,shifted-rolling-calibration,5.0
AI4I,7,DTCG-Proposed,35,0.0662168704138175,0.9472404189385322,0.6894256265569412,50.0,2.0,0.92,0.08,0.0,0.0,2.0,1.0,1.0,1,,,,,,,shifted-rolling-calibration,5.0
AI4I,7,DTCG-Proposed,36,0.0662168704138175,0.9472404189385322,0.6894256265569412,50.0,2.0,0.8,0.2,0.0,0.0,2.0,1.0,1.0,1,,,,,,,shifted-rolling-calibration,5.0
AI4I,7,DTCG-Proposed,37,0.0662168704138175,0.9472404189385322,0.6894256265569412,50.0,0.0,0.98,0.02,0.0,0.0,0.0,0.0,1.0,1,,,,,,,shifted-rolling-calibration,5.0
AI4I,7,DTCG-Proposed,38,0.0662168704138175,0.9472404189385322,0.6894256265569412,50.0,0.0,0.96,0.04,0.0,0.0,0.0,0.0,1.0,1,,,,,,,shifted-rolling-calibration,5.0
AI4I,7,DTCG-Proposed,39,0.0662168704138175,0.9472404189385322,0.6894256265569412,50.0,1.0,0.98,0.02,0.0,0.0,1.0,1.0,1.0,1,,,,,,,shifted-rolling-calibration,5.0
AI4I,17,Probability-0.5,0,0.5,0.9587403077969117,0.6847878696162173,50.0,1.0,0.98,0.02,1.0,1.0,0.0,0.0,0.9352701817700936,1,,,,,,,,
AI4I,17,Probability-0.5,1,0.5,0.9587403077969117,0.6847878696162173,50.0,0.0,1.0,0.0,0.0,0.0,0.0,0.0,0.9010387272359228,1,,,,,,,,
AI4I,17,Probability-0.5,2,0.5,0.9587403077969117,0.6847878696162173,50.0,1.0,1.0,0.0,1.0,1.0,0.0,0.0,0.9276239816851864,1,,,,,,,,
AI4I,17,Probability-0.5,3,0.5,0.9587403077969117,0.6847878696162173,50.0,3.0,0.96,0.04,0.3333333333333333,1.0,2.0,0.6666666666666666,0.9949746134705126,1,,,,,,,,
AI4I,17,Probability-0.5,4,0.5,0.9587403077969117,0.6847878696162173,50.0,1.0,0.98,0.02,0.0,0.0,1.0,1.0,1.0,1,,,,,,,,
AI4I,17,Probability-0.5,5,0.5,0.9587403077969117,0.6847878696162173,50.0,0.0,1.0,0.0,0.0,0.0,0.0,0.0,1.0,1,,,,,,,,
AI4I,17,Probability-0.5,6,0.5,0.9587403077969117,0.6847878696162173,50.0,1.0,1.0,0.0,1.0,1.0,0.0,0.0,1.0,1,,,,,,,,
AI4I,17,Probability-0.5,7,0.5,0.9587403077969117,0.6847878696162173,50.0,2.0,0.98,0.02,0.5,1.0,1.0,0.5,1.0,1,,,,,,,,
AI4I,17,Probability-0.5,8,0.5,0.9587403077969117,0.6847878696162173,50.0,1.0,0.98,0.02,0.0,0.0,1.0,1.0,1.0,1,,,,,,,,
AI4I,17,Probability-0.5,9,0.5,0.9587403077969117,0.6847878696162173,50.0,0.0,1.0,0.0,0.0,0.0,0.0,0.0,1.0,1,,,,,,,,
AI4I,17,Probability-0.5,10,0.5,0.9587403077969117,0.6847878696162173,50.0,1.0,1.0,0.0,1.0,1.0,0.0,0.0,1.0,1,,,,,,,,
AI4I,17,Probability-0.5,11,0.5,0.9587403077969117,0.6847878696162173,50.0,1.0,0.98,0.02,0.0,0.0,1.0,1.0,1.0,1,,,,,,,,
AI4I,17,Probability-0.5,12,0.5,0.9587403077969117,0.6847878696162173,50.0,2.0,0.98,0.02,0.5,1.0,1.0,0.5,1.0,1,,,,,,,,
AI4I,17,Probability-0.5,13,0.5,0.9587403077969117,0.6847878696162173,50.0,1.0,1.0,0.0,1.0,1.0,0.0,0.0,1.0,1,,,,,,,,
AI4I,17,Probability-0.5,14,0.5,0.9587403077969117,0.6847878696162173,50.0,0.0,1.0,0.0,0.0,0.0,0.0,0.0,1.0,1,,,,,,,,
AI4I,17,Probability-0.5,15,0.5,0.9587403077969117,0.6847878696162173,50.0,0.0,1.0,0.0,0.0,0.0,0.0,0.0,1.0,1,,,,,,,,
AI4I,17,Probability-0.5,16,0.5,0.9587403077969117,0.6847878696162173,50.0,1.0,1.0,0.0,1.0,1.0,0.0,0.0,1.0,1,,,,,,,,
AI4I,17,Probability-0.5,17,0.5,0.9587403077969117,0.6847878696162173,50.0,0.0,0.98,0.02,0.0,0.0,0.0,0.0,1.0,1,,,,,,,,
AI4I,17,Probability-0.5,18,0.5,0.9587403077969117,0.6847878696162173,50.0,1.0,1.0,0.0,1.0,1.0,0.0,0.0,1.0,1,,,,,,,,
AI4I,17,Probability-0.5,19,0.5,0.9587403077969117,0.6847878696162173,50.0,0.0,1.0,0.0,0.0,0.0,0.0,0.0,1.0,1,,,,,,,,
AI4I,17,Probability-0.5,20,0.5,0.9587403077969117,0.6847878696162173,50.0,4.0,0.98,0.02,0.75,3.0,1.0,0.25,1.0,1,,,,,,,,
AI4I,17,Probability-0.5,21,0.5,0.9587403077969117,0.6847878696162173,50.0,1.0,0.98,0.02,0.0,0.0,1.0,1.0,1.0,1,,,,,,,,
AI4I,17,Probability-0.5,22,0.5,0.9587403077969117,0.6847878696162173,50.0,0.0,1.0,0.0,0.0,0.0,0.0,0.0,1.0,1,,,,,,,,
AI4I,17,Probability-0.5,23,0.5,0.9587403077969117,0.6847878696162173,50.0,2.0,0.98,0.02,0.5,1.0,1.0,0.5,1.0,1,,,,,,,,
AI4I,17,Probability-0.5,24,0.5,0.9587403077969117,0.6847878696162173,50.0,0.0,1.0,0.0,0.0,0.0,0.0,0.0,1.0,1,,,,,,,,
AI4I,17,Probability-0.5,25,0.5,0.9587403077969117,0.6847878696162173,50.0,0.0,1.0,0.0,0.0,0.0,0.0,0.0,1.0,1,,,,,,,,
AI4I,17,Probability-0.5,26,0.5,0.9587403077969117,0.6847878696162173,50.0,0.0,1.0,0.0,0.0,0.0,0.0,0.0,1.0,1,,,,,,,,
AI4I,17,Probability-0.5,27,0.5,0.9587403077969117,0.6847878696162173,50.0,0.0,1.0,0.0,0.0,0.0,0.0,0.0,1.0,1,,,,,,,,
AI4I,17,Probability-0.5,28,0.5,0.9587403077969117,0.6847878696162173,50.0,1.0,0.98,0.02,0.0,0.0,1.0,1.0,1.0,1,,,,,,,,
AI4I,17,Probability-0.5,29,0.5,0.9587403077969117,0.6847878696162173,50.0,1.0,0.98,0.02,0.0,0.0,1.0,1.0,0.9999687656171914,1,,,,,,,,
AI4I,17,Probability-0.5,30,0.5,0.9587403077969117,0.6847878696162173,50.0,0.0,1.0,0.0,0.0,0.0,0.0,0.0,0.996723297510404,1,,,,,,,,
AI4I,17,Probability-0.5,31,0.5,0.9587403077969117,0.6847878696162173,50.0,1.0,1.0,0.0,1.0,1.0,0.0,0.0,0.9929268109718326,1,,,,,,,,
AI4I,17,Probability-0.5,32,0.5,0.9587403077969117,0.6847878696162173,50.0,1.0,1.0,0.0,1.0,1.0,0.0,0.0,1.0,1,,,,,,,,
AI4I,17,Probability-0.5,33,0.5,0.9587403077969117,0.6847878696162173,50.0,6.0,0.9,0.1,0.16666666666666666,1.0,5.0,0.8333333333333334,1.0,1,,,,,,,,
AI4I,17,Probability-0.5,34,0.5,0.9587403077969117,0.6847878696162173,50.0,0.0,1.0,0.0,0.0,0.0,0.0,0.0,1.0,1,,,,,,,,
AI4I,17,Probability-0.5,35,0.5,0.9587403077969117,0.6847878696162173,50.0,2.0,0.98,0.02,0.5,1.0,1.0,0.5,1.0,1,,,,,,,,
AI4I,17,Probability-0.5,36,0.5,0.9587403077969117,0.6847878696162173,50.0,2.0,0.98,0.02,0.5,1.0,1.0,0.5,1.0,1,,,,,,,,
AI4I,17,Probability-0.5,37,0.5,0.9587403077969117,0.6847878696162173,50.0,0.0,1.0,0.0,0.0,0.0,0.0,0.0,1.0,1,,,,,,,,
AI4I,17,Probability-0.5,38,0.5,0.9587403077969117,0.6847878696162173,50.0,0.0,0.98,0.02,0.0,0.0,0.0,0.0,1.0,1,,,,,,,,
AI4I,17,Probability-0.5,39,0.5,0.9587403077969117,0.6847878696162173,50.0,1.0,0.98,0.02,0.0,0.0,1.0,1.0,1.0,1,,,,,,,,
AI4I,17,Global-CP,0,0.07987976751242819,0.9587403077969117,0.6847878696162173,50.0,1.0,0.84,0.16,0.0,0.0,1.0,1.0,0.9352701817700936,1,,,,,,,,
AI4I,17,Global-CP,1,0.07987976751242819,0.9587403077969117,0.6847878696162173,50.0,0.0,0.98,0.02,0.0,0.0,0.0,0.0,0.9010387272359228,1,,,,,,,,
AI4I,17,Global-CP,2,0.07987976751242819,0.9587403077969117,0.6847878696162173,50.0,1.0,0.9,0.1,1.0,1.0,0.0,0.0,0.9276239816851864,1,,,,,,,,
AI4I,17,Global-CP,3,0.07987976751242819,0.9587403077969117,0.6847878696162173,50.0,3.0,0.82,0.18,0.0,0.0,3.0,1.0,0.9949746134705126,1,,,,,,,,
AI4I,17,Global-CP,4,0.07987976751242819,0.9587403077969117,0.6847878696162173,50.0,1.0,0.88,0.12,0.0,0.0,1.0,1.0,1.0,1,,,,,,,,
AI4I,17,Global-CP,5,0.07987976751242819,0.9587403077969117,0.6847878696162173,50.0,0.0,0.84,0.16,0.0,0.0,0.0,0.0,1.0,1,,,,,,,,
AI4I,17,Global-CP,6,0.07987976751242819,0.9587403077969117,0.6847878696162173,50.0,1.0,0.98,0.02,0.0,0.0,1.0,1.0,1.0,1,,,,,,,,
AI4I,17,Global-CP,7,0.07987976751242819,0.9587403077969117,0.6847878696162173,50.0,2.0,0.84,0.16,0.0,0.0,2.0,1.0,1.0,1,,,,,,,,
AI4I,17,Global-CP,8,0.07987976751242819,0.9587403077969117,0.6847878696162173,50.0,1.0,0.88,0.12,0.0,0.0,1.0,1.0,1.0,1,,,,,,,,
AI4I,17,Global-CP,9,0.07987976751242819,0.9587403077969117,0.6847878696162173,50.0,0.0,0.94,0.06,0.0,0.0,0.0,0.0,1.0,1,,,,,,,,
AI4I,17,Global-CP,10,0.07987976751242819,0.9587403077969117,0.6847878696162173,50.0,1.0,0.94,0.06,1.0,1.0,0.0,0.0,1.0,1,,,,,,,,
AI4I,17,Global-CP,11,0.07987976751242819,0.9587403077969117,0.6847878696162173,50.0,1.0,0.94,0.06,0.0,0.0,1.0,1.0,1.0,1,,,,,,,,
AI4I,17,Global-CP,12,0.07987976751242819,0.9587403077969117,0.6847878696162173,50.0,2.0,0.9,0.1,0.5,1.0,1.0,0.5,1.0,1,,,,,,,,
AI4I,17,Global-CP,13,0.07987976751242819,0.9587403077969117,0.6847878696162173,50.0,1.0,0.98,0.02,0.0,0.0,1.0,1.0,1.0,1,,,,,,,,
AI4I,17,Global-CP,14,0.07987976751242819,0.9587403077969117,0.6847878696162173,50.0,0.0,1.0,0.0,0.0,0.0,0.0,0.0,1.0,1,,,,,,,,
AI4I,17,Global-CP,15,0.07987976751242819,0.9587403077969117,0.6847878696162173,50.0,0.0,0.96,0.04,0.0,0.0,0.0,0.0,1.0,1,,,,,,,,
AI4I,17,Global-CP,16,0.07987976751242819,0.9587403077969117,0.6847878696162173,50.0,1.0,0.92,0.08,0.0,0.0,1.0,1.0,1.0,1,,,,,,,,
AI4I,17,Global-CP,17,0.07987976751242819,0.9587403077969117,0.6847878696162173,50.0,0.0,0.98,0.02,0.0,0.0,0.0,0.0,1.0,1,,,,,,,,
AI4I,17,Global-CP,18,0.07987976751242819,0.9587403077969117,0.6847878696162173,50.0,1.0,0.96,0.04,0.0,0.0,1.0,1.0,1.0,1,,,,,,,,
AI4I,17,Global-CP,19,0.07987976751242819,0.9587403077969117,0.6847878696162173,50.0,0.0,0.98,0.02,0.0,0.0,0.0,0.0,1.0,1,,,,,,,,
AI4I,17,Global-CP,20,0.07987976751242819,0.9587403077969117,0.6847878696162173,50.0,4.0,0.86,0.14,0.25,1.0,3.0,0.75,1.0,1,,,,,,,,
AI4I,17,Global-CP,21,0.07987976751242819,0.9587403077969117,0.6847878696162173,50.0,1.0,0.96,0.04,0.0,0.0,1.0,1.0,1.0,1,,,,,,,,
AI4I,17,Global-CP,22,0.07987976751242819,0.9587403077969117,0.6847878696162173,50.0,0.0,1.0,0.0,0.0,0.0,0.0,0.0,1.0,1,,,,,,,,
AI4I,17,Global-CP,23,0.07987976751242819,0.9587403077969117,0.6847878696162173,50.0,2.0,0.94,0.06,0.5,1.0,1.0,0.5,1.0,1,,,,,,,,
AI4I,17,Global-CP,24,0.07987976751242819,0.9587403077969117,0.6847878696162173,50.0,0.0,0.96,0.04,0.0,0.0,0.0,0.0,1.0,1,,,,,,,,
AI4I,17,Global-CP,25,0.07987976751242819,0.9587403077969117,0.6847878696162173,50.0,0.0,0.96,0.04,0.0,0.0,0.0,0.0,1.0,1,,,,,,,,
AI4I,17,Global-CP,26,0.07987976751242819,0.9587403077969117,0.6847878696162173,50.0,0.0,0.96,0.04,0.0,0.0,0.0,0.0,1.0,1,,,,,,,,
AI4I,17,Global-CP,27,0.07987976751242819,0.9587403077969117,0.6847878696162173,50.0,0.0,1.0,0.0,0.0,0.0,0.0,0.0,1.0,1,,,,,,,,
AI4I,17,Global-CP,28,0.07987976751242819,0.9587403077969117,0.6847878696162173,50.0,1.0,0.98,0.02,0.0,0.0,1.0,1.0,1.0,1,,,,,,,,
AI4I,17,Global-CP,29,0.07987976751242819,0.9587403077969117,0.6847878696162173,50.0,1.0,0.92,0.08,0.0,0.0,1.0,1.0,0.9999687656171914,1,,,,,,,,
AI4I,17,Global-CP,30,0.07987976751242819,0.9587403077969117,0.6847878696162173,50.0,0.0,0.96,0.04,0.0,0.0,0.0,0.0,0.996723297510404,1,,,,,,,,
AI4I,17,Global-CP,31,0.07987976751242819,0.9587403077969117,0.6847878696162173,50.0,1.0,0.96,0.04,1.0,1.0,0.0,0.0,0.9929268109718326,1,,,,,,,,
AI4I,17,Global-CP,32,0.07987976751242819,0.9587403077969117,0.6847878696162173,50.0,1.0,0.98,0.02,0.0,0.0,1.0,1.0,1.0,1,,,,,,,,
AI4I,17,Global-CP,33,0.07987976751242819,0.9587403077969117,0.6847878696162173,50.0,6.0,0.66,0.34,0.0,0.0,6.0,1.0,1.0,1,,,,,,,,
AI4I,17,Global-CP,34,0.07987976751242819,0.9587403077969117,0.6847878696162173,50.0,0.0,0.96,0.04,0.0,0.0,0.0,0.0,1.0,1,,,,,,,,
AI4I,17,Global-CP,35,0.07987976751242819,0.9587403077969117,0.6847878696162173,50.0,2.0,0.96,0.04,0.0,0.0,2.0,1.0,1.0,1,,,,,,,,
AI4I,17,Global-CP,36,0.07987976751242819,0.9587403077969117,0.6847878696162173,50.0,2.0,0.78,0.22,0.0,0.0,2.0,1.0,1.0,1,,,,,,,,
AI4I,17,Global-CP,37,0.07987976751242819,0.9587403077969117,0.6847878696162173,50.0,0.0,0.98,0.02,0.0,0.0,0.0,0.0,1.0,1,,,,,,,,
AI4I,17,Global-CP,38,0.07987976751242819,0.9587403077969117,0.6847878696162173,50.0,0.0,0.96,0.04,0.0,0.0,0.0,0.0,1.0,1,,,,,,,,
AI4I,17,Global-CP,39,0.07987976751242819,0.9587403077969117,0.6847878696162173,50.0,1.0,0.98,0.02,0.0,0.0,1.0,1.0,1.0,1,,,,,,,,
AI4I,17,Mondrian-CP,0,0.05408218736233905,0.9587403077969117,0.6847878696162173,50.0,1.0,0.78,0.22,0.0,0.0,1.0,1.0,0.9352701817700936,1,,,,,,,,
AI4I,17,Mondrian-CP,1,0.05408218736233905,0.9587403077969117,0.6847878696162173,50.0,0.0,0.92,0.08,0.0,0.0,0.0,0.0,0.9010387272359228,1,,,,,,,,
AI4I,17,Mondrian-CP,2,0.05408218736233905,0.9587403077969117,0.6847878696162173,50.0,1.0,0.86,0.14,1.0,1.0,0.0,0.0,0.9276239816851864,1,,,,,,,,
AI4I,17,Mondrian-CP,3,0.05408218736233905,0.9587403077969117,0.6847878696162173,50.0,3.0,0.78,0.22,0.0,0.0,3.0,1.0,0.9949746134705126,1,,,,,,,,
AI4I,17,Mondrian-CP,4,0.05408218736233905,0.9587403077969117,0.6847878696162173,50.0,1.0,0.84,0.16,0.0,0.0,1.0,1.0,1.0,1,,,,,,,,
AI4I,17,Mondrian-CP,5,0.05408218736233905,0.9587403077969117,0.6847878696162173,50.0,0.0,0.78,0.22,0.0,0.0,0.0,0.0,1.0,1,,,,,,,,
AI4I,17,Mondrian-CP,6,0.05408218736233905,0.9587403077969117,0.6847878696162173,50.0,1.0,0.92,0.08,0.0,0.0,1.0,1.0,1.0,1,,,,,,,,
AI4I,17,Mondrian-CP,7,0.05408218736233905,0.9587403077969117,0.6847878696162173,50.0,2.0,0.8,0.2,0.0,0.0,2.0,1.0,1.0,1,,,,,,,,
AI4I,17,Mondrian-CP,8,0.05408218736233905,0.9587403077969117,0.6847878696162173,50.0,1.0,0.86,0.14,0.0,0.0,1.0,1.0,1.0,1,,,,,,,,
AI4I,17,Mondrian-CP,9,0.05408218736233905,0.9587403077969117,0.6847878696162173,50.0,0.0,0.92,0.08,0.0,0.0,0.0,0.0,1.0,1,,,,,,,,
AI4I,17,Mondrian-CP,10,0.05408218736233905,0.9587403077969117,0.6847878696162173,50.0,1.0,0.94,0.06,1.0,1.0,0.0,0.0,1.0,1,,,,,,,,
AI4I,17,Mondrian-CP,11,0.05408218736233905,0.9587403077969117,0.6847878696162173,50.0,1.0,0.94,0.06,0.0,0.0,1.0,1.0,1.0,1,,,,,,,,
AI4I,17,Mondrian-CP,12,0.05408218736233905,0.9587403077969117,0.6847878696162173,50.0,2.0,0.88,0.12,0.0,0.0,2.0,1.0,1.0,1,,,,,,,,
AI4I,17,Mondrian-CP,13,0.05408218736233905,0.9587403077969117,0.6847878696162173,50.0,1.0,0.94,0.06,0.0,0.0,1.0,1.0,1.0,1,,,,,,,,
AI4I,17,Mondrian-CP,14,0.05408218736233905,0.9587403077969117,0.6847878696162173,50.0,0.0,0.98,0.02,0.0,0.0,0.0,0.0,1.0,1,,,,,,,,
AI4I,17,Mondrian-CP,15,0.05408218736233905,0.9587403077969117,0.6847878696162173,50.0,0.0,0.94,0.06,0.0,0.0,0.0,0.0,1.0,1,,,,,,,,
AI4I,17,Mondrian-CP,16,0.05408218736233905,0.9587403077969117,0.6847878696162173,50.0,1.0,0.92,0.08,0.0,0.0,1.0,1.0,1.0,1,,,,,,,,
AI4I,17,Mondrian-CP,17,0.05408218736233905,0.9587403077969117,0.6847878696162173,50.0,0.0,0.98,0.02,0.0,0.0,0.0,0.0,1.0,1,,,,,,,,
AI4I,17,Mondrian-CP,18,0.05408218736233905,0.9587403077969117,0.6847878696162173,50.0,1.0,0.92,0.08,0.0,0.0,1.0,1.0,1.0,1,,,,,,,,
AI4I,17,Mondrian-CP,19,0.05408218736233905,0.9587403077969117,0.6847878696162173,50.0,0.0,0.96,0.04,0.0,0.0,0.0,0.0,1.0,1,,,,,,,,
AI4I,17,Mondrian-CP,20,0.05408218736233905,0.9587403077969117,0.6847878696162173,50.0,4.0,0.86,0.14,0.25,1.0,3.0,0.75,1.0,1,,,,,,,,
AI4I,17,Mondrian-CP,21,0.05408218736233905,0.9587403077969117,0.6847878696162173,50.0,1.0,0.96,0.04,0.0,0.0,1.0,1.0,1.0,1,,,,,,,,
AI4I,17,Mondrian-CP,22,0.05408218736233905,0.9587403077969117,0.6847878696162173,50.0,0.0,1.0,0.0,0.0,0.0,0.0,0.0,1.0,1,,,,,,,,
AI4I,17,Mondrian-CP,23,0.05408218736233905,0.9587403077969117,0.6847878696162173,50.0,2.0,0.94,0.06,0.5,1.0,1.0,0.5,1.0,1,,,,,,,,
AI4I,17,Mondrian-CP,24,0.05408218736233905,0.9587403077969117,0.6847878696162173,50.0,0.0,0.96,0.04,0.0,0.0,0.0,0.0,1.0,1,,,,,,,,
AI4I,17,Mondrian-CP,25,0.05408218736233905,0.9587403077969117,0.6847878696162173,50.0,0.0,0.96,0.04,0.0,0.0,0.0,0.0,1.0,1,,,,,,,,
AI4I,17,Mondrian-CP,26,0.05408218736233905,0.9587403077969117,0.6847878696162173,50.0,0.0,0.92,0.08,0.0,0.0,0.0,0.0,1.0,1,,,,,,,,
AI4I,17,Mondrian-CP,27,0.05408218736233905,0.9587403077969117,0.6847878696162173,50.0,0.0,1.0,0.0,0.0,0.0,0.0,0.0,1.0,1,,,,,,,,
AI4I,17,Mondrian-CP,28,0.05408218736233905,0.9587403077969117,0.6847878696162173,50.0,1.0,0.94,0.06,0.0,0.0,1.0,1.0,1.0,1,,,,,,,,
AI4I,17,Mondrian-CP,29,0.05408218736233905,0.9587403077969117,0.6847878696162173,50.0,1.0,0.84,0.16,0.0,0.0,1.0,1.0,0.9999687656171914,1,,,,,,,,
AI4I,17,Mondrian-CP,30,0.05408218736233905,0.9587403077969117,0.6847878696162173,50.0,0.0,0.92,0.08,0.0,0.0,0.0,0.0,0.996723297510404,1,,,,,,,,
AI4I,17,Mondrian-CP,31,0.05408218736233905,0.9587403077969117,0.6847878696162173,50.0,1.0,0.8,0.2,1.0,1.0,0.0,0.0,0.9929268109718326,1,,,,,,,,
AI4I,17,Mondrian-CP,32,0.05408218736233905,0.9587403077969117,0.6847878696162173,50.0,1.0,0.94,0.06,0.0,0.0,1.0,1.0,1.0,1,,,,,,,,
AI4I,17,Mondrian-CP,33,0.05408218736233905,0.9587403077969117,0.6847878696162173,50.0,6.0,0.58,0.42,0.0,0.0,6.0,1.0,1.0,1,,,,,,,,
AI4I,17,Mondrian-CP,34,0.05408218736233905,0.9587403077969117,0.6847878696162173,50.0,0.0,0.92,0.08,0.0,0.0,0.0,0.0,1.0,1,,,,,,,,
AI4I,17,Mondrian-CP,35,0.05408218736233905,0.9587403077969117,0.6847878696162173,50.0,2.0,0.94,0.06,0.0,0.0,2.0,1.0,1.0,1,,,,,,,,
AI4I,17,Mondrian-CP,36,0.05408218736233905,0.9587403077969117,0.6847878696162173,50.0,2.0,0.76,0.24,0.0,0.0,2.0,1.0,1.0,1,,,,,,,,
AI4I,17,Mondrian-CP,37,0.05408218736233905,0.9587403077969117,0.6847878696162173,50.0,0.0,0.98,0.02,0.0,0.0,0.0,0.0,1.0,1,,,,,,,,
AI4I,17,Mondrian-CP,38,0.05408218736233905,0.9587403077969117,0.6847878696162173,50.0,0.0,0.96,0.04,0.0,0.0,0.0,0.0,1.0,1,,,,,,,,
AI4I,17,Mondrian-CP,39,0.05408218736233905,0.9587403077969117,0.6847878696162173,50.0,1.0,0.92,0.08,0.0,0.0,1.0,1.0,1.0,1,,,,,,,,
AI4I,17,Weighted-Mondrian,0,0.06923068705632172,0.9587403077969117,0.6847878696162173,50.0,1.0,0.82,0.18,0.0,0.0,1.0,1.0,0.9352701817700936,1,1.719762153768088,0.12386242148299963,1.197000101877424,13.718421826559688,0.0,0.0,,
AI4I,17,Weighted-Mondrian,1,0.06751556923296863,0.9587403077969117,0.6847878696162173,50.0,0.0,0.96,0.04,0.0,0.0,0.0,0.0,0.9010387272359228,1,1.7070827326526812,0.20030754915041235,1.0465270072092405,6.9190358521563,0.0,0.0,,
AI4I,17,Weighted-Mondrian,2,0.06718493359409769,0.9587403077969117,0.6847878696162173,50.0,1.0,0.9,0.1,1.0,1.0,0.0,0.0,0.9276239816851864,1,1.70282954233161,0.12606505708025995,1.1186730890710193,9.299538358260254,0.0,0.0,,
AI4I,17,Weighted-Mondrian,3,0.06718493359409769,0.9587403077969117,0.6847878696162173,50.0,3.0,0.8,0.2,0.0,0.0,3.0,1.0,0.9949746134705126,1,1.6407898808981027,0.05,0.8470824269236734,12.51461990362208,0.0065,0.0,,
AI4I,17,Weighted-Mondrian,4,0.06488768052037404,0.9587403077969117,0.6847878696162173,50.0,1.0,0.86,0.14,0.0,0.0,1.0,1.0,1.0,1,1.4430464812930242,0.05,0.6721324022506128,17.274985235663934,0.02,0.0,,
AI4I,17,Weighted-Mondrian,5,0.060232370865312065,0.9587403077969117,0.6847878696162173,50.0,0.0,0.78,0.22,0.0,0.0,0.0,0.0,1.0,1,1.3577439811813528,0.05,0.6518105116710043,12.77567416740684,0.0185,0.0,,
AI4I,17,Weighted-Mondrian,6,0.06196033841631366,0.9587403077969117,0.6847878696162173,50.0,1.0,0.96,0.04,0.0,0.0,1.0,1.0,1.0,1,1.283392208022762,0.05,0.6231610258654278,15.65694386031808,0.003,0.0,,
AI4I,17,Weighted-Mondrian,7,0.06071848714869454,0.9587403077969117,0.6847878696162173,50.0,2.0,0.84,0.16,0.0,0.0,2.0,1.0,1.0,1,1.2723888453567354,0.05,0.6054757540678113,15.519379739811983,0.0055,0.0,,
AI4I,17,Weighted-Mondrian,8,0.06308047543787483,0.9587403077969117,0.6847878696162173,50.0,1.0,0.88,0.12,0.0,0.0,1.0,1.0,1.0,1,1.2677481825227925,0.05,0.6319279521175405,12.041923882744088,0.004,0.0,,
AI4I,17,Weighted-Mondrian,9,0.06018212866793142,0.9587403077969117,0.6847878696162173,50.0,0.0,0.92,0.08,0.0,0.0,0.0,0.0,1.0,1,1.1997725237562322,0.05,0.608687193929747,12.97905157767975,0.004,0.0,,
AI4I,17,Weighted-Mondrian,10,0.05408218736233905,0.9587403077969117,0.6847878696162173,50.0,1.0,0.94,0.06,1.0,1.0,0.0,0.0,1.0,1,1.1653533418216544,0.05139556896300336,0.5949224275439071,11.340500206732148,0.0,0.0,,
AI4I,17,Weighted-Mondrian,11,0.03333234125531448,0.9587403077969117,0.6847878696162173,50.0,1.0,0.94,0.06,0.0,0.0,1.0,1.0,1.0,1,1.022184782175904,0.08842048380083084,0.60151032225147,7.427731389737123,0.0,0.0,,
AI4I,17,Weighted-Mondrian,12,0.05408218736233905,0.9587403077969117,0.6847878696162173,50.0,2.0,0.88,0.12,0.0,0.0,2.0,1.0,1.0,1,0.9777258239459938,0.09636625145673633,0.6066212281741092,6.4271334410384835,0.0,0.0,,
AI4I,17,Weighted-Mondrian,13,0.05408218736233905,0.9587403077969117,0.6847878696162173,50.0,1.0,0.94,0.06,0.0,0.0,1.0,1.0,1.0,1,0.9670204313288691,0.1051704982394694,0.615495862831263,6.30597254429895,0.0,0.0,,
AI4I,17,Weighted-Mondrian,14,0.05408218736233905,0.9587403077969117,0.6847878696162173,50.0,0.0,0.98,0.02,0.0,0.0,0.0,0.0,1.0,1,0.9609477450340821,0.10042656573628642,0.6185124998486298,6.1512665920949665,0.0,0.0,,
AI4I,17,Weighted-Mondrian,15,0.05408218736233905,0.9587403077969117,0.6847878696162173,50.0,0.0,0.94,0.06,0.0,0.0,0.0,0.0,1.0,1,0.9796389355552118,0.09954957088661015,0.6073827691361255,6.888280266022044,0.0,0.0,,
AI4I,17,Weighted-Mondrian,16,0.05408218736233905,0.9587403077969117,0.6847878696162173,50.0,1.0,0.92,0.08,0.0,0.0,1.0,1.0,1.0,1,0.971971671267521,0.10321549834187665,0.6157721426365083,6.696440433604885,0.0,0.0,,
AI4I,17,Weighted-Mondrian,17,0.05408218736233905,0.9587403077969117,0.6847878696162173,50.0,0.0,0.98,0.02,0.0,0.0,0.0,0.0,1.0,1,1.0343381137574275,0.06886229963621424,0.6033024874183259,8.721346585758926,0.0,0.0,,
AI4I,17,Weighted-Mondrian,18,0.05408218736233905,0.9587403077969117,0.6847878696162173,50.0,1.0,0.92,0.08,0.0,0.0,1.0,1.0,1.0,1,0.9591367180488283,0.110793917891079,0.613933901574233,6.564197283176789,0.0,0.0,,
AI4I,17,Weighted-Mondrian,19,0.05408218736233905,0.9587403077969117,0.6847878696162173,50.0,0.0,0.96,0.04,0.0,0.0,0.0,0.0,1.0,1,0.9377053612906942,0.12493026419826234,0.6062541466019169,5.627358676231582,0.0,0.0,,
AI4I,17,Weighted-Mondrian,20,0.03333234125531448,0.9587403077969117,0.6847878696162173,50.0,4.0,0.84,0.16,0.25,1.0,3.0,0.75,1.0,1,0.9579415886017836,0.1096276023498912,0.6082296141951005,6.121292225339272,0.0,0.0,,
AI4I,17,Weighted-Mondrian,21,0.05408218736233905,0.9587403077969117,0.6847878696162173,50.0,1.0,0.96,0.04,0.0,0.0,1.0,1.0,1.0,1,0.9490039255607614,0.11695844112233492,0.6072560041170504,5.938428979886616,0.0,0.0,,
AI4I,17,Weighted-Mondrian,22,0.05408218736233905,0.9587403077969117,0.6847878696162173,50.0,0.0,1.0,0.0,0.0,0.0,0.0,0.0,1.0,1,0.9848946991671849,0.09257442181522307,0.604213688617439,6.857131017176994,0.0,0.0,,
AI4I,17,Weighted-Mondrian,23,0.05408218736233905,0.9587403077969117,0.6847878696162173,50.0,2.0,0.94,0.06,0.5,1.0,1.0,0.5,1.0,1,1.0205492035601416,0.08296341510253603,0.6001152198280748,7.836269649558776,0.0,0.0,,
AI4I,17,Weighted-Mondrian,24,0.03333234125531448,0.9587403077969117,0.6847878696162173,50.0,0.0,0.96,0.04,0.0,0.0,0.0,0.0,1.0,1,1.0617697687708878,0.07278341123713204,0.5915079349053005,8.828105982609992,0.0,0.0,,
AI4I,17,Weighted-Mondrian,25,0.05408218736233905,0.9587403077969117,0.6847878696162173,50.0,0.0,0.96,0.04,0.0,0.0,0.0,0.0,1.0,1,1.0928319113616525,0.06562069876548902,0.5824502293211931,9.898703238401295,0.0,0.0,,
AI4I,17,Weighted-Mondrian,26,0.03333234125531448,0.9587403077969117,0.6847878696162173,50.0,0.0,0.88,0.12,0.0,0.0,0.0,0.0,1.0,1,1.1349017986264494,0.06214526739761052,0.572523191895507,9.674749543732268,0.0,0.0,,
AI4I,17,Weighted-Mondrian,27,0.03333234125531448,0.9587403077969117,0.6847878696162173,50.0,0.0,0.94,0.06,0.0,0.0,0.0,0.0,1.0,1,1.0180111452525773,0.08955764806522241,0.5939911319924059,7.6020849644524935,0.0,0.0,,
AI4I,17,Weighted-Mondrian,28,0.05408218736233905,0.9587403077969117,0.6847878696162173,50.0,1.0,0.94,0.06,0.0,0.0,1.0,1.0,1.0,1,1.0484735381096983,0.08130567664960288,0.5882208812682426,8.987547277543285,0.0,0.0,,
AI4I,17,Weighted-Mondrian,29,0.05408218736233905,0.9587403077969117,0.6847878696162173,50.0,1.0,0.84,0.16,0.0,0.0,1.0,1.0,0.9999687656171914,1,1.2553840436327433,0.05,0.60258368392265,11.809978432134224,0.001,0.0,,
AI4I,17,Weighted-Mondrian,30,0.06308047543787483,0.9587403077969117,0.6847878696162173,50.0,0.0,0.94,0.06,0.0,0.0,0.0,0.0,0.996723297510404,1,1.5069550221078654,0.05,0.7202671718165673,17.99178677099271,0.01,0.0,,
AI4I,17,Weighted-Mondrian,31,0.06718493359409769,0.9587403077969117,0.6847878696162173,50.0,1.0,0.9,0.1,1.0,1.0,0.0,0.0,0.9929268109718326,1,1.606473355650738,0.05,0.8018887593201989,14.916398226111362,0.0015,0.0,,
AI4I,17,Weighted-Mondrian,32,0.060602186779385316,0.9587403077969117,0.6847878696162173,50.0,1.0,0.96,0.04,0.0,0.0,1.0,1.0,1.0,1,1.4306208212067077,0.05,0.6557214683886545,14.333322946223536,0.011,0.0,,
AI4I,17,Weighted-Mondrian,33,0.060017262706077476,0.9587403077969117,0.6847878696162173,50.0,6.0,0.62,0.38,0.0,0.0,6.0,1.0,1.0,1,1.4122551793848765,0.05,0.6448869424870487,16.03126517088861,0.008,0.0,,
AI4I,17,Weighted-Mondrian,34,0.060602186779385316,0.9587403077969117,0.6847878696162173,50.0,0.0,0.92,0.08,0.0,0.0,0.0,0.0,1.0,1,1.345933422067944,0.05,0.6292183975065198,13.375454472011201,0.0085,0.0,,
AI4I,17,Weighted-Mondrian,35,0.05909892083265762,0.9587403077969117,0.6847878696162173,50.0,2.0,0.94,0.06,0.0,0.0,2.0,1.0,1.0,1,1.2172552577282352,0.05,0.6039921655184183,12.737190254759502,0.003,0.0,,
AI4I,17,Weighted-Mondrian,36,0.06242029797233485,0.9587403077969117,0.6847878696162173,50.0,2.0,0.76,0.24,0.0,0.0,2.0,1.0,1.0,1,1.1436926205984133,0.06319331224802575,0.5830881321358508,11.396929955688575,0.0,0.0,,
AI4I,17,Weighted-Mondrian,37,0.05408218736233905,0.9587403077969117,0.6847878696162173,50.0,0.0,0.98,0.02,0.0,0.0,0.0,0.0,1.0,1,1.2900257174390959,0.05,0.6002856627045722,14.281071470058757,0.001,0.0,,
AI4I,17,Weighted-Mondrian,38,0.03333234125531448,0.9587403077969117,0.6847878696162173,50.0,0.0,0.94,0.06,0.0,0.0,0.0,0.0,1.0,1,1.1238077725962285,0.06958698185969908,0.5663839575795218,10.78358425742577,0.0,0.0,,
AI4I,17,Weighted-Mondrian,39,0.03333234125531448,0.9587403077969117,0.6847878696162173,50.0,1.0,0.86,0.14,0.0,0.0,1.0,1.0,1.0,1,1.1021560921956701,0.06393542369741675,0.5400475975059136,8.437429513423174,0.0,0.0,,
AI4I,17,Periodic-Rolling-CP,0,0.05408218736233905,0.9587403077969117,0.6847878696162173,50.0,1.0,0.78,0.22,0.0,0.0,1.0,1.0,0.9352701817700936,1,,,,,,,stable,5.0
AI4I,17,Periodic-Rolling-CP,1,0.05408218736233905,0.9587403077969117,0.6847878696162173,50.0,0.0,0.92,0.08,0.0,0.0,0.0,0.0,0.9010387272359228,1,,,,,,,stable,5.0
AI4I,17,Periodic-Rolling-CP,2,0.05408218736233905,0.9587403077969117,0.6847878696162173,50.0,1.0,0.86,0.14,1.0,1.0,0.0,0.0,0.9276239816851864,1,,,,,,,stable,5.0
AI4I,17,Periodic-Rolling-CP,3,0.05408218736233905,0.9587403077969117,0.6847878696162173,50.0,3.0,0.78,0.22,0.0,0.0,3.0,1.0,0.9949746134705126,1,,,,,,,stable,5.0
AI4I,17,Periodic-Rolling-CP,4,0.05408218736233905,0.9587403077969117,0.6847878696162173,50.0,1.0,0.84,0.16,0.0,0.0,1.0,1.0,1.0,1,,,,,,,stable,5.0
AI4I,17,Periodic-Rolling-CP,5,0.07355219174275543,0.9587403077969117,0.6847878696162173,50.0,0.0,0.8,0.2,0.0,0.0,0.0,0.0,1.0,1,,,,,,,rolling-calibration,5.0
AI4I,17,Periodic-Rolling-CP,6,0.07659400312071761,0.9587403077969117,0.6847878696162173,50.0,1.0,0.98,0.02,0.0,0.0,1.0,1.0,1.0,1,,,,,,,rolling-calibration,5.0
AI4I,17,Periodic-Rolling-CP,7,0.07659400312071761,0.9587403077969117,0.6847878696162173,50.0,2.0,0.84,0.16,0.0,0.0,2.0,1.0,1.0,1,,,,,,,rolling-calibration,5.0
AI4I,17,Periodic-Rolling-CP,8,0.07769121394631151,0.9587403077969117,0.6847878696162173,50.0,1.0,0.88,0.12,0.0,0.0,1.0,1.0,1.0,1,,,,,,,rolling-calibration,5.0
AI4I,17,Periodic-Rolling-CP,9,0.07931501188662488,0.9587403077969117,0.6847878696162173,50.0,0.0,0.94,0.06,0.0,0.0,0.0,0.0,1.0,1,,,,,,,rolling-calibration,5.0
AI4I,17,Periodic-Rolling-CP,10,0.07987976751242819,0.9587403077969117,0.6847878696162173,50.0,1.0,0.94,0.06,1.0,1.0,0.0,0.0,1.0,1,,,,,,,rolling-calibration,5.0
AI4I,17,Periodic-Rolling-CP,11,0.08058954474582902,0.9587403077969117,0.6847878696162173,50.0,1.0,0.94,0.06,0.0,0.0,1.0,1.0,1.0,1,,,,,,,rolling-calibration,5.0
AI4I,17,Periodic-Rolling-CP,12,0.08103091987014835,0.9587403077969117,0.6847878696162173,50.0,2.0,0.9,0.1,0.5,1.0,1.0,0.5,1.0,1,,,,,,,rolling-calibration,5.0
AI4I,17,Periodic-Rolling-CP,13,0.08171011978046032,0.9587403077969117,0.6847878696162173,50.0,1.0,0.98,0.02,0.0,0.0,1.0,1.0,1.0,1,,,,,,,rolling-calibration,5.0
AI4I,17,Periodic-Rolling-CP,14,0.08171011978046032,0.9587403077969117,0.6847878696162173,50.0,0.0,1.0,0.0,0.0,0.0,0.0,0.0,1.0,1,,,,,,,rolling-calibration,5.0
AI4I,17,Periodic-Rolling-CP,15,0.08171011978046032,0.9587403077969117,0.6847878696162173,50.0,0.0,0.98,0.02,0.0,0.0,0.0,0.0,1.0,1,,,,,,,rolling-calibration,5.0
AI4I,17,Periodic-Rolling-CP,16,0.08182771149730901,0.9587403077969117,0.6847878696162173,50.0,1.0,0.92,0.08,0.0,0.0,1.0,1.0,1.0,1,,,,,,,rolling-calibration,5.0
AI4I,17,Periodic-Rolling-CP,17,0.08256448371717721,0.9587403077969117,0.6847878696162173,50.0,0.0,0.98,0.02,0.0,0.0,0.0,0.0,1.0,1,,,,,,,rolling-calibration,5.0
AI4I,17,Periodic-Rolling-CP,18,0.08256448371717721,0.9587403077969117,0.6847878696162173,50.0,1.0,0.96,0.04,0.0,0.0,1.0,1.0,1.0,1,,,,,,,rolling-calibration,5.0
AI4I,17,Periodic-Rolling-CP,19,0.08303425708106821,0.9587403077969117,0.6847878696162173,50.0,0.0,0.98,0.02,0.0,0.0,0.0,0.0,1.0,1,,,,,,,rolling-calibration,5.0
AI4I,17,Periodic-Rolling-CP,20,0.08396409988159285,0.9587403077969117,0.6847878696162173,50.0,4.0,0.86,0.14,0.25,1.0,3.0,0.75,1.0,1,,,,,,,rolling-calibration,5.0
AI4I,17,Periodic-Rolling-CP,21,0.0848371082558523,0.9587403077969117,0.6847878696162173,50.0,1.0,0.96,0.04,0.0,0.0,1.0,1.0,1.0,1,,,,,,,rolling-calibration,5.0
AI4I,17,Periodic-Rolling-CP,22,0.0850226640594068,0.9587403077969117,0.6847878696162173,50.0,0.0,1.0,0.0,0.0,0.0,0.0,0.0,1.0,1,,,,,,,rolling-calibration,5.0
AI4I,17,Periodic-Rolling-CP,23,0.0850226640594068,0.9587403077969117,0.6847878696162173,50.0,2.0,0.94,0.06,0.5,1.0,1.0,0.5,1.0,1,,,,,,,rolling-calibration,5.0
AI4I,17,Periodic-Rolling-CP,24,0.08600991919081516,0.9587403077969117,0.6847878696162173,50.0,0.0,0.96,0.04,0.0,0.0,0.0,0.0,1.0,1,,,,,,,rolling-calibration,5.0
AI4I,17,Periodic-Rolling-CP,25,0.08629970243105152,0.9587403077969117,0.6847878696162173,50.0,0.0,0.96,0.04,0.0,0.0,0.0,0.0,1.0,1,,,,,,,rolling-calibration,5.0
AI4I,17,Periodic-Rolling-CP,26,0.08689801841777074,0.9587403077969117,0.6847878696162173,50.0,0.0,0.96,0.04,0.0,0.0,0.0,0.0,1.0,1,,,,,,,rolling-calibration,5.0
AI4I,17,Periodic-Rolling-CP,27,0.08739197656538585,0.9587403077969117,0.6847878696162173,50.0,0.0,1.0,0.0,0.0,0.0,0.0,0.0,1.0,1,,,,,,,rolling-calibration,5.0
AI4I,17,Periodic-Rolling-CP,28,0.08739197656538585,0.9587403077969117,0.6847878696162173,50.0,1.0,0.98,0.02,0.0,0.0,1.0,1.0,1.0,1,,,,,,,rolling-calibration,5.0
AI4I,17,Periodic-Rolling-CP,29,0.08739197656538585,0.9587403077969117,0.6847878696162173,50.0,1.0,0.92,0.08,0.0,0.0,1.0,1.0,0.9999687656171914,1,,,,,,,rolling-calibration,5.0
AI4I,17,Periodic-Rolling-CP,30,0.0885193783653118,0.9587403077969117,0.6847878696162173,50.0,0.0,0.98,0.02,0.0,0.0,0.0,0.0,0.996723297510404,1,,,,,,,rolling-calibration,5.0
AI4I,17,Periodic-Rolling-CP,31,0.08952941111494912,0.9587403077969117,0.6847878696162173,50.0,1.0,0.98,0.02,1.0,1.0,0.0,0.0,0.9929268109718326,1,,,,,,,rolling-calibration,5.0
AI4I,17,Periodic-Rolling-CP,32,0.08952941111494912,0.9587403077969117,0.6847878696162173,50.0,1.0,0.98,0.02,0.0,0.0,1.0,1.0,1.0,1,,,,,,,rolling-calibration,5.0
AI4I,17,Periodic-Rolling-CP,33,0.08952941111494912,0.9587403077969117,0.6847878696162173,50.0,6.0,0.68,0.32,0.0,0.0,6.0,1.0,1.0,1,,,,,,,rolling-calibration,5.0
AI4I,17,Periodic-Rolling-CP,34,0.09199379836932563,0.9587403077969117,0.6847878696162173,50.0,0.0,0.98,0.02,0.0,0.0,0.0,0.0,1.0,1,,,,,,,rolling-calibration,5.0
AI4I,17,Periodic-Rolling-CP,35,0.09345570727267263,0.9587403077969117,0.6847878696162173,50.0,2.0,0.96,0.04,0.0,0.0,2.0,1.0,1.0,1,,,,,,,rolling-calibration,5.0
AI4I,17,Periodic-Rolling-CP,36,0.09345570727267263,0.9587403077969117,0.6847878696162173,50.0,2.0,0.84,0.16,0.0,0.0,2.0,1.0,1.0,1,,,,,,,rolling-calibration,5.0
AI4I,17,Periodic-Rolling-CP,37,0.09613738888562415,0.9587403077969117,0.6847878696162173,50.0,0.0,0.98,0.02,0.0,0.0,0.0,0.0,1.0,1,,,,,,,rolling-calibration,5.0
AI4I,17,Periodic-Rolling-CP,38,0.09673281480237887,0.9587403077969117,0.6847878696162173,50.0,0.0,0.96,0.04,0.0,0.0,0.0,0.0,1.0,1,,,,,,,rolling-calibration,5.0
AI4I,17,Periodic-Rolling-CP,39,0.09806391367829144,0.9587403077969117,0.6847878696162173,50.0,1.0,0.98,0.02,0.0,0.0,1.0,1.0,1.0,1,,,,,,,rolling-calibration,5.0
AI4I,17,DTCG-Proposed,0,0.0,0.9587403077969117,0.6847878696162173,50.0,1.0,0.0,1.0,0.0,0.0,1.0,1.0,0.9352701817700936,1,,,,,,,first-shift-hold,5.0
AI4I,17,DTCG-Proposed,1,0.05408218736233905,0.9587403077969117,0.6847878696162173,50.0,0.0,0.92,0.08,0.0,0.0,0.0,0.0,0.9010387272359228,1,,,,,,,shifted-base-calibration,5.0
AI4I,17,DTCG-Proposed,2,0.05408218736233905,0.9587403077969117,0.6847878696162173,50.0,1.0,0.86,0.14,1.0,1.0,0.0,0.0,0.9276239816851864,1,,,,,,,shifted-base-calibration,5.0
AI4I,17,DTCG-Proposed,3,0.05408218736233905,0.9587403077969117,0.6847878696162173,50.0,3.0,0.78,0.22,0.0,0.0,3.0,1.0,0.9949746134705126,1,,,,,,,shifted-base-calibration,5.0
AI4I,17,DTCG-Proposed,4,0.05408218736233905,0.9587403077969117,0.6847878696162173,50.0,1.0,0.84,0.16,0.0,0.0,1.0,1.0,1.0,1,,,,,,,shifted-base-calibration,5.0
AI4I,17,DTCG-Proposed,5,0.05408218736233905,0.9587403077969117,0.6847878696162173,50.0,0.0,0.78,0.22,0.0,0.0,0.0,0.0,1.0,1,,,,,,,shifted-rolling-calibration,5.0
AI4I,17,DTCG-Proposed,6,0.05408218736233905,0.9587403077969117,0.6847878696162173,50.0,1.0,0.92,0.08,0.0,0.0,1.0,1.0,1.0,1,,,,,,,shifted-rolling-calibration,5.0
AI4I,17,DTCG-Proposed,7,0.05408218736233905,0.9587403077969117,0.6847878696162173,50.0,2.0,0.8,0.2,0.0,0.0,2.0,1.0,1.0,1,,,,,,,shifted-rolling-calibration,5.0
AI4I,17,DTCG-Proposed,8,0.05408218736233905,0.9587403077969117,0.6847878696162173,50.0,1.0,0.86,0.14,0.0,0.0,1.0,1.0,1.0,1,,,,,,,shifted-rolling-calibration,5.0
AI4I,17,DTCG-Proposed,9,0.05408218736233905,0.9587403077969117,0.6847878696162173,50.0,0.0,0.92,0.08,0.0,0.0,0.0,0.0,1.0,1,,,,,,,shifted-rolling-calibration,5.0
AI4I,17,DTCG-Proposed,10,0.05408218736233905,0.9587403077969117,0.6847878696162173,50.0,1.0,0.94,0.06,1.0,1.0,0.0,0.0,1.0,1,,,,,,,shifted-rolling-calibration,5.0
AI4I,17,DTCG-Proposed,11,0.05408218736233905,0.9587403077969117,0.6847878696162173,50.0,1.0,0.94,0.06,0.0,0.0,1.0,1.0,1.0,1,,,,,,,shifted-rolling-calibration,5.0
AI4I,17,DTCG-Proposed,12,0.05408218736233905,0.9587403077969117,0.6847878696162173,50.0,2.0,0.88,0.12,0.0,0.0,2.0,1.0,1.0,1,,,,,,,shifted-rolling-calibration,5.0
AI4I,17,DTCG-Proposed,13,0.05408218736233905,0.9587403077969117,0.6847878696162173,50.0,1.0,0.94,0.06,0.0,0.0,1.0,1.0,1.0,1,,,,,,,shifted-rolling-calibration,5.0
AI4I,17,DTCG-Proposed,14,0.05408218736233905,0.9587403077969117,0.6847878696162173,50.0,0.0,0.98,0.02,0.0,0.0,0.0,0.0,1.0,1,,,,,,,shifted-rolling-calibration,5.0
AI4I,17,DTCG-Proposed,15,0.05408218736233905,0.9587403077969117,0.6847878696162173,50.0,0.0,0.94,0.06,0.0,0.0,0.0,0.0,1.0,1,,,,,,,shifted-rolling-calibration,5.0
AI4I,17,DTCG-Proposed,16,0.05408218736233905,0.9587403077969117,0.6847878696162173,50.0,1.0,0.92,0.08,0.0,0.0,1.0,1.0,1.0,1,,,,,,,shifted-rolling-calibration,5.0
AI4I,17,DTCG-Proposed,17,0.05408218736233905,0.9587403077969117,0.6847878696162173,50.0,0.0,0.98,0.02,0.0,0.0,0.0,0.0,1.0,1,,,,,,,shifted-rolling-calibration,5.0
AI4I,17,DTCG-Proposed,18,0.05408218736233905,0.9587403077969117,0.6847878696162173,50.0,1.0,0.92,0.08,0.0,0.0,1.0,1.0,1.0,1,,,,,,,shifted-rolling-calibration,5.0
AI4I,17,DTCG-Proposed,19,0.05408218736233905,0.9587403077969117,0.6847878696162173,50.0,0.0,0.96,0.04,0.0,0.0,0.0,0.0,1.0,1,,,,,,,shifted-rolling-calibration,5.0
AI4I,17,DTCG-Proposed,20,0.05408218736233905,0.9587403077969117,0.6847878696162173,50.0,4.0,0.86,0.14,0.25,1.0,3.0,0.75,1.0,1,,,,,,,shifted-rolling-calibration,5.0
AI4I,17,DTCG-Proposed,21,0.05408218736233905,0.9587403077969117,0.6847878696162173,50.0,1.0,0.96,0.04,0.0,0.0,1.0,1.0,1.0,1,,,,,,,shifted-rolling-calibration,5.0
AI4I,17,DTCG-Proposed,22,0.05408218736233905,0.9587403077969117,0.6847878696162173,50.0,0.0,1.0,0.0,0.0,0.0,0.0,0.0,1.0,1,,,,,,,shifted-rolling-calibration,5.0
AI4I,17,DTCG-Proposed,23,0.05408218736233905,0.9587403077969117,0.6847878696162173,50.0,2.0,0.94,0.06,0.5,1.0,1.0,0.5,1.0,1,,,,,,,shifted-rolling-calibration,5.0
AI4I,17,DTCG-Proposed,24,0.05408218736233905,0.9587403077969117,0.6847878696162173,50.0,0.0,0.96,0.04,0.0,0.0,0.0,0.0,1.0,1,,,,,,,shifted-rolling-calibration,5.0
AI4I,17,DTCG-Proposed,25,0.05408218736233905,0.9587403077969117,0.6847878696162173,50.0,0.0,0.96,0.04,0.0,0.0,0.0,0.0,1.0,1,,,,,,,shifted-rolling-calibration,5.0
AI4I,17,DTCG-Proposed,26,0.05408218736233905,0.9587403077969117,0.6847878696162173,50.0,0.0,0.92,0.08,0.0,0.0,0.0,0.0,1.0,1,,,,,,,shifted-rolling-calibration,5.0
AI4I,17,DTCG-Proposed,27,0.05408218736233905,0.9587403077969117,0.6847878696162173,50.0,0.0,1.0,0.0,0.0,0.0,0.0,0.0,1.0,1,,,,,,,shifted-rolling-calibration,5.0
AI4I,17,DTCG-Proposed,28,0.05408218736233905,0.9587403077969117,0.6847878696162173,50.0,1.0,0.94,0.06,0.0,0.0,1.0,1.0,1.0,1,,,,,,,shifted-rolling-calibration,5.0
AI4I,17,DTCG-Proposed,29,0.05408218736233905,0.9587403077969117,0.6847878696162173,50.0,1.0,0.84,0.16,0.0,0.0,1.0,1.0,0.9999687656171914,1,,,,,,,shifted-rolling-calibration,5.0
AI4I,17,DTCG-Proposed,30,0.05408218736233905,0.9587403077969117,0.6847878696162173,50.0,0.0,0.92,0.08,0.0,0.0,0.0,0.0,0.996723297510404,1,,,,,,,shifted-rolling-calibration,5.0
AI4I,17,DTCG-Proposed,31,0.05408218736233905,0.9587403077969117,0.6847878696162173,50.0,1.0,0.8,0.2,1.0,1.0,0.0,0.0,0.9929268109718326,1,,,,,,,shifted-rolling-calibration,5.0
AI4I,17,DTCG-Proposed,32,0.05408218736233905,0.9587403077969117,0.6847878696162173,50.0,1.0,0.94,0.06,0.0,0.0,1.0,1.0,1.0,1,,,,,,,shifted-rolling-calibration,5.0
AI4I,17,DTCG-Proposed,33,0.05408218736233905,0.9587403077969117,0.6847878696162173,50.0,6.0,0.58,0.42,0.0,0.0,6.0,1.0,1.0,1,,,,,,,shifted-rolling-calibration,5.0
AI4I,17,DTCG-Proposed,34,0.05408218736233905,0.9587403077969117,0.6847878696162173,50.0,0.0,0.92,0.08,0.0,0.0,0.0,0.0,1.0,1,,,,,,,shifted-rolling-calibration,5.0
AI4I,17,DTCG-Proposed,35,0.05408218736233905,0.9587403077969117,0.6847878696162173,50.0,2.0,0.94,0.06,0.0,0.0,2.0,1.0,1.0,1,,,,,,,shifted-rolling-calibration,5.0
AI4I,17,DTCG-Proposed,36,0.05408218736233905,0.9587403077969117,0.6847878696162173,50.0,2.0,0.76,0.24,0.0,0.0,2.0,1.0,1.0,1,,,,,,,shifted-rolling-calibration,5.0
AI4I,17,DTCG-Proposed,37,0.05408218736233905,0.9587403077969117,0.6847878696162173,50.0,0.0,0.98,0.02,0.0,0.0,0.0,0.0,1.0,1,,,,,,,shifted-rolling-calibration,5.0
AI4I,17,DTCG-Proposed,38,0.05408218736233905,0.9587403077969117,0.6847878696162173,50.0,0.0,0.96,0.04,0.0,0.0,0.0,0.0,1.0,1,,,,,,,shifted-rolling-calibration,5.0
AI4I,17,DTCG-Proposed,39,0.05408218736233905,0.9587403077969117,0.6847878696162173,50.0,1.0,0.92,0.08,0.0,0.0,1.0,1.0,1.0,1,,,,,,,shifted-rolling-calibration,5.0
AI4I,27,Probability-0.5,0,0.5,0.9561448240693524,0.6839142939752005,50.0,1.0,0.98,0.02,1.0,1.0,0.0,0.0,0.9303690375709514,1,,,,,,,,
AI4I,27,Probability-0.5,1,0.5,0.9561448240693524,0.6839142939752005,50.0,0.0,1.0,0.0,0.0,0.0,0.0,0.0,0.9053447408516196,1,,,,,,,,
AI4I,27,Probability-0.5,2,0.5,0.9561448240693524,0.6839142939752005,50.0,1.0,1.0,0.0,1.0,1.0,0.0,0.0,0.9281729255492374,1,,,,,,,,
AI4I,27,Probability-0.5,3,0.5,0.9561448240693524,0.6839142939752005,50.0,3.0,0.96,0.04,0.3333333333333333,1.0,2.0,0.6666666666666666,0.9930607033526163,1,,,,,,,,
AI4I,27,Probability-0.5,4,0.5,0.9561448240693524,0.6839142939752005,50.0,1.0,0.98,0.02,0.0,0.0,1.0,1.0,1.0,1,,,,,,,,
AI4I,27,Probability-0.5,5,0.5,0.9561448240693524,0.6839142939752005,50.0,0.0,1.0,0.0,0.0,0.0,0.0,0.0,1.0,1,,,,,,,,
AI4I,27,Probability-0.5,6,0.5,0.9561448240693524,0.6839142939752005,50.0,1.0,0.98,0.02,0.0,0.0,1.0,1.0,1.0,1,,,,,,,,
AI4I,27,Probability-0.5,7,0.5,0.9561448240693524,0.6839142939752005,50.0,2.0,0.98,0.02,0.5,1.0,1.0,0.5,1.0,1,,,,,,,,
AI4I,27,Probability-0.5,8,0.5,0.9561448240693524,0.6839142939752005,50.0,1.0,0.98,0.02,0.0,0.0,1.0,1.0,1.0,1,,,,,,,,
AI4I,27,Probability-0.5,9,0.5,0.9561448240693524,0.6839142939752005,50.0,0.0,1.0,0.0,0.0,0.0,0.0,0.0,1.0,1,,,,,,,,
AI4I,27,Probability-0.5,10,0.5,0.9561448240693524,0.6839142939752005,50.0,1.0,1.0,0.0,1.0,1.0,0.0,0.0,1.0,1,,,,,,,,
AI4I,27,Probability-0.5,11,0.5,0.9561448240693524,0.6839142939752005,50.0,1.0,0.98,0.02,0.0,0.0,1.0,1.0,1.0,1,,,,,,,,
AI4I,27,Probability-0.5,12,0.5,0.9561448240693524,0.6839142939752005,50.0,2.0,0.98,0.02,0.5,1.0,1.0,0.5,1.0,1,,,,,,,,
AI4I,27,Probability-0.5,13,0.5,0.9561448240693524,0.6839142939752005,50.0,1.0,1.0,0.0,1.0,1.0,0.0,0.0,1.0,1,,,,,,,,
AI4I,27,Probability-0.5,14,0.5,0.9561448240693524,0.6839142939752005,50.0,0.0,1.0,0.0,0.0,0.0,0.0,0.0,1.0,1,,,,,,,,
AI4I,27,Probability-0.5,15,0.5,0.9561448240693524,0.6839142939752005,50.0,0.0,1.0,0.0,0.0,0.0,0.0,0.0,1.0,1,,,,,,,,
AI4I,27,Probability-0.5,16,0.5,0.9561448240693524,0.6839142939752005,50.0,1.0,1.0,0.0,1.0,1.0,0.0,0.0,1.0,1,,,,,,,,
AI4I,27,Probability-0.5,17,0.5,0.9561448240693524,0.6839142939752005,50.0,0.0,0.98,0.02,0.0,0.0,0.0,0.0,1.0,1,,,,,,,,
AI4I,27,Probability-0.5,18,0.5,0.9561448240693524,0.6839142939752005,50.0,1.0,1.0,0.0,1.0,1.0,0.0,0.0,1.0,1,,,,,,,,
AI4I,27,Probability-0.5,19,0.5,0.9561448240693524,0.6839142939752005,50.0,0.0,1.0,0.0,0.0,0.0,0.0,0.0,1.0,1,,,,,,,,
AI4I,27,Probability-0.5,20,0.5,0.9561448240693524,0.6839142939752005,50.0,4.0,0.98,0.02,0.75,3.0,1.0,0.25,1.0,1,,,,,,,,
AI4I,27,Probability-0.5,21,0.5,0.9561448240693524,0.6839142939752005,50.0,1.0,0.98,0.02,0.0,0.0,1.0,1.0,1.0,1,,,,,,,,
AI4I,27,Probability-0.5,22,0.5,0.9561448240693524,0.6839142939752005,50.0,0.0,1.0,0.0,0.0,0.0,0.0,0.0,1.0,1,,,,,,,,
AI4I,27,Probability-0.5,23,0.5,0.9561448240693524,0.6839142939752005,50.0,2.0,0.98,0.02,0.5,1.0,1.0,0.5,1.0,1,,,,,,,,
AI4I,27,Probability-0.5,24,0.5,0.9561448240693524,0.6839142939752005,50.0,0.0,1.0,0.0,0.0,0.0,0.0,0.0,1.0,1,,,,,,,,
AI4I,27,Probability-0.5,25,0.5,0.9561448240693524,0.6839142939752005,50.0,0.0,1.0,0.0,0.0,0.0,0.0,0.0,1.0,1,,,,,,,,
AI4I,27,Probability-0.5,26,0.5,0.9561448240693524,0.6839142939752005,50.0,0.0,1.0,0.0,0.0,0.0,0.0,0.0,1.0,1,,,,,,,,
AI4I,27,Probability-0.5,27,0.5,0.9561448240693524,0.6839142939752005,50.0,0.0,1.0,0.0,0.0,0.0,0.0,0.0,1.0,1,,,,,,,,
AI4I,27,Probability-0.5,28,0.5,0.9561448240693524,0.6839142939752005,50.0,1.0,0.98,0.02,0.0,0.0,1.0,1.0,1.0,1,,,,,,,,
AI4I,27,Probability-0.5,29,0.5,0.9561448240693524,0.6839142939752005,50.0,1.0,0.98,0.02,0.0,0.0,1.0,1.0,0.9999687656171914,1,,,,,,,,
AI4I,27,Probability-0.5,30,0.5,0.9561448240693524,0.6839142939752005,50.0,0.0,1.0,0.0,0.0,0.0,0.0,0.0,0.9970879689990723,1,,,,,,,,
AI4I,27,Probability-0.5,31,0.5,0.9561448240693524,0.6839142939752005,50.0,1.0,1.0,0.0,1.0,1.0,0.0,0.0,0.9925268939015742,1,,,,,,,,
AI4I,27,Probability-0.5,32,0.5,0.9561448240693524,0.6839142939752005,50.0,1.0,1.0,0.0,1.0,1.0,0.0,0.0,1.0,1,,,,,,,,
AI4I,27,Probability-0.5,33,0.5,0.9561448240693524,0.6839142939752005,50.0,6.0,0.9,0.1,0.16666666666666666,1.0,5.0,0.8333333333333334,1.0,1,,,,,,,,
AI4I,27,Probability-0.5,34,0.5,0.9561448240693524,0.6839142939752005,50.0,0.0,1.0,0.0,0.0,0.0,0.0,0.0,1.0,1,,,,,,,,
AI4I,27,Probability-0.5,35,0.5,0.9561448240693524,0.6839142939752005,50.0,2.0,0.98,0.02,0.5,1.0,1.0,0.5,1.0,1,,,,,,,,
AI4I,27,Probability-0.5,36,0.5,0.9561448240693524,0.6839142939752005,50.0,2.0,0.98,0.02,0.5,1.0,1.0,0.5,1.0,1,,,,,,,,
AI4I,27,Probability-0.5,37,0.5,0.9561448240693524,0.6839142939752005,50.0,0.0,1.0,0.0,0.0,0.0,0.0,0.0,1.0,1,,,,,,,,
AI4I,27,Probability-0.5,38,0.5,0.9561448240693524,0.6839142939752005,50.0,0.0,0.98,0.02,0.0,0.0,0.0,0.0,1.0,1,,,,,,,,
AI4I,27,Probability-0.5,39,0.5,0.9561448240693524,0.6839142939752005,50.0,1.0,0.98,0.02,0.0,0.0,1.0,1.0,1.0,1,,,,,,,,
AI4I,27,Global-CP,0,0.08257464290048466,0.9561448240693524,0.6839142939752005,50.0,1.0,0.86,0.14,0.0,0.0,1.0,1.0,0.9303690375709514,1,,,,,,,,
AI4I,27,Global-CP,1,0.08257464290048466,0.9561448240693524,0.6839142939752005,50.0,0.0,1.0,0.0,0.0,0.0,0.0,0.0,0.9053447408516196,1,,,,,,,,
AI4I,27,Global-CP,2,0.08257464290048466,0.9561448240693524,0.6839142939752005,50.0,1.0,0.92,0.08,1.0,1.0,0.0,0.0,0.9281729255492374,1,,,,,,,,
AI4I,27,Global-CP,3,0.08257464290048466,0.9561448240693524,0.6839142939752005,50.0,3.0,0.86,0.14,0.0,0.0,3.0,1.0,0.9930607033526163,1,,,,,,,,
AI4I,27,Global-CP,4,0.08257464290048466,0.9561448240693524,0.6839142939752005,50.0,1.0,0.88,0.12,0.0,0.0,1.0,1.0,1.0,1,,,,,,,,
AI4I,27,Global-CP,5,0.08257464290048466,0.9561448240693524,0.6839142939752005,50.0,0.0,0.82,0.18,0.0,0.0,0.0,0.0,1.0,1,,,,,,,,
AI4I,27,Global-CP,6,0.08257464290048466,0.9561448240693524,0.6839142939752005,50.0,1.0,0.96,0.04,0.0,0.0,1.0,1.0,1.0,1,,,,,,,,
AI4I,27,Global-CP,7,0.08257464290048466,0.9561448240693524,0.6839142939752005,50.0,2.0,0.84,0.16,0.0,0.0,2.0,1.0,1.0,1,,,,,,,,
AI4I,27,Global-CP,8,0.08257464290048466,0.9561448240693524,0.6839142939752005,50.0,1.0,0.88,0.12,0.0,0.0,1.0,1.0,1.0,1,,,,,,,,
AI4I,27,Global-CP,9,0.08257464290048466,0.9561448240693524,0.6839142939752005,50.0,0.0,0.94,0.06,0.0,0.0,0.0,0.0,1.0,1,,,,,,,,
AI4I,27,Global-CP,10,0.08257464290048466,0.9561448240693524,0.6839142939752005,50.0,1.0,0.94,0.06,1.0,1.0,0.0,0.0,1.0,1,,,,,,,,
AI4I,27,Global-CP,11,0.08257464290048466,0.9561448240693524,0.6839142939752005,50.0,1.0,0.94,0.06,0.0,0.0,1.0,1.0,1.0,1,,,,,,,,
AI4I,27,Global-CP,12,0.08257464290048466,0.9561448240693524,0.6839142939752005,50.0,2.0,0.9,0.1,0.5,1.0,1.0,0.5,1.0,1,,,,,,,,
AI4I,27,Global-CP,13,0.08257464290048466,0.9561448240693524,0.6839142939752005,50.0,1.0,0.98,0.02,0.0,0.0,1.0,1.0,1.0,1,,,,,,,,
AI4I,27,Global-CP,14,0.08257464290048466,0.9561448240693524,0.6839142939752005,50.0,0.0,1.0,0.0,0.0,0.0,0.0,0.0,1.0,1,,,,,,,,
AI4I,27,Global-CP,15,0.08257464290048466,0.9561448240693524,0.6839142939752005,50.0,0.0,0.98,0.02,0.0,0.0,0.0,0.0,1.0,1,,,,,,,,
AI4I,27,Global-CP,16,0.08257464290048466,0.9561448240693524,0.6839142939752005,50.0,1.0,0.94,0.06,0.0,0.0,1.0,1.0,1.0,1,,,,,,,,
AI4I,27,Global-CP,17,0.08257464290048466,0.9561448240693524,0.6839142939752005,50.0,0.0,0.98,0.02,0.0,0.0,0.0,0.0,1.0,1,,,,,,,,
AI4I,27,Global-CP,18,0.08257464290048466,0.9561448240693524,0.6839142939752005,50.0,1.0,0.96,0.04,0.0,0.0,1.0,1.0,1.0,1,,,,,,,,
AI4I,27,Global-CP,19,0.08257464290048466,0.9561448240693524,0.6839142939752005,50.0,0.0,0.98,0.02,0.0,0.0,0.0,0.0,1.0,1,,,,,,,,
AI4I,27,Global-CP,20,0.08257464290048466,0.9561448240693524,0.6839142939752005,50.0,4.0,0.86,0.14,0.25,1.0,3.0,0.75,1.0,1,,,,,,,,
AI4I,27,Global-CP,21,0.08257464290048466,0.9561448240693524,0.6839142939752005,50.0,1.0,0.96,0.04,0.0,0.0,1.0,1.0,1.0,1,,,,,,,,
AI4I,27,Global-CP,22,0.08257464290048466,0.9561448240693524,0.6839142939752005,50.0,0.0,1.0,0.0,0.0,0.0,0.0,0.0,1.0,1,,,,,,,,
AI4I,27,Global-CP,23,0.08257464290048466,0.9561448240693524,0.6839142939752005,50.0,2.0,0.94,0.06,0.5,1.0,1.0,0.5,1.0,1,,,,,,,,
AI4I,27,Global-CP,24,0.08257464290048466,0.9561448240693524,0.6839142939752005,50.0,0.0,0.96,0.04,0.0,0.0,0.0,0.0,1.0,1,,,,,,,,
AI4I,27,Global-CP,25,0.08257464290048466,0.9561448240693524,0.6839142939752005,50.0,0.0,0.96,0.04,0.0,0.0,0.0,0.0,1.0,1,,,,,,,,
AI4I,27,Global-CP,26,0.08257464290048466,0.9561448240693524,0.6839142939752005,50.0,0.0,0.96,0.04,0.0,0.0,0.0,0.0,1.0,1,,,,,,,,
AI4I,27,Global-CP,27,0.08257464290048466,0.9561448240693524,0.6839142939752005,50.0,0.0,1.0,0.0,0.0,0.0,0.0,0.0,1.0,1,,,,,,,,
AI4I,27,Global-CP,28,0.08257464290048466,0.9561448240693524,0.6839142939752005,50.0,1.0,0.98,0.02,0.0,0.0,1.0,1.0,1.0,1,,,,,,,,
AI4I,27,Global-CP,29,0.08257464290048466,0.9561448240693524,0.6839142939752005,50.0,1.0,0.9,0.1,0.0,0.0,1.0,1.0,0.9999687656171914,1,,,,,,,,
AI4I,27,Global-CP,30,0.08257464290048466,0.9561448240693524,0.6839142939752005,50.0,0.0,0.96,0.04,0.0,0.0,0.0,0.0,0.9970879689990723,1,,,,,,,,
AI4I,27,Global-CP,31,0.08257464290048466,0.9561448240693524,0.6839142939752005,50.0,1.0,0.94,0.06,1.0,1.0,0.0,0.0,0.9925268939015742,1,,,,,,,,
AI4I,27,Global-CP,32,0.08257464290048466,0.9561448240693524,0.6839142939752005,50.0,1.0,0.98,0.02,0.0,0.0,1.0,1.0,1.0,1,,,,,,,,
AI4I,27,Global-CP,33,0.08257464290048466,0.9561448240693524,0.6839142939752005,50.0,6.0,0.66,0.34,0.0,0.0,6.0,1.0,1.0,1,,,,,,,,
AI4I,27,Global-CP,34,0.08257464290048466,0.9561448240693524,0.6839142939752005,50.0,0.0,0.92,0.08,0.0,0.0,0.0,0.0,1.0,1,,,,,,,,
AI4I,27,Global-CP,35,0.08257464290048466,0.9561448240693524,0.6839142939752005,50.0,2.0,0.94,0.06,0.0,0.0,2.0,1.0,1.0,1,,,,,,,,
AI4I,27,Global-CP,36,0.08257464290048466,0.9561448240693524,0.6839142939752005,50.0,2.0,0.84,0.16,0.0,0.0,2.0,1.0,1.0,1,,,,,,,,
AI4I,27,Global-CP,37,0.08257464290048466,0.9561448240693524,0.6839142939752005,50.0,0.0,0.98,0.02,0.0,0.0,0.0,0.0,1.0,1,,,,,,,,
AI4I,27,Global-CP,38,0.08257464290048466,0.9561448240693524,0.6839142939752005,50.0,0.0,0.96,0.04,0.0,0.0,0.0,0.0,1.0,1,,,,,,,,
AI4I,27,Global-CP,39,0.08257464290048466,0.9561448240693524,0.6839142939752005,50.0,1.0,0.98,0.02,0.0,0.0,1.0,1.0,1.0,1,,,,,,,,
AI4I,27,Mondrian-CP,0,0.04761066779272205,0.9561448240693524,0.6839142939752005,50.0,1.0,0.72,0.28,0.0,0.0,1.0,1.0,0.9303690375709514,1,,,,,,,,
AI4I,27,Mondrian-CP,1,0.04761066779272205,0.9561448240693524,0.6839142939752005,50.0,0.0,0.9,0.1,0.0,0.0,0.0,0.0,0.9053447408516196,1,,,,,,,,
AI4I,27,Mondrian-CP,2,0.04761066779272205,0.9561448240693524,0.6839142939752005,50.0,1.0,0.8,0.2,1.0,1.0,0.0,0.0,0.9281729255492374,1,,,,,,,,
AI4I,27,Mondrian-CP,3,0.04761066779272205,0.9561448240693524,0.6839142939752005,50.0,3.0,0.74,0.26,0.0,0.0,3.0,1.0,0.9930607033526163,1,,,,,,,,
AI4I,27,Mondrian-CP,4,0.04761066779272205,0.9561448240693524,0.6839142939752005,50.0,1.0,0.78,0.22,0.0,0.0,1.0,1.0,1.0,1,,,,,,,,
AI4I,27,Mondrian-CP,5,0.04761066779272205,0.9561448240693524,0.6839142939752005,50.0,0.0,0.74,0.26,0.0,0.0,0.0,0.0,1.0,1,,,,,,,,
AI4I,27,Mondrian-CP,6,0.04761066779272205,0.9561448240693524,0.6839142939752005,50.0,1.0,0.9,0.1,0.0,0.0,1.0,1.0,1.0,1,,,,,,,,
AI4I,27,Mondrian-CP,7,0.04761066779272205,0.9561448240693524,0.6839142939752005,50.0,2.0,0.8,0.2,0.0,0.0,2.0,1.0,1.0,1,,,,,,,,
AI4I,27,Mondrian-CP,8,0.04761066779272205,0.9561448240693524,0.6839142939752005,50.0,1.0,0.86,0.14,0.0,0.0,1.0,1.0,1.0,1,,,,,,,,
AI4I,27,Mondrian-CP,9,0.04761066779272205,0.9561448240693524,0.6839142939752005,50.0,0.0,0.92,0.08,0.0,0.0,0.0,0.0,1.0,1,,,,,,,,
AI4I,27,Mondrian-CP,10,0.04761066779272205,0.9561448240693524,0.6839142939752005,50.0,1.0,0.94,0.06,1.0,1.0,0.0,0.0,1.0,1,,,,,,,,
AI4I,27,Mondrian-CP,11,0.04761066779272205,0.9561448240693524,0.6839142939752005,50.0,1.0,0.94,0.06,0.0,0.0,1.0,1.0,1.0,1,,,,,,,,
AI4I,27,Mondrian-CP,12,0.04761066779272205,0.9561448240693524,0.6839142939752005,50.0,2.0,0.86,0.14,0.5,1.0,1.0,0.5,1.0,1,,,,,,,,
AI4I,27,Mondrian-CP,13,0.04761066779272205,0.9561448240693524,0.6839142939752005,50.0,1.0,0.96,0.04,0.0,0.0,1.0,1.0,1.0,1,,,,,,,,
AI4I,27,Mondrian-CP,14,0.04761066779272205,0.9561448240693524,0.6839142939752005,50.0,0.0,0.98,0.02,0.0,0.0,0.0,0.0,1.0,1,,,,,,,,
AI4I,27,Mondrian-CP,15,0.04761066779272205,0.9561448240693524,0.6839142939752005,50.0,0.0,0.92,0.08,0.0,0.0,0.0,0.0,1.0,1,,,,,,,,
AI4I,27,Mondrian-CP,16,0.04761066779272205,0.9561448240693524,0.6839142939752005,50.0,1.0,0.92,0.08,0.0,0.0,1.0,1.0,1.0,1,,,,,,,,
AI4I,27,Mondrian-CP,17,0.04761066779272205,0.9561448240693524,0.6839142939752005,50.0,0.0,0.98,0.02,0.0,0.0,0.0,0.0,1.0,1,,,,,,,,
AI4I,27,Mondrian-CP,18,0.04761066779272205,0.9561448240693524,0.6839142939752005,50.0,1.0,0.94,0.06,0.0,0.0,1.0,1.0,1.0,1,,,,,,,,
AI4I,27,Mondrian-CP,19,0.04761066779272205,0.9561448240693524,0.6839142939752005,50.0,0.0,0.94,0.06,0.0,0.0,0.0,0.0,1.0,1,,,,,,,,
AI4I,27,Mondrian-CP,20,0.04761066779272205,0.9561448240693524,0.6839142939752005,50.0,4.0,0.86,0.14,0.25,1.0,3.0,0.75,1.0,1,,,,,,,,
AI4I,27,Mondrian-CP,21,0.04761066779272205,0.9561448240693524,0.6839142939752005,50.0,1.0,0.96,0.04,0.0,0.0,1.0,1.0,1.0,1,,,,,,,,
AI4I,27,Mondrian-CP,22,0.04761066779272205,0.9561448240693524,0.6839142939752005,50.0,0.0,1.0,0.0,0.0,0.0,0.0,0.0,1.0,1,,,,,,,,
AI4I,27,Mondrian-CP,23,0.04761066779272205,0.9561448240693524,0.6839142939752005,50.0,2.0,0.94,0.06,0.5,1.0,1.0,0.5,1.0,1,,,,,,,,
AI4I,27,Mondrian-CP,24,0.04761066779272205,0.9561448240693524,0.6839142939752005,50.0,0.0,0.96,0.04,0.0,0.0,0.0,0.0,1.0,1,,,,,,,,
AI4I,27,Mondrian-CP,25,0.04761066779272205,0.9561448240693524,0.6839142939752005,50.0,0.0,0.96,0.04,0.0,0.0,0.0,0.0,1.0,1,,,,,,,,
AI4I,27,Mondrian-CP,26,0.04761066779272205,0.9561448240693524,0.6839142939752005,50.0,0.0,0.9,0.1,0.0,0.0,0.0,0.0,1.0,1,,,,,,,,
AI4I,27,Mondrian-CP,27,0.04761066779272205,0.9561448240693524,0.6839142939752005,50.0,0.0,0.98,0.02,0.0,0.0,0.0,0.0,1.0,1,,,,,,,,
AI4I,27,Mondrian-CP,28,0.04761066779272205,0.9561448240693524,0.6839142939752005,50.0,1.0,0.92,0.08,0.0,0.0,1.0,1.0,1.0,1,,,,,,,,
AI4I,27,Mondrian-CP,29,0.04761066779272205,0.9561448240693524,0.6839142939752005,50.0,1.0,0.84,0.16,0.0,0.0,1.0,1.0,0.9999687656171914,1,,,,,,,,
AI4I,27,Mondrian-CP,30,0.04761066779272205,0.9561448240693524,0.6839142939752005,50.0,0.0,0.9,0.1,0.0,0.0,0.0,0.0,0.9970879689990723,1,,,,,,,,
AI4I,27,Mondrian-CP,31,0.04761066779272205,0.9561448240693524,0.6839142939752005,50.0,1.0,0.8,0.2,1.0,1.0,0.0,0.0,0.9925268939015742,1,,,,,,,,
AI4I,27,Mondrian-CP,32,0.04761066779272205,0.9561448240693524,0.6839142939752005,50.0,1.0,0.9,0.1,0.0,0.0,1.0,1.0,1.0,1,,,,,,,,
AI4I,27,Mondrian-CP,33,0.04761066779272205,0.9561448240693524,0.6839142939752005,50.0,6.0,0.56,0.44,0.0,0.0,6.0,1.0,1.0,1,,,,,,,,
AI4I,27,Mondrian-CP,34,0.04761066779272205,0.9561448240693524,0.6839142939752005,50.0,0.0,0.86,0.14,0.0,0.0,0.0,0.0,1.0,1,,,,,,,,
AI4I,27,Mondrian-CP,35,0.04761066779272205,0.9561448240693524,0.6839142939752005,50.0,2.0,0.92,0.08,0.0,0.0,2.0,1.0,1.0,1,,,,,,,,
AI4I,27,Mondrian-CP,36,0.04761066779272205,0.9561448240693524,0.6839142939752005,50.0,2.0,0.76,0.24,0.0,0.0,2.0,1.0,1.0,1,,,,,,,,
AI4I,27,Mondrian-CP,37,0.04761066779272205,0.9561448240693524,0.6839142939752005,50.0,0.0,0.98,0.02,0.0,0.0,0.0,0.0,1.0,1,,,,,,,,
AI4I,27,Mondrian-CP,38,0.04761066779272205,0.9561448240693524,0.6839142939752005,50.0,0.0,0.96,0.04,0.0,0.0,0.0,0.0,1.0,1,,,,,,,,
AI4I,27,Mondrian-CP,39,0.04761066779272205,0.9561448240693524,0.6839142939752005,50.0,1.0,0.94,0.06,0.0,0.0,1.0,1.0,1.0,1,,,,,,,,
AI4I,27,Weighted-Mondrian,0,0.07481502617493029,0.9561448240693524,0.6839142939752005,50.0,1.0,0.8,0.2,0.0,0.0,1.0,1.0,0.9303690375709514,1,1.719762153768088,0.12386242148299963,1.197000101877424,13.718421826559688,0.0,0.0,,
AI4I,27,Weighted-Mondrian,1,0.06874595025889144,0.9561448240693524,0.6839142939752005,50.0,0.0,0.96,0.04,0.0,0.0,0.0,0.0,0.9053447408516196,1,1.7070827326526812,0.20030754915041235,1.0465270072092405,6.9190358521563,0.0,0.0,,
AI4I,27,Weighted-Mondrian,2,0.06831203685416988,0.9561448240693524,0.6839142939752005,50.0,1.0,0.88,0.12,1.0,1.0,0.0,0.0,0.9281729255492374,1,1.70282954233161,0.12606505708025995,1.1186730890710193,9.299538358260254,0.0,0.0,,
AI4I,27,Weighted-Mondrian,3,0.06874595025889144,0.9561448240693524,0.6839142939752005,50.0,3.0,0.8,0.2,0.0,0.0,3.0,1.0,0.9930607033526163,1,1.6407898808981027,0.05,0.8470824269236734,12.51461990362208,0.0065,0.0,,
AI4I,27,Weighted-Mondrian,4,0.06705065706298843,0.9561448240693524,0.6839142939752005,50.0,1.0,0.84,0.16,0.0,0.0,1.0,1.0,1.0,1,1.4430464812930242,0.05,0.6721324022506128,17.274985235663934,0.02,0.0,,
AI4I,27,Weighted-Mondrian,5,0.05998682890061927,0.9561448240693524,0.6839142939752005,50.0,0.0,0.78,0.22,0.0,0.0,0.0,0.0,1.0,1,1.3577439811813528,0.05,0.6518105116710043,12.77567416740684,0.0185,0.0,,
AI4I,27,Weighted-Mondrian,6,0.0628571700597556,0.9561448240693524,0.6839142939752005,50.0,1.0,0.96,0.04,0.0,0.0,1.0,1.0,1.0,1,1.283392208022762,0.05,0.6231610258654278,15.65694386031808,0.003,0.0,,
AI4I,27,Weighted-Mondrian,7,0.061580467664430524,0.9561448240693524,0.6839142939752005,50.0,2.0,0.82,0.18,0.0,0.0,2.0,1.0,1.0,1,1.2723888453567354,0.05,0.6054757540678113,15.519379739811983,0.0055,0.0,,
AI4I,27,Weighted-Mondrian,8,0.06422584984094112,0.9561448240693524,0.6839142939752005,50.0,1.0,0.86,0.14,0.0,0.0,1.0,1.0,1.0,1,1.2677481825227925,0.05,0.6319279521175405,12.041923882744088,0.004,0.0,,
AI4I,27,Weighted-Mondrian,9,0.05998682890061927,0.9561448240693524,0.6839142939752005,50.0,0.0,0.92,0.08,0.0,0.0,0.0,0.0,1.0,1,1.1997725237562322,0.05,0.608687193929747,12.97905157767975,0.004,0.0,,
AI4I,27,Weighted-Mondrian,10,0.04761066779272205,0.9561448240693524,0.6839142939752005,50.0,1.0,0.94,0.06,1.0,1.0,0.0,0.0,1.0,1,1.1653533418216544,0.05139556896300336,0.5949224275439071,11.340500206732148,0.0,0.0,,
AI4I,27,Weighted-Mondrian,11,0.040380926620678936,0.9561448240693524,0.6839142939752005,50.0,1.0,0.94,0.06,0.0,0.0,1.0,1.0,1.0,1,1.022184782175904,0.08842048380083084,0.60151032225147,7.427731389737123,0.0,0.0,,
AI4I,27,Weighted-Mondrian,12,0.04761066779272205,0.9561448240693524,0.6839142939752005,50.0,2.0,0.86,0.14,0.5,1.0,1.0,0.5,1.0,1,0.9777258239459938,0.09636625145673633,0.6066212281741092,6.4271334410384835,0.0,0.0,,
AI4I,27,Weighted-Mondrian,13,0.04761066779272205,0.9561448240693524,0.6839142939752005,50.0,1.0,0.96,0.04,0.0,0.0,1.0,1.0,1.0,1,0.9670204313288691,0.1051704982394694,0.615495862831263,6.30597254429895,0.0,0.0,,
AI4I,27,Weighted-Mondrian,14,0.04761066779272205,0.9561448240693524,0.6839142939752005,50.0,0.0,0.98,0.02,0.0,0.0,0.0,0.0,1.0,1,0.9609477450340821,0.10042656573628642,0.6185124998486298,6.1512665920949665,0.0,0.0,,
AI4I,27,Weighted-Mondrian,15,0.04761066779272205,0.9561448240693524,0.6839142939752005,50.0,0.0,0.92,0.08,0.0,0.0,0.0,0.0,1.0,1,0.9796389355552118,0.09954957088661015,0.6073827691361255,6.888280266022044,0.0,0.0,,
AI4I,27,Weighted-Mondrian,16,0.04761066779272205,0.9561448240693524,0.6839142939752005,50.0,1.0,0.92,0.08,0.0,0.0,1.0,1.0,1.0,1,0.971971671267521,0.10321549834187665,0.6157721426365083,6.696440433604885,0.0,0.0,,
AI4I,27,Weighted-Mondrian,17,0.04761066779272205,0.9561448240693524,0.6839142939752005,50.0,0.0,0.98,0.02,0.0,0.0,0.0,0.0,1.0,1,1.0343381137574275,0.06886229963621424,0.6033024874183259,8.721346585758926,0.0,0.0,,
AI4I,27,Weighted-Mondrian,18,0.04761066779272205,0.9561448240693524,0.6839142939752005,50.0,1.0,0.94,0.06,0.0,0.0,1.0,1.0,1.0,1,0.9591367180488283,0.110793917891079,0.613933901574233,6.564197283176789,0.0,0.0,,
AI4I,27,Weighted-Mondrian,19,0.04761066779272205,0.9561448240693524,0.6839142939752005,50.0,0.0,0.94,0.06,0.0,0.0,0.0,0.0,1.0,1,0.9377053612906942,0.12493026419826234,0.6062541466019169,5.627358676231582,0.0,0.0,,
AI4I,27,Weighted-Mondrian,20,0.040380926620678936,0.9561448240693524,0.6839142939752005,50.0,4.0,0.86,0.14,0.25,1.0,3.0,0.75,1.0,1,0.9579415886017836,0.1096276023498912,0.6082296141951005,6.121292225339272,0.0,0.0,,
AI4I,27,Weighted-Mondrian,21,0.04761066779272205,0.9561448240693524,0.6839142939752005,50.0,1.0,0.96,0.04,0.0,0.0,1.0,1.0,1.0,1,0.9490039255607614,0.11695844112233492,0.6072560041170504,5.938428979886616,0.0,0.0,,
AI4I,27,Weighted-Mondrian,22,0.04761066779272205,0.9561448240693524,0.6839142939752005,50.0,0.0,1.0,0.0,0.0,0.0,0.0,0.0,1.0,1,0.9848946991671849,0.09257442181522307,0.604213688617439,6.857131017176994,0.0,0.0,,
AI4I,27,Weighted-Mondrian,23,0.04761066779272205,0.9561448240693524,0.6839142939752005,50.0,2.0,0.94,0.06,0.5,1.0,1.0,0.5,1.0,1,1.0205492035601416,0.08296341510253603,0.6001152198280748,7.836269649558776,0.0,0.0,,
AI4I,27,Weighted-Mondrian,24,0.040380926620678936,0.9561448240693524,0.6839142939752005,50.0,0.0,0.96,0.04,0.0,0.0,0.0,0.0,1.0,1,1.0617697687708878,0.07278341123713204,0.5915079349053005,8.828105982609992,0.0,0.0,,
AI4I,27,Weighted-Mondrian,25,0.04761066779272205,0.9561448240693524,0.6839142939752005,50.0,0.0,0.96,0.04,0.0,0.0,0.0,0.0,1.0,1,1.0928319113616525,0.06562069876548902,0.5824502293211931,9.898703238401295,0.0,0.0,,
AI4I,27,Weighted-Mondrian,26,0.040380926620678936,0.9561448240693524,0.6839142939752005,50.0,0.0,0.88,0.12,0.0,0.0,0.0,0.0,1.0,1,1.1349017986264494,0.06214526739761052,0.572523191895507,9.674749543732268,0.0,0.0,,
AI4I,27,Weighted-Mondrian,27,0.040380926620678936,0.9561448240693524,0.6839142939752005,50.0,0.0,0.96,0.04,0.0,0.0,0.0,0.0,1.0,1,1.0180111452525773,0.08955764806522241,0.5939911319924059,7.6020849644524935,0.0,0.0,,
AI4I,27,Weighted-Mondrian,28,0.04761066779272205,0.9561448240693524,0.6839142939752005,50.0,1.0,0.92,0.08,0.0,0.0,1.0,1.0,1.0,1,1.0484735381096983,0.08130567664960288,0.5882208812682426,8.987547277543285,0.0,0.0,,
AI4I,27,Weighted-Mondrian,29,0.04761066779272205,0.9561448240693524,0.6839142939752005,50.0,1.0,0.84,0.16,0.0,0.0,1.0,1.0,0.9999687656171914,1,1.2553840436327433,0.05,0.60258368392265,11.809978432134224,0.001,0.0,,
AI4I,27,Weighted-Mondrian,30,0.06416493103802597,0.9561448240693524,0.6839142939752005,50.0,0.0,0.92,0.08,0.0,0.0,0.0,0.0,0.9970879689990723,1,1.5069550221078654,0.05,0.7202671718165673,17.99178677099271,0.01,0.0,,
AI4I,27,Weighted-Mondrian,31,0.06752165669577698,0.9561448240693524,0.6839142939752005,50.0,1.0,0.84,0.16,1.0,1.0,0.0,0.0,0.9925268939015742,1,1.606473355650738,0.05,0.8018887593201989,14.916398226111362,0.0015,0.0,,
AI4I,27,Weighted-Mondrian,32,0.05998682890061927,0.9561448240693524,0.6839142939752005,50.0,1.0,0.92,0.08,0.0,0.0,1.0,1.0,1.0,1,1.4306208212067077,0.05,0.6557214683886545,14.333322946223536,0.011,0.0,,
AI4I,27,Weighted-Mondrian,33,0.05867375005354921,0.9561448240693524,0.6839142939752005,50.0,6.0,0.6,0.4,0.0,0.0,6.0,1.0,1.0,1,1.4122551793848765,0.05,0.6448869424870487,16.03126517088861,0.008,0.0,,
AI4I,27,Weighted-Mondrian,34,0.06112945479013592,0.9561448240693524,0.6839142939752005,50.0,0.0,0.86,0.14,0.0,0.0,0.0,0.0,1.0,1,1.345933422067944,0.05,0.6292183975065198,13.375454472011201,0.0085,0.0,,
AI4I,27,Weighted-Mondrian,35,0.05689612179121308,0.9561448240693524,0.6839142939752005,50.0,2.0,0.92,0.08,0.0,0.0,2.0,1.0,1.0,1,1.2172552577282352,0.05,0.6039921655184183,12.737190254759502,0.003,0.0,,
AI4I,27,Weighted-Mondrian,36,0.06379532492234899,0.9561448240693524,0.6839142939752005,50.0,2.0,0.78,0.22,0.0,0.0,2.0,1.0,1.0,1,1.1436926205984133,0.06319331224802575,0.5830881321358508,11.396929955688575,0.0,0.0,,
AI4I,27,Weighted-Mondrian,37,0.04761066779272205,0.9561448240693524,0.6839142939752005,50.0,0.0,0.98,0.02,0.0,0.0,0.0,0.0,1.0,1,1.2900257174390959,0.05,0.6002856627045722,14.281071470058757,0.001,0.0,,
AI4I,27,Weighted-Mondrian,38,0.040380926620678936,0.9561448240693524,0.6839142939752005,50.0,0.0,0.94,0.06,0.0,0.0,0.0,0.0,1.0,1,1.1238077725962285,0.06958698185969908,0.5663839575795218,10.78358425742577,0.0,0.0,,
AI4I,27,Weighted-Mondrian,39,0.040380926620678936,0.9561448240693524,0.6839142939752005,50.0,1.0,0.9,0.1,0.0,0.0,1.0,1.0,1.0,1,1.1021560921956701,0.06393542369741675,0.5400475975059136,8.437429513423174,0.0,0.0,,
AI4I,27,Periodic-Rolling-CP,0,0.04761066779272205,0.9561448240693524,0.6839142939752005,50.0,1.0,0.72,0.28,0.0,0.0,1.0,1.0,0.9303690375709514,1,,,,,,,stable,5.0
AI4I,27,Periodic-Rolling-CP,1,0.04761066779272205,0.9561448240693524,0.6839142939752005,50.0,0.0,0.9,0.1,0.0,0.0,0.0,0.0,0.9053447408516196,1,,,,,,,stable,5.0
AI4I,27,Periodic-Rolling-CP,2,0.04761066779272205,0.9561448240693524,0.6839142939752005,50.0,1.0,0.8,0.2,1.0,1.0,0.0,0.0,0.9281729255492374,1,,,,,,,stable,5.0
AI4I,27,Periodic-Rolling-CP,3,0.04761066779272205,0.9561448240693524,0.6839142939752005,50.0,3.0,0.74,0.26,0.0,0.0,3.0,1.0,0.9930607033526163,1,,,,,,,stable,5.0
AI4I,27,Periodic-Rolling-CP,4,0.04761066779272205,0.9561448240693524,0.6839142939752005,50.0,1.0,0.78,0.22,0.0,0.0,1.0,1.0,1.0,1,,,,,,,stable,5.0
AI4I,27,Periodic-Rolling-CP,5,0.07555043840690899,0.9561448240693524,0.6839142939752005,50.0,0.0,0.8,0.2,0.0,0.0,0.0,0.0,1.0,1,,,,,,,rolling-calibration,5.0
AI4I,27,Periodic-Rolling-CP,6,0.0779685656999267,0.9561448240693524,0.6839142939752005,50.0,1.0,0.96,0.04,0.0,0.0,1.0,1.0,1.0,1,,,,,,,rolling-calibration,5.0
AI4I,27,Periodic-Rolling-CP,7,0.07814516237515937,0.9561448240693524,0.6839142939752005,50.0,2.0,0.84,0.16,0.0,0.0,2.0,1.0,1.0,1,,,,,,,rolling-calibration,5.0
AI4I,27,Periodic-Rolling-CP,8,0.07919531799369298,0.9561448240693524,0.6839142939752005,50.0,1.0,0.88,0.12,0.0,0.0,1.0,1.0,1.0,1,,,,,,,rolling-calibration,5.0
AI4I,27,Periodic-Rolling-CP,9,0.08034530677119174,0.9561448240693524,0.6839142939752005,50.0,0.0,0.94,0.06,0.0,0.0,0.0,0.0,1.0,1,,,,,,,rolling-calibration,5.0
AI4I,27,Periodic-Rolling-CP,10,0.08160672917821339,0.9561448240693524,0.6839142939752005,50.0,1.0,0.94,0.06,1.0,1.0,0.0,0.0,1.0,1,,,,,,,rolling-calibration,5.0
AI4I,27,Periodic-Rolling-CP,11,0.08232904208198323,0.9561448240693524,0.6839142939752005,50.0,1.0,0.94,0.06,0.0,0.0,1.0,1.0,1.0,1,,,,,,,rolling-calibration,5.0
AI4I,27,Periodic-Rolling-CP,12,0.08257464290048466,0.9561448240693524,0.6839142939752005,50.0,2.0,0.9,0.1,0.5,1.0,1.0,0.5,1.0,1,,,,,,,rolling-calibration,5.0
AI4I,27,Periodic-Rolling-CP,13,0.08339795743300384,0.9561448240693524,0.6839142939752005,50.0,1.0,0.98,0.02,0.0,0.0,1.0,1.0,1.0,1,,,,,,,rolling-calibration,5.0
AI4I,27,Periodic-Rolling-CP,14,0.08339795743300384,0.9561448240693524,0.6839142939752005,50.0,0.0,1.0,0.0,0.0,0.0,0.0,0.0,1.0,1,,,,,,,rolling-calibration,5.0
AI4I,27,Periodic-Rolling-CP,15,0.08339795743300384,0.9561448240693524,0.6839142939752005,50.0,0.0,0.98,0.02,0.0,0.0,0.0,0.0,1.0,1,,,,,,,rolling-calibration,5.0
AI4I,27,Periodic-Rolling-CP,16,0.08364182107937222,0.9561448240693524,0.6839142939752005,50.0,1.0,0.94,0.06,0.0,0.0,1.0,1.0,1.0,1,,,,,,,rolling-calibration,5.0
AI4I,27,Periodic-Rolling-CP,17,0.08378361616267226,0.9561448240693524,0.6839142939752005,50.0,0.0,0.98,0.02,0.0,0.0,0.0,0.0,1.0,1,,,,,,,rolling-calibration,5.0
AI4I,27,Periodic-Rolling-CP,18,0.08394029183328243,0.9561448240693524,0.6839142939752005,50.0,1.0,0.96,0.04,0.0,0.0,1.0,1.0,1.0,1,,,,,,,rolling-calibration,5.0
AI4I,27,Periodic-Rolling-CP,19,0.08395205540852597,0.9561448240693524,0.6839142939752005,50.0,0.0,0.98,0.02,0.0,0.0,0.0,0.0,1.0,1,,,,,,,rolling-calibration,5.0
AI4I,27,Periodic-Rolling-CP,20,0.08402066026706506,0.9561448240693524,0.6839142939752005,50.0,4.0,0.86,0.14,0.25,1.0,3.0,0.75,1.0,1,,,,,,,rolling-calibration,5.0
AI4I,27,Periodic-Rolling-CP,21,0.08574147195769484,0.9561448240693524,0.6839142939752005,50.0,1.0,0.96,0.04,0.0,0.0,1.0,1.0,1.0,1,,,,,,,rolling-calibration,5.0
AI4I,27,Periodic-Rolling-CP,22,0.0863683150286246,0.9561448240693524,0.6839142939752005,50.0,0.0,1.0,0.0,0.0,0.0,0.0,0.0,1.0,1,,,,,,,rolling-calibration,5.0
AI4I,27,Periodic-Rolling-CP,23,0.0863683150286246,0.9561448240693524,0.6839142939752005,50.0,2.0,0.94,0.06,0.5,1.0,1.0,0.5,1.0,1,,,,,,,rolling-calibration,5.0
AI4I,27,Periodic-Rolling-CP,24,0.08640415881332283,0.9561448240693524,0.6839142939752005,50.0,0.0,0.96,0.04,0.0,0.0,0.0,0.0,1.0,1,,,,,,,rolling-calibration,5.0
AI4I,27,Periodic-Rolling-CP,25,0.08786346795733789,0.9561448240693524,0.6839142939752005,50.0,0.0,0.96,0.04,0.0,0.0,0.0,0.0,1.0,1,,,,,,,rolling-calibration,5.0
AI4I,27,Periodic-Rolling-CP,26,0.08846547120986016,0.9561448240693524,0.6839142939752005,50.0,0.0,0.96,0.04,0.0,0.0,0.0,0.0,1.0,1,,,,,,,rolling-calibration,5.0
AI4I,27,Periodic-Rolling-CP,27,0.08967581516522688,0.9561448240693524,0.6839142939752005,50.0,0.0,1.0,0.0,0.0,0.0,0.0,0.0,1.0,1,,,,,,,rolling-calibration,5.0
AI4I,27,Periodic-Rolling-CP,28,0.08967581516522688,0.9561448240693524,0.6839142939752005,50.0,1.0,0.98,0.02,0.0,0.0,1.0,1.0,1.0,1,,,,,,,rolling-calibration,5.0
AI4I,27,Periodic-Rolling-CP,29,0.08967581516522688,0.9561448240693524,0.6839142939752005,50.0,1.0,0.92,0.08,0.0,0.0,1.0,1.0,0.9999687656171914,1,,,,,,,rolling-calibration,5.0
AI4I,27,Periodic-Rolling-CP,30,0.09072302224139721,0.9561448240693524,0.6839142939752005,50.0,0.0,0.98,0.02,0.0,0.0,0.0,0.0,0.9970879689990723,1,,,,,,,rolling-calibration,5.0
AI4I,27,Periodic-Rolling-CP,31,0.09108488114320039,0.9561448240693524,0.6839142939752005,50.0,1.0,0.98,0.02,1.0,1.0,0.0,0.0,0.9925268939015742,1,,,,,,,rolling-calibration,5.0
AI4I,27,Periodic-Rolling-CP,32,0.09122989405503334,0.9561448240693524,0.6839142939752005,50.0,1.0,0.98,0.02,0.0,0.0,1.0,1.0,1.0,1,,,,,,,rolling-calibration,5.0
AI4I,27,Periodic-Rolling-CP,33,0.09122989405503334,0.9561448240693524,0.6839142939752005,50.0,6.0,0.68,0.32,0.0,0.0,6.0,1.0,1.0,1,,,,,,,rolling-calibration,5.0
AI4I,27,Periodic-Rolling-CP,34,0.09501007112260856,0.9561448240693524,0.6839142939752005,50.0,0.0,0.96,0.04,0.0,0.0,0.0,0.0,1.0,1,,,,,,,rolling-calibration,5.0
AI4I,27,Periodic-Rolling-CP,35,0.09635619043495197,0.9561448240693524,0.6839142939752005,50.0,2.0,0.96,0.04,0.0,0.0,2.0,1.0,1.0,1,,,,,,,rolling-calibration,5.0
AI4I,27,Periodic-Rolling-CP,36,0.09635619043495197,0.9561448240693524,0.6839142939752005,50.0,2.0,0.86,0.14,0.0,0.0,2.0,1.0,1.0,1,,,,,,,rolling-calibration,5.0
AI4I,27,Periodic-Rolling-CP,37,0.09809870741472942,0.9561448240693524,0.6839142939752005,50.0,0.0,0.98,0.02,0.0,0.0,0.0,0.0,1.0,1,,,,,,,rolling-calibration,5.0
AI4I,27,Periodic-Rolling-CP,38,0.09809870741472942,0.9561448240693524,0.6839142939752005,50.0,0.0,0.96,0.04,0.0,0.0,0.0,0.0,1.0,1,,,,,,,rolling-calibration,5.0
AI4I,27,Periodic-Rolling-CP,39,0.09859565697918228,0.9561448240693524,0.6839142939752005,50.0,1.0,0.98,0.02,0.0,0.0,1.0,1.0,1.0,1,,,,,,,rolling-calibration,5.0
AI4I,27,DTCG-Proposed,0,0.0,0.9561448240693524,0.6839142939752005,50.0,1.0,0.0,1.0,0.0,0.0,1.0,1.0,0.9303690375709514,1,,,,,,,first-shift-hold,5.0
AI4I,27,DTCG-Proposed,1,0.04761066779272205,0.9561448240693524,0.6839142939752005,50.0,0.0,0.9,0.1,0.0,0.0,0.0,0.0,0.9053447408516196,1,,,,,,,shifted-base-calibration,5.0
AI4I,27,DTCG-Proposed,2,0.04761066779272205,0.9561448240693524,0.6839142939752005,50.0,1.0,0.8,0.2,1.0,1.0,0.0,0.0,0.9281729255492374,1,,,,,,,shifted-base-calibration,5.0
AI4I,27,DTCG-Proposed,3,0.04761066779272205,0.9561448240693524,0.6839142939752005,50.0,3.0,0.74,0.26,0.0,0.0,3.0,1.0,0.9930607033526163,1,,,,,,,shifted-base-calibration,5.0
AI4I,27,DTCG-Proposed,4,0.04761066779272205,0.9561448240693524,0.6839142939752005,50.0,1.0,0.78,0.22,0.0,0.0,1.0,1.0,1.0,1,,,,,,,shifted-base-calibration,5.0
AI4I,27,DTCG-Proposed,5,0.04761066779272205,0.9561448240693524,0.6839142939752005,50.0,0.0,0.74,0.26,0.0,0.0,0.0,0.0,1.0,1,,,,,,,shifted-rolling-calibration,5.0
AI4I,27,DTCG-Proposed,6,0.04761066779272205,0.9561448240693524,0.6839142939752005,50.0,1.0,0.9,0.1,0.0,0.0,1.0,1.0,1.0,1,,,,,,,shifted-rolling-calibration,5.0
AI4I,27,DTCG-Proposed,7,0.04761066779272205,0.9561448240693524,0.6839142939752005,50.0,2.0,0.8,0.2,0.0,0.0,2.0,1.0,1.0,1,,,,,,,shifted-rolling-calibration,5.0
AI4I,27,DTCG-Proposed,8,0.04761066779272205,0.9561448240693524,0.6839142939752005,50.0,1.0,0.86,0.14,0.0,0.0,1.0,1.0,1.0,1,,,,,,,shifted-rolling-calibration,5.0
AI4I,27,DTCG-Proposed,9,0.04761066779272205,0.9561448240693524,0.6839142939752005,50.0,0.0,0.92,0.08,0.0,0.0,0.0,0.0,1.0,1,,,,,,,shifted-rolling-calibration,5.0
AI4I,27,DTCG-Proposed,10,0.04761066779272205,0.9561448240693524,0.6839142939752005,50.0,1.0,0.94,0.06,1.0,1.0,0.0,0.0,1.0,1,,,,,,,shifted-rolling-calibration,5.0
AI4I,27,DTCG-Proposed,11,0.04761066779272205,0.9561448240693524,0.6839142939752005,50.0,1.0,0.94,0.06,0.0,0.0,1.0,1.0,1.0,1,,,,,,,shifted-rolling-calibration,5.0
AI4I,27,DTCG-Proposed,12,0.04761066779272205,0.9561448240693524,0.6839142939752005,50.0,2.0,0.86,0.14,0.5,1.0,1.0,0.5,1.0,1,,,,,,,shifted-rolling-calibration,5.0
AI4I,27,DTCG-Proposed,13,0.04761066779272205,0.9561448240693524,0.6839142939752005,50.0,1.0,0.96,0.04,0.0,0.0,1.0,1.0,1.0,1,,,,,,,shifted-rolling-calibration,5.0
AI4I,27,DTCG-Proposed,14,0.04761066779272205,0.9561448240693524,0.6839142939752005,50.0,0.0,0.98,0.02,0.0,0.0,0.0,0.0,1.0,1,,,,,,,shifted-rolling-calibration,5.0
AI4I,27,DTCG-Proposed,15,0.04761066779272205,0.9561448240693524,0.6839142939752005,50.0,0.0,0.92,0.08,0.0,0.0,0.0,0.0,1.0,1,,,,,,,shifted-rolling-calibration,5.0
AI4I,27,DTCG-Proposed,16,0.04761066779272205,0.9561448240693524,0.6839142939752005,50.0,1.0,0.92,0.08,0.0,0.0,1.0,1.0,1.0,1,,,,,,,shifted-rolling-calibration,5.0
AI4I,27,DTCG-Proposed,17,0.04761066779272205,0.9561448240693524,0.6839142939752005,50.0,0.0,0.98,0.02,0.0,0.0,0.0,0.0,1.0,1,,,,,,,shifted-rolling-calibration,5.0
AI4I,27,DTCG-Proposed,18,0.04761066779272205,0.9561448240693524,0.6839142939752005,50.0,1.0,0.94,0.06,0.0,0.0,1.0,1.0,1.0,1,,,,,,,shifted-rolling-calibration,5.0
AI4I,27,DTCG-Proposed,19,0.04761066779272205,0.9561448240693524,0.6839142939752005,50.0,0.0,0.94,0.06,0.0,0.0,0.0,0.0,1.0,1,,,,,,,shifted-rolling-calibration,5.0
AI4I,27,DTCG-Proposed,20,0.04761066779272205,0.9561448240693524,0.6839142939752005,50.0,4.0,0.86,0.14,0.25,1.0,3.0,0.75,1.0,1,,,,,,,shifted-rolling-calibration,5.0
AI4I,27,DTCG-Proposed,21,0.04761066779272205,0.9561448240693524,0.6839142939752005,50.0,1.0,0.96,0.04,0.0,0.0,1.0,1.0,1.0,1,,,,,,,shifted-rolling-calibration,5.0
AI4I,27,DTCG-Proposed,22,0.04761066779272205,0.9561448240693524,0.6839142939752005,50.0,0.0,1.0,0.0,0.0,0.0,0.0,0.0,1.0,1,,,,,,,shifted-rolling-calibration,5.0
AI4I,27,DTCG-Proposed,23,0.04761066779272205,0.9561448240693524,0.6839142939752005,50.0,2.0,0.94,0.06,0.5,1.0,1.0,0.5,1.0,1,,,,,,,shifted-rolling-calibration,5.0
AI4I,27,DTCG-Proposed,24,0.04761066779272205,0.9561448240693524,0.6839142939752005,50.0,0.0,0.96,0.04,0.0,0.0,0.0,0.0,1.0,1,,,,,,,shifted-rolling-calibration,5.0
AI4I,27,DTCG-Proposed,25,0.04761066779272205,0.9561448240693524,0.6839142939752005,50.0,0.0,0.96,0.04,0.0,0.0,0.0,0.0,1.0,1,,,,,,,shifted-rolling-calibration,5.0
AI4I,27,DTCG-Proposed,26,0.04761066779272205,0.9561448240693524,0.6839142939752005,50.0,0.0,0.9,0.1,0.0,0.0,0.0,0.0,1.0,1,,,,,,,shifted-rolling-calibration,5.0
AI4I,27,DTCG-Proposed,27,0.04761066779272205,0.9561448240693524,0.6839142939752005,50.0,0.0,0.98,0.02,0.0,0.0,0.0,0.0,1.0,1,,,,,,,shifted-rolling-calibration,5.0
AI4I,27,DTCG-Proposed,28,0.04761066779272205,0.9561448240693524,0.6839142939752005,50.0,1.0,0.92,0.08,0.0,0.0,1.0,1.0,1.0,1,,,,,,,shifted-rolling-calibration,5.0
AI4I,27,DTCG-Proposed,29,0.04761066779272205,0.9561448240693524,0.6839142939752005,50.0,1.0,0.84,0.16,0.0,0.0,1.0,1.0,0.9999687656171914,1,,,,,,,shifted-rolling-calibration,5.0
AI4I,27,DTCG-Proposed,30,0.04761066779272205,0.9561448240693524,0.6839142939752005,50.0,0.0,0.9,0.1,0.0,0.0,0.0,0.0,0.9970879689990723,1,,,,,,,shifted-rolling-calibration,5.0
AI4I,27,DTCG-Proposed,31,0.04761066779272205,0.9561448240693524,0.6839142939752005,50.0,1.0,0.8,0.2,1.0,1.0,0.0,0.0,0.9925268939015742,1,,,,,,,shifted-rolling-calibration,5.0
AI4I,27,DTCG-Proposed,32,0.04761066779272205,0.9561448240693524,0.6839142939752005,50.0,1.0,0.9,0.1,0.0,0.0,1.0,1.0,1.0,1,,,,,,,shifted-rolling-calibration,5.0
AI4I,27,DTCG-Proposed,33,0.04761066779272205,0.9561448240693524,0.6839142939752005,50.0,6.0,0.56,0.44,0.0,0.0,6.0,1.0,1.0,1,,,,,,,shifted-rolling-calibration,5.0
AI4I,27,DTCG-Proposed,34,0.04761066779272205,0.9561448240693524,0.6839142939752005,50.0,0.0,0.86,0.14,0.0,0.0,0.0,0.0,1.0,1,,,,,,,shifted-rolling-calibration,5.0
AI4I,27,DTCG-Proposed,35,0.04761066779272205,0.9561448240693524,0.6839142939752005,50.0,2.0,0.92,0.08,0.0,0.0,2.0,1.0,1.0,1,,,,,,,shifted-rolling-calibration,5.0
AI4I,27,DTCG-Proposed,36,0.04761066779272205,0.9561448240693524,0.6839142939752005,50.0,2.0,0.76,0.24,0.0,0.0,2.0,1.0,1.0,1,,,,,,,shifted-rolling-calibration,5.0
AI4I,27,DTCG-Proposed,37,0.04761066779272205,0.9561448240693524,0.6839142939752005,50.0,0.0,0.98,0.02,0.0,0.0,0.0,0.0,1.0,1,,,,,,,shifted-rolling-calibration,5.0
AI4I,27,DTCG-Proposed,38,0.04761066779272205,0.9561448240693524,0.6839142939752005,50.0,0.0,0.96,0.04,0.0,0.0,0.0,0.0,1.0,1,,,,,,,shifted-rolling-calibration,5.0
AI4I,27,DTCG-Proposed,39,0.04761066779272205,0.9561448240693524,0.6839142939752005,50.0,1.0,0.94,0.06,0.0,0.0,1.0,1.0,1.0,1,,,,,,,shifted-rolling-calibration,5.0
AI4I,37,Probability-0.5,0,0.5,0.953130924829038,0.6947760139744521,50.0,1.0,0.98,0.02,1.0,1.0,0.0,0.0,0.9326966915323472,1,,,,,,,,
AI4I,37,Probability-0.5,1,0.5,0.953130924829038,0.6947760139744521,50.0,0.0,1.0,0.0,0.0,0.0,0.0,0.0,0.8766365194456296,1,,,,,,,,
AI4I,37,Probability-0.5,2,0.5,0.953130924829038,0.6947760139744521,50.0,1.0,1.0,0.0,1.0,1.0,0.0,0.0,0.9340422473359681,1,,,,,,,,
AI4I,37,Probability-0.5,3,0.5,0.953130924829038,0.6947760139744521,50.0,3.0,0.96,0.04,0.3333333333333333,1.0,2.0,0.6666666666666666,0.992996275886081,1,,,,,,,,
AI4I,37,Probability-0.5,4,0.5,0.953130924829038,0.6947760139744521,50.0,1.0,0.98,0.02,0.0,0.0,1.0,1.0,1.0,1,,,,,,,,
AI4I,37,Probability-0.5,5,0.5,0.953130924829038,0.6947760139744521,50.0,0.0,1.0,0.0,0.0,0.0,0.0,0.0,1.0,1,,,,,,,,
AI4I,37,Probability-0.5,6,0.5,0.953130924829038,0.6947760139744521,50.0,1.0,0.98,0.02,0.0,0.0,1.0,1.0,1.0,1,,,,,,,,
AI4I,37,Probability-0.5,7,0.5,0.953130924829038,0.6947760139744521,50.0,2.0,0.98,0.02,0.5,1.0,1.0,0.5,1.0,1,,,,,,,,
AI4I,37,Probability-0.5,8,0.5,0.953130924829038,0.6947760139744521,50.0,1.0,0.98,0.02,0.0,0.0,1.0,1.0,1.0,1,,,,,,,,
AI4I,37,Probability-0.5,9,0.5,0.953130924829038,0.6947760139744521,50.0,0.0,1.0,0.0,0.0,0.0,0.0,0.0,1.0,1,,,,,,,,
AI4I,37,Probability-0.5,10,0.5,0.953130924829038,0.6947760139744521,50.0,1.0,1.0,0.0,1.0,1.0,0.0,0.0,1.0,1,,,,,,,,
AI4I,37,Probability-0.5,11,0.5,0.953130924829038,0.6947760139744521,50.0,1.0,0.98,0.02,0.0,0.0,1.0,1.0,1.0,1,,,,,,,,
AI4I,37,Probability-0.5,12,0.5,0.953130924829038,0.6947760139744521,50.0,2.0,0.96,0.04,0.5,1.0,1.0,0.5,1.0,1,,,,,,,,
AI4I,37,Probability-0.5,13,0.5,0.953130924829038,0.6947760139744521,50.0,1.0,1.0,0.0,1.0,1.0,0.0,0.0,1.0,1,,,,,,,,
AI4I,37,Probability-0.5,14,0.5,0.953130924829038,0.6947760139744521,50.0,0.0,1.0,0.0,0.0,0.0,0.0,0.0,1.0,1,,,,,,,,
AI4I,37,Probability-0.5,15,0.5,0.953130924829038,0.6947760139744521,50.0,0.0,1.0,0.0,0.0,0.0,0.0,0.0,1.0,1,,,,,,,,
AI4I,37,Probability-0.5,16,0.5,0.953130924829038,0.6947760139744521,50.0,1.0,1.0,0.0,1.0,1.0,0.0,0.0,1.0,1,,,,,,,,
AI4I,37,Probability-0.5,17,0.5,0.953130924829038,0.6947760139744521,50.0,0.0,0.98,0.02,0.0,0.0,0.0,0.0,1.0,1,,,,,,,,
AI4I,37,Probability-0.5,18,0.5,0.953130924829038,0.6947760139744521,50.0,1.0,1.0,0.0,1.0,1.0,0.0,0.0,1.0,1,,,,,,,,
AI4I,37,Probability-0.5,19,0.5,0.953130924829038,0.6947760139744521,50.0,0.0,1.0,0.0,0.0,0.0,0.0,0.0,1.0,1,,,,,,,,
AI4I,37,Probability-0.5,20,0.5,0.953130924829038,0.6947760139744521,50.0,4.0,0.98,0.02,0.75,3.0,1.0,0.25,1.0,1,,,,,,,,
AI4I,37,Probability-0.5,21,0.5,0.953130924829038,0.6947760139744521,50.0,1.0,0.98,0.02,0.0,0.0,1.0,1.0,1.0,1,,,,,,,,
AI4I,37,Probability-0.5,22,0.5,0.953130924829038,0.6947760139744521,50.0,0.0,1.0,0.0,0.0,0.0,0.0,0.0,1.0,1,,,,,,,,
AI4I,37,Probability-0.5,23,0.5,0.953130924829038,0.6947760139744521,50.0,2.0,1.0,0.0,1.0,2.0,0.0,0.0,1.0,1,,,,,,,,
AI4I,37,Probability-0.5,24,0.5,0.953130924829038,0.6947760139744521,50.0,0.0,1.0,0.0,0.0,0.0,0.0,0.0,1.0,1,,,,,,,,
AI4I,37,Probability-0.5,25,0.5,0.953130924829038,0.6947760139744521,50.0,0.0,1.0,0.0,0.0,0.0,0.0,0.0,1.0,1,,,,,,,,
AI4I,37,Probability-0.5,26,0.5,0.953130924829038,0.6947760139744521,50.0,0.0,1.0,0.0,0.0,0.0,0.0,0.0,1.0,1,,,,,,,,
AI4I,37,Probability-0.5,27,0.5,0.953130924829038,0.6947760139744521,50.0,0.0,1.0,0.0,0.0,0.0,0.0,0.0,1.0,1,,,,,,,,
AI4I,37,Probability-0.5,28,0.5,0.953130924829038,0.6947760139744521,50.0,1.0,0.98,0.02,0.0,0.0,1.0,1.0,1.0,1,,,,,,,,
AI4I,37,Probability-0.5,29,0.5,0.953130924829038,0.6947760139744521,50.0,1.0,0.98,0.02,0.0,0.0,1.0,1.0,0.9999687656171914,1,,,,,,,,
AI4I,37,Probability-0.5,30,0.5,0.953130924829038,0.6947760139744521,50.0,0.0,1.0,0.0,0.0,0.0,0.0,0.0,0.9964701616247167,1,,,,,,,,
AI4I,37,Probability-0.5,31,0.5,0.953130924829038,0.6947760139744521,50.0,1.0,1.0,0.0,1.0,1.0,0.0,0.0,0.993503496661844,1,,,,,,,,
AI4I,37,Probability-0.5,32,0.5,0.953130924829038,0.6947760139744521,50.0,1.0,1.0,0.0,1.0,1.0,0.0,0.0,1.0,1,,,,,,,,
AI4I,37,Probability-0.5,33,0.5,0.953130924829038,0.6947760139744521,50.0,6.0,0.9,0.1,0.16666666666666666,1.0,5.0,0.8333333333333334,1.0,1,,,,,,,,
AI4I,37,Probability-0.5,34,0.5,0.953130924829038,0.6947760139744521,50.0,0.0,1.0,0.0,0.0,0.0,0.0,0.0,1.0,1,,,,,,,,
AI4I,37,Probability-0.5,35,0.5,0.953130924829038,0.6947760139744521,50.0,2.0,0.98,0.02,0.5,1.0,1.0,0.5,1.0,1,,,,,,,,
AI4I,37,Probability-0.5,36,0.5,0.953130924829038,0.6947760139744521,50.0,2.0,0.98,0.02,0.5,1.0,1.0,0.5,1.0,1,,,,,,,,
AI4I,37,Probability-0.5,37,0.5,0.953130924829038,0.6947760139744521,50.0,0.0,1.0,0.0,0.0,0.0,0.0,0.0,1.0,1,,,,,,,,
AI4I,37,Probability-0.5,38,0.5,0.953130924829038,0.6947760139744521,50.0,0.0,0.98,0.02,0.0,0.0,0.0,0.0,1.0,1,,,,,,,,
AI4I,37,Probability-0.5,39,0.5,0.953130924829038,0.6947760139744521,50.0,1.0,0.98,0.02,0.0,0.0,1.0,1.0,1.0,1,,,,,,,,
AI4I,37,Global-CP,0,0.08426668022753629,0.953130924829038,0.6947760139744521,50.0,1.0,0.86,0.14,0.0,0.0,1.0,1.0,0.9326966915323472,1,,,,,,,,
AI4I,37,Global-CP,1,0.08426668022753629,0.953130924829038,0.6947760139744521,50.0,0.0,0.98,0.02,0.0,0.0,0.0,0.0,0.8766365194456296,1,,,,,,,,
AI4I,37,Global-CP,2,0.08426668022753629,0.953130924829038,0.6947760139744521,50.0,1.0,0.88,0.12,1.0,1.0,0.0,0.0,0.9340422473359681,1,,,,,,,,
AI4I,37,Global-CP,3,0.08426668022753629,0.953130924829038,0.6947760139744521,50.0,3.0,0.82,0.18,0.0,0.0,3.0,1.0,0.992996275886081,1,,,,,,,,
AI4I,37,Global-CP,4,0.08426668022753629,0.953130924829038,0.6947760139744521,50.0,1.0,0.86,0.14,0.0,0.0,1.0,1.0,1.0,1,,,,,,,,
AI4I,37,Global-CP,5,0.08426668022753629,0.953130924829038,0.6947760139744521,50.0,0.0,0.86,0.14,0.0,0.0,0.0,0.0,1.0,1,,,,,,,,
AI4I,37,Global-CP,6,0.08426668022753629,0.953130924829038,0.6947760139744521,50.0,1.0,0.98,0.02,0.0,0.0,1.0,1.0,1.0,1,,,,,,,,
AI4I,37,Global-CP,7,0.08426668022753629,0.953130924829038,0.6947760139744521,50.0,2.0,0.86,0.14,0.5,1.0,1.0,0.5,1.0,1,,,,,,,,
AI4I,37,Global-CP,8,0.08426668022753629,0.953130924829038,0.6947760139744521,50.0,1.0,0.88,0.12,0.0,0.0,1.0,1.0,1.0,1,,,,,,,,
AI4I,37,Global-CP,9,0.08426668022753629,0.953130924829038,0.6947760139744521,50.0,0.0,0.94,0.06,0.0,0.0,0.0,0.0,1.0,1,,,,,,,,
AI4I,37,Global-CP,10,0.08426668022753629,0.953130924829038,0.6947760139744521,50.0,1.0,0.94,0.06,1.0,1.0,0.0,0.0,1.0,1,,,,,,,,
AI4I,37,Global-CP,11,0.08426668022753629,0.953130924829038,0.6947760139744521,50.0,1.0,0.94,0.06,0.0,0.0,1.0,1.0,1.0,1,,,,,,,,
AI4I,37,Global-CP,12,0.08426668022753629,0.953130924829038,0.6947760139744521,50.0,2.0,0.9,0.1,0.5,1.0,1.0,0.5,1.0,1,,,,,,,,
AI4I,37,Global-CP,13,0.08426668022753629,0.953130924829038,0.6947760139744521,50.0,1.0,0.98,0.02,0.0,0.0,1.0,1.0,1.0,1,,,,,,,,
AI4I,37,Global-CP,14,0.08426668022753629,0.953130924829038,0.6947760139744521,50.0,0.0,1.0,0.0,0.0,0.0,0.0,0.0,1.0,1,,,,,,,,
AI4I,37,Global-CP,15,0.08426668022753629,0.953130924829038,0.6947760139744521,50.0,0.0,0.98,0.02,0.0,0.0,0.0,0.0,1.0,1,,,,,,,,
AI4I,37,Global-CP,16,0.08426668022753629,0.953130924829038,0.6947760139744521,50.0,1.0,0.92,0.08,0.0,0.0,1.0,1.0,1.0,1,,,,,,,,
AI4I,37,Global-CP,17,0.08426668022753629,0.953130924829038,0.6947760139744521,50.0,0.0,0.98,0.02,0.0,0.0,0.0,0.0,1.0,1,,,,,,,,
AI4I,37,Global-CP,18,0.08426668022753629,0.953130924829038,0.6947760139744521,50.0,1.0,0.96,0.04,0.0,0.0,1.0,1.0,1.0,1,,,,,,,,
AI4I,37,Global-CP,19,0.08426668022753629,0.953130924829038,0.6947760139744521,50.0,0.0,0.98,0.02,0.0,0.0,0.0,0.0,1.0,1,,,,,,,,
AI4I,37,Global-CP,20,0.08426668022753629,0.953130924829038,0.6947760139744521,50.0,4.0,0.86,0.14,0.25,1.0,3.0,0.75,1.0,1,,,,,,,,
AI4I,37,Global-CP,21,0.08426668022753629,0.953130924829038,0.6947760139744521,50.0,1.0,0.96,0.04,0.0,0.0,1.0,1.0,1.0,1,,,,,,,,
AI4I,37,Global-CP,22,0.08426668022753629,0.953130924829038,0.6947760139744521,50.0,0.0,1.0,0.0,0.0,0.0,0.0,0.0,1.0,1,,,,,,,,
AI4I,37,Global-CP,23,0.08426668022753629,0.953130924829038,0.6947760139744521,50.0,2.0,0.94,0.06,0.5,1.0,1.0,0.5,1.0,1,,,,,,,,
AI4I,37,Global-CP,24,0.08426668022753629,0.953130924829038,0.6947760139744521,50.0,0.0,0.96,0.04,0.0,0.0,0.0,0.0,1.0,1,,,,,,,,
AI4I,37,Global-CP,25,0.08426668022753629,0.953130924829038,0.6947760139744521,50.0,0.0,0.96,0.04,0.0,0.0,0.0,0.0,1.0,1,,,,,,,,
AI4I,37,Global-CP,26,0.08426668022753629,0.953130924829038,0.6947760139744521,50.0,0.0,0.96,0.04,0.0,0.0,0.0,0.0,1.0,1,,,,,,,,
AI4I,37,Global-CP,27,0.08426668022753629,0.953130924829038,0.6947760139744521,50.0,0.0,1.0,0.0,0.0,0.0,0.0,0.0,1.0,1,,,,,,,,
AI4I,37,Global-CP,28,0.08426668022753629,0.953130924829038,0.6947760139744521,50.0,1.0,0.98,0.02,0.0,0.0,1.0,1.0,1.0,1,,,,,,,,
AI4I,37,Global-CP,29,0.08426668022753629,0.953130924829038,0.6947760139744521,50.0,1.0,0.9,0.1,0.0,0.0,1.0,1.0,0.9999687656171914,1,,,,,,,,
AI4I,37,Global-CP,30,0.08426668022753629,0.953130924829038,0.6947760139744521,50.0,0.0,0.96,0.04,0.0,0.0,0.0,0.0,0.9964701616247167,1,,,,,,,,
AI4I,37,Global-CP,31,0.08426668022753629,0.953130924829038,0.6947760139744521,50.0,1.0,0.96,0.04,1.0,1.0,0.0,0.0,0.993503496661844,1,,,,,,,,
AI4I,37,Global-CP,32,0.08426668022753629,0.953130924829038,0.6947760139744521,50.0,1.0,0.96,0.04,0.0,0.0,1.0,1.0,1.0,1,,,,,,,,
AI4I,37,Global-CP,33,0.08426668022753629,0.953130924829038,0.6947760139744521,50.0,6.0,0.68,0.32,0.0,0.0,6.0,1.0,1.0,1,,,,,,,,
AI4I,37,Global-CP,34,0.08426668022753629,0.953130924829038,0.6947760139744521,50.0,0.0,0.94,0.06,0.0,0.0,0.0,0.0,1.0,1,,,,,,,,
AI4I,37,Global-CP,35,0.08426668022753629,0.953130924829038,0.6947760139744521,50.0,2.0,0.94,0.06,0.0,0.0,2.0,1.0,1.0,1,,,,,,,,
AI4I,37,Global-CP,36,0.08426668022753629,0.953130924829038,0.6947760139744521,50.0,2.0,0.8,0.2,0.0,0.0,2.0,1.0,1.0,1,,,,,,,,
AI4I,37,Global-CP,37,0.08426668022753629,0.953130924829038,0.6947760139744521,50.0,0.0,0.98,0.02,0.0,0.0,0.0,0.0,1.0,1,,,,,,,,
AI4I,37,Global-CP,38,0.08426668022753629,0.953130924829038,0.6947760139744521,50.0,0.0,0.96,0.04,0.0,0.0,0.0,0.0,1.0,1,,,,,,,,
AI4I,37,Global-CP,39,0.08426668022753629,0.953130924829038,0.6947760139744521,50.0,1.0,0.98,0.02,0.0,0.0,1.0,1.0,1.0,1,,,,,,,,
AI4I,37,Mondrian-CP,0,0.07000922341303228,0.953130924829038,0.6947760139744521,50.0,1.0,0.84,0.16,0.0,0.0,1.0,1.0,0.9326966915323472,1,,,,,,,,
AI4I,37,Mondrian-CP,1,0.07000922341303228,0.953130924829038,0.6947760139744521,50.0,0.0,0.94,0.06,0.0,0.0,0.0,0.0,0.8766365194456296,1,,,,,,,,
AI4I,37,Mondrian-CP,2,0.07000922341303228,0.953130924829038,0.6947760139744521,50.0,1.0,0.88,0.12,1.0,1.0,0.0,0.0,0.9340422473359681,1,,,,,,,,
AI4I,37,Mondrian-CP,3,0.07000922341303228,0.953130924829038,0.6947760139744521,50.0,3.0,0.78,0.22,0.0,0.0,3.0,1.0,0.992996275886081,1,,,,,,,,
AI4I,37,Mondrian-CP,4,0.07000922341303228,0.953130924829038,0.6947760139744521,50.0,1.0,0.86,0.14,0.0,0.0,1.0,1.0,1.0,1,,,,,,,,
AI4I,37,Mondrian-CP,5,0.07000922341303228,0.953130924829038,0.6947760139744521,50.0,0.0,0.78,0.22,0.0,0.0,0.0,0.0,1.0,1,,,,,,,,
AI4I,37,Mondrian-CP,6,0.07000922341303228,0.953130924829038,0.6947760139744521,50.0,1.0,0.94,0.06,0.0,0.0,1.0,1.0,1.0,1,,,,,,,,
AI4I,37,Mondrian-CP,7,0.07000922341303228,0.953130924829038,0.6947760139744521,50.0,2.0,0.84,0.16,0.0,0.0,2.0,1.0,1.0,1,,,,,,,,
AI4I,37,Mondrian-CP,8,0.07000922341303228,0.953130924829038,0.6947760139744521,50.0,1.0,0.88,0.12,0.0,0.0,1.0,1.0,1.0,1,,,,,,,,
AI4I,37,Mondrian-CP,9,0.07000922341303228,0.953130924829038,0.6947760139744521,50.0,0.0,0.92,0.08,0.0,0.0,0.0,0.0,1.0,1,,,,,,,,
AI4I,37,Mondrian-CP,10,0.07000922341303228,0.953130924829038,0.6947760139744521,50.0,1.0,0.94,0.06,1.0,1.0,0.0,0.0,1.0,1,,,,,,,,
AI4I,37,Mondrian-CP,11,0.07000922341303228,0.953130924829038,0.6947760139744521,50.0,1.0,0.94,0.06,0.0,0.0,1.0,1.0,1.0,1,,,,,,,,
AI4I,37,Mondrian-CP,12,0.07000922341303228,0.953130924829038,0.6947760139744521,50.0,2.0,0.9,0.1,0.5,1.0,1.0,0.5,1.0,1,,,,,,,,
AI4I,37,Mondrian-CP,13,0.07000922341303228,0.953130924829038,0.6947760139744521,50.0,1.0,0.96,0.04,0.0,0.0,1.0,1.0,1.0,1,,,,,,,,
AI4I,37,Mondrian-CP,14,0.07000922341303228,0.953130924829038,0.6947760139744521,50.0,0.0,1.0,0.0,0.0,0.0,0.0,0.0,1.0,1,,,,,,,,
AI4I,37,Mondrian-CP,15,0.07000922341303228,0.953130924829038,0.6947760139744521,50.0,0.0,0.98,0.02,0.0,0.0,0.0,0.0,1.0,1,,,,,,,,
AI4I,37,Mondrian-CP,16,0.07000922341303228,0.953130924829038,0.6947760139744521,50.0,1.0,0.92,0.08,0.0,0.0,1.0,1.0,1.0,1,,,,,,,,
AI4I,37,Mondrian-CP,17,0.07000922341303228,0.953130924829038,0.6947760139744521,50.0,0.0,0.98,0.02,0.0,0.0,0.0,0.0,1.0,1,,,,,,,,
AI4I,37,Mondrian-CP,18,0.07000922341303228,0.953130924829038,0.6947760139744521,50.0,1.0,0.96,0.04,0.0,0.0,1.0,1.0,1.0,1,,,,,,,,
AI4I,37,Mondrian-CP,19,0.07000922341303228,0.953130924829038,0.6947760139744521,50.0,0.0,0.98,0.02,0.0,0.0,0.0,0.0,1.0,1,,,,,,,,
AI4I,37,Mondrian-CP,20,0.07000922341303228,0.953130924829038,0.6947760139744521,50.0,4.0,0.86,0.14,0.25,1.0,3.0,0.75,1.0,1,,,,,,,,
AI4I,37,Mondrian-CP,21,0.07000922341303228,0.953130924829038,0.6947760139744521,50.0,1.0,0.96,0.04,0.0,0.0,1.0,1.0,1.0,1,,,,,,,,
AI4I,37,Mondrian-CP,22,0.07000922341303228,0.953130924829038,0.6947760139744521,50.0,0.0,1.0,0.0,0.0,0.0,0.0,0.0,1.0,1,,,,,,,,
AI4I,37,Mondrian-CP,23,0.07000922341303228,0.953130924829038,0.6947760139744521,50.0,2.0,0.94,0.06,0.5,1.0,1.0,0.5,1.0,1,,,,,,,,
AI4I,37,Mondrian-CP,24,0.07000922341303228,0.953130924829038,0.6947760139744521,50.0,0.0,0.96,0.04,0.0,0.0,0.0,0.0,1.0,1,,,,,,,,
AI4I,37,Mondrian-CP,25,0.07000922341303228,0.953130924829038,0.6947760139744521,50.0,0.0,0.96,0.04,0.0,0.0,0.0,0.0,1.0,1,,,,,,,,
AI4I,37,Mondrian-CP,26,0.07000922341303228,0.953130924829038,0.6947760139744521,50.0,0.0,0.96,0.04,0.0,0.0,0.0,0.0,1.0,1,,,,,,,,
AI4I,37,Mondrian-CP,27,0.07000922341303228,0.953130924829038,0.6947760139744521,50.0,0.0,1.0,0.0,0.0,0.0,0.0,0.0,1.0,1,,,,,,,,
AI4I,37,Mondrian-CP,28,0.07000922341303228,0.953130924829038,0.6947760139744521,50.0,1.0,0.96,0.04,0.0,0.0,1.0,1.0,1.0,1,,,,,,,,
AI4I,37,Mondrian-CP,29,0.07000922341303228,0.953130924829038,0.6947760139744521,50.0,1.0,0.9,0.1,0.0,0.0,1.0,1.0,0.9999687656171914,1,,,,,,,,
AI4I,37,Mondrian-CP,30,0.07000922341303228,0.953130924829038,0.6947760139744521,50.0,0.0,0.94,0.06,0.0,0.0,0.0,0.0,0.9964701616247167,1,,,,,,,,
AI4I,37,Mondrian-CP,31,0.07000922341303228,0.953130924829038,0.6947760139744521,50.0,1.0,0.92,0.08,1.0,1.0,0.0,0.0,0.993503496661844,1,,,,,,,,
AI4I,37,Mondrian-CP,32,0.07000922341303228,0.953130924829038,0.6947760139744521,50.0,1.0,0.96,0.04,0.0,0.0,1.0,1.0,1.0,1,,,,,,,,
AI4I,37,Mondrian-CP,33,0.07000922341303228,0.953130924829038,0.6947760139744521,50.0,6.0,0.66,0.34,0.0,0.0,6.0,1.0,1.0,1,,,,,,,,
AI4I,37,Mondrian-CP,34,0.07000922341303228,0.953130924829038,0.6947760139744521,50.0,0.0,0.92,0.08,0.0,0.0,0.0,0.0,1.0,1,,,,,,,,
AI4I,37,Mondrian-CP,35,0.07000922341303228,0.953130924829038,0.6947760139744521,50.0,2.0,0.92,0.08,0.0,0.0,2.0,1.0,1.0,1,,,,,,,,
AI4I,37,Mondrian-CP,36,0.07000922341303228,0.953130924829038,0.6947760139744521,50.0,2.0,0.8,0.2,0.0,0.0,2.0,1.0,1.0,1,,,,,,,,
AI4I,37,Mondrian-CP,37,0.07000922341303228,0.953130924829038,0.6947760139744521,50.0,0.0,0.98,0.02,0.0,0.0,0.0,0.0,1.0,1,,,,,,,,
AI4I,37,Mondrian-CP,38,0.07000922341303228,0.953130924829038,0.6947760139744521,50.0,0.0,0.96,0.04,0.0,0.0,0.0,0.0,1.0,1,,,,,,,,
AI4I,37,Mondrian-CP,39,0.07000922341303228,0.953130924829038,0.6947760139744521,50.0,1.0,0.98,0.02,0.0,0.0,1.0,1.0,1.0,1,,,,,,,,
AI4I,37,Weighted-Mondrian,0,0.07749340910207782,0.953130924829038,0.6947760139744521,50.0,1.0,0.86,0.14,0.0,0.0,1.0,1.0,0.9326966915323472,1,1.719762153768088,0.12386242148299963,1.197000101877424,13.718421826559688,0.0,0.0,,
AI4I,37,Weighted-Mondrian,1,0.07306374724709343,0.953130924829038,0.6947760139744521,50.0,0.0,0.96,0.04,0.0,0.0,0.0,0.0,0.8766365194456296,1,1.7070827326526812,0.20030754915041235,1.0465270072092405,6.9190358521563,0.0,0.0,,
AI4I,37,Weighted-Mondrian,2,0.07255969381839349,0.953130924829038,0.6947760139744521,50.0,1.0,0.88,0.12,1.0,1.0,0.0,0.0,0.9340422473359681,1,1.70282954233161,0.12606505708025995,1.1186730890710193,9.299538358260254,0.0,0.0,,
AI4I,37,Weighted-Mondrian,3,0.0742440421635468,0.953130924829038,0.6947760139744521,50.0,3.0,0.78,0.22,0.0,0.0,3.0,1.0,0.992996275886081,1,1.6407898808981027,0.05,0.8470824269236734,12.51461990362208,0.0065,0.0,,
AI4I,37,Weighted-Mondrian,4,0.07105243447198592,0.953130924829038,0.6947760139744521,50.0,1.0,0.86,0.14,0.0,0.0,1.0,1.0,1.0,1,1.4430464812930242,0.05,0.6721324022506128,17.274985235663934,0.02,0.0,,
AI4I,37,Weighted-Mondrian,5,0.06855249100400804,0.953130924829038,0.6947760139744521,50.0,0.0,0.78,0.22,0.0,0.0,0.0,0.0,1.0,1,1.3577439811813528,0.05,0.6518105116710043,12.77567416740684,0.0185,0.0,,
AI4I,37,Weighted-Mondrian,6,0.06883742765004847,0.953130924829038,0.6947760139744521,50.0,1.0,0.94,0.06,0.0,0.0,1.0,1.0,1.0,1,1.283392208022762,0.05,0.6231610258654278,15.65694386031808,0.003,0.0,,
AI4I,37,Weighted-Mondrian,7,0.06860183878041462,0.953130924829038,0.6947760139744521,50.0,2.0,0.84,0.16,0.0,0.0,2.0,1.0,1.0,1,1.2723888453567354,0.05,0.6054757540678113,15.519379739811983,0.0055,0.0,,
AI4I,37,Weighted-Mondrian,8,0.07016760722593539,0.953130924829038,0.6947760139744521,50.0,1.0,0.88,0.12,0.0,0.0,1.0,1.0,1.0,1,1.2677481825227925,0.05,0.6319279521175405,12.041923882744088,0.004,0.0,,
AI4I,37,Weighted-Mondrian,9,0.0667777226694874,0.953130924829038,0.6947760139744521,50.0,0.0,0.92,0.08,0.0,0.0,0.0,0.0,1.0,1,1.1997725237562322,0.05,0.608687193929747,12.97905157767975,0.004,0.0,,
AI4I,37,Weighted-Mondrian,10,0.06437352905092844,0.953130924829038,0.6947760139744521,50.0,1.0,0.94,0.06,1.0,1.0,0.0,0.0,1.0,1,1.1653533418216544,0.05139556896300336,0.5949224275439071,11.340500206732148,0.0,0.0,,
AI4I,37,Weighted-Mondrian,11,0.044057728415375474,0.953130924829038,0.6947760139744521,50.0,1.0,0.94,0.06,0.0,0.0,1.0,1.0,1.0,1,1.022184782175904,0.08842048380083084,0.60151032225147,7.427731389737123,0.0,0.0,,
AI4I,37,Weighted-Mondrian,12,0.06883742765004847,0.953130924829038,0.6947760139744521,50.0,2.0,0.9,0.1,0.5,1.0,1.0,0.5,1.0,1,0.9777258239459938,0.09636625145673633,0.6066212281741092,6.4271334410384835,0.0,0.0,,
AI4I,37,Weighted-Mondrian,13,0.07000922341303228,0.953130924829038,0.6947760139744521,50.0,1.0,0.96,0.04,0.0,0.0,1.0,1.0,1.0,1,0.9670204313288691,0.1051704982394694,0.615495862831263,6.30597254429895,0.0,0.0,,
AI4I,37,Weighted-Mondrian,14,0.06855249100400804,0.953130924829038,0.6947760139744521,50.0,0.0,1.0,0.0,0.0,0.0,0.0,0.0,1.0,1,0.9609477450340821,0.10042656573628642,0.6185124998486298,6.1512665920949665,0.0,0.0,,
AI4I,37,Weighted-Mondrian,15,0.06883742765004847,0.953130924829038,0.6947760139744521,50.0,0.0,0.98,0.02,0.0,0.0,0.0,0.0,1.0,1,0.9796389355552118,0.09954957088661015,0.6073827691361255,6.888280266022044,0.0,0.0,,
AI4I,37,Weighted-Mondrian,16,0.07000922341303228,0.953130924829038,0.6947760139744521,50.0,1.0,0.92,0.08,0.0,0.0,1.0,1.0,1.0,1,0.971971671267521,0.10321549834187665,0.6157721426365083,6.696440433604885,0.0,0.0,,
AI4I,37,Weighted-Mondrian,17,0.06439695957293481,0.953130924829038,0.6947760139744521,50.0,0.0,0.98,0.02,0.0,0.0,0.0,0.0,1.0,1,1.0343381137574275,0.06886229963621424,0.6033024874183259,8.721346585758926,0.0,0.0,,
AI4I,37,Weighted-Mondrian,18,0.06883742765004847,0.953130924829038,0.6947760139744521,50.0,1.0,0.96,0.04,0.0,0.0,1.0,1.0,1.0,1,0.9591367180488283,0.110793917891079,0.613933901574233,6.564197283176789,0.0,0.0,,
AI4I,37,Weighted-Mondrian,19,0.06883742765004847,0.953130924829038,0.6947760139744521,50.0,0.0,0.98,0.02,0.0,0.0,0.0,0.0,1.0,1,0.9377053612906942,0.12493026419826234,0.6062541466019169,5.627358676231582,0.0,0.0,,
AI4I,37,Weighted-Mondrian,20,0.044057728415375474,0.953130924829038,0.6947760139744521,50.0,4.0,0.86,0.14,0.25,1.0,3.0,0.75,1.0,1,0.9579415886017836,0.1096276023498912,0.6082296141951005,6.121292225339272,0.0,0.0,,
AI4I,37,Weighted-Mondrian,21,0.06718391239132165,0.953130924829038,0.6947760139744521,50.0,1.0,0.96,0.04,0.0,0.0,1.0,1.0,1.0,1,0.9490039255607614,0.11695844112233492,0.6072560041170504,5.938428979886616,0.0,0.0,,
AI4I,37,Weighted-Mondrian,22,0.06507495324764676,0.953130924829038,0.6947760139744521,50.0,0.0,1.0,0.0,0.0,0.0,0.0,0.0,1.0,1,0.9848946991671849,0.09257442181522307,0.604213688617439,6.857131017176994,0.0,0.0,,
AI4I,37,Weighted-Mondrian,23,0.06721522457169317,0.953130924829038,0.6947760139744521,50.0,2.0,0.94,0.06,0.5,1.0,1.0,0.5,1.0,1,1.0205492035601416,0.08296341510253603,0.6001152198280748,7.836269649558776,0.0,0.0,,
AI4I,37,Weighted-Mondrian,24,0.044057728415375474,0.953130924829038,0.6947760139744521,50.0,0.0,0.96,0.04,0.0,0.0,0.0,0.0,1.0,1,1.0617697687708878,0.07278341123713204,0.5915079349053005,8.828105982609992,0.0,0.0,,
AI4I,37,Weighted-Mondrian,25,0.06459035780357116,0.953130924829038,0.6947760139744521,50.0,0.0,0.96,0.04,0.0,0.0,0.0,0.0,1.0,1,1.0928319113616525,0.06562069876548902,0.5824502293211931,9.898703238401295,0.0,0.0,,
AI4I,37,Weighted-Mondrian,26,0.044057728415375474,0.953130924829038,0.6947760139744521,50.0,0.0,0.9,0.1,0.0,0.0,0.0,0.0,1.0,1,1.1349017986264494,0.06214526739761052,0.572523191895507,9.674749543732268,0.0,0.0,,
AI4I,37,Weighted-Mondrian,27,0.044057728415375474,0.953130924829038,0.6947760139744521,50.0,0.0,0.98,0.02,0.0,0.0,0.0,0.0,1.0,1,1.0180111452525773,0.08955764806522241,0.5939911319924059,7.6020849644524935,0.0,0.0,,
AI4I,37,Weighted-Mondrian,28,0.06549635011703123,0.953130924829038,0.6947760139744521,50.0,1.0,0.96,0.04,0.0,0.0,1.0,1.0,1.0,1,1.0484735381096983,0.08130567664960288,0.5882208812682426,8.987547277543285,0.0,0.0,,
AI4I,37,Weighted-Mondrian,29,0.06883742765004847,0.953130924829038,0.6947760139744521,50.0,1.0,0.9,0.1,0.0,0.0,1.0,1.0,0.9999687656171914,1,1.2553840436327433,0.05,0.60258368392265,11.809978432134224,0.001,0.0,,
AI4I,37,Weighted-Mondrian,30,0.06947339111524871,0.953130924829038,0.6947760139744521,50.0,0.0,0.94,0.06,0.0,0.0,0.0,0.0,0.9964701616247167,1,1.5069550221078654,0.05,0.7202671718165673,17.99178677099271,0.01,0.0,,
AI4I,37,Weighted-Mondrian,31,0.07296108982177092,0.953130924829038,0.6947760139744521,50.0,1.0,0.94,0.06,1.0,1.0,0.0,0.0,0.993503496661844,1,1.606473355650738,0.05,0.8018887593201989,14.916398226111362,0.0015,0.0,,
AI4I,37,Weighted-Mondrian,32,0.06856007472228275,0.953130924829038,0.6947760139744521,50.0,1.0,0.96,0.04,0.0,0.0,1.0,1.0,1.0,1,1.4306208212067077,0.05,0.6557214683886545,14.333322946223536,0.011,0.0,,
AI4I,37,Weighted-Mondrian,33,0.06438660894660896,0.953130924829038,0.6947760139744521,50.0,6.0,0.64,0.36,0.0,0.0,6.0,1.0,1.0,1,1.4122551793848765,0.05,0.6448869424870487,16.03126517088861,0.008,0.0,,
AI4I,37,Weighted-Mondrian,34,0.06860183878041462,0.953130924829038,0.6947760139744521,50.0,0.0,0.92,0.08,0.0,0.0,0.0,0.0,1.0,1,1.345933422067944,0.05,0.6292183975065198,13.375454472011201,0.0085,0.0,,
AI4I,37,Weighted-Mondrian,35,0.06238504300879165,0.953130924829038,0.6947760139744521,50.0,2.0,0.92,0.08,0.0,0.0,2.0,1.0,1.0,1,1.2172552577282352,0.05,0.6039921655184183,12.737190254759502,0.003,0.0,,
AI4I,37,Weighted-Mondrian,36,0.06883742765004847,0.953130924829038,0.6947760139744521,50.0,2.0,0.8,0.2,0.0,0.0,2.0,1.0,1.0,1,1.1436926205984133,0.06319331224802575,0.5830881321358508,11.396929955688575,0.0,0.0,,
AI4I,37,Weighted-Mondrian,37,0.0630318410313457,0.953130924829038,0.6947760139744521,50.0,0.0,0.98,0.02,0.0,0.0,0.0,0.0,1.0,1,1.2900257174390959,0.05,0.6002856627045722,14.281071470058757,0.001,0.0,,
AI4I,37,Weighted-Mondrian,38,0.044057728415375474,0.953130924829038,0.6947760139744521,50.0,0.0,0.94,0.06,0.0,0.0,0.0,0.0,1.0,1,1.1238077725962285,0.06958698185969908,0.5663839575795218,10.78358425742577,0.0,0.0,,
AI4I,37,Weighted-Mondrian,39,0.044057728415375474,0.953130924829038,0.6947760139744521,50.0,1.0,0.94,0.06,0.0,0.0,1.0,1.0,1.0,1,1.1021560921956701,0.06393542369741675,0.5400475975059136,8.437429513423174,0.0,0.0,,
AI4I,37,Periodic-Rolling-CP,0,0.07000922341303228,0.953130924829038,0.6947760139744521,50.0,1.0,0.84,0.16,0.0,0.0,1.0,1.0,0.9326966915323472,1,,,,,,,stable,5.0
AI4I,37,Periodic-Rolling-CP,1,0.07000922341303228,0.953130924829038,0.6947760139744521,50.0,0.0,0.94,0.06,0.0,0.0,0.0,0.0,0.8766365194456296,1,,,,,,,stable,5.0
AI4I,37,Periodic-Rolling-CP,2,0.07000922341303228,0.953130924829038,0.6947760139744521,50.0,1.0,0.88,0.12,1.0,1.0,0.0,0.0,0.9340422473359681,1,,,,,,,stable,5.0
AI4I,37,Periodic-Rolling-CP,3,0.07000922341303228,0.953130924829038,0.6947760139744521,50.0,3.0,0.78,0.22,0.0,0.0,3.0,1.0,0.992996275886081,1,,,,,,,stable,5.0
AI4I,37,Periodic-Rolling-CP,4,0.07000922341303228,0.953130924829038,0.6947760139744521,50.0,1.0,0.86,0.14,0.0,0.0,1.0,1.0,1.0,1,,,,,,,stable,5.0
AI4I,37,Periodic-Rolling-CP,5,0.08038741268363557,0.953130924829038,0.6947760139744521,50.0,0.0,0.84,0.16,0.0,0.0,0.0,0.0,1.0,1,,,,,,,rolling-calibration,5.0
AI4I,37,Periodic-Rolling-CP,6,0.08168790621730285,0.953130924829038,0.6947760139744521,50.0,1.0,0.96,0.04,0.0,0.0,1.0,1.0,1.0,1,,,,,,,rolling-calibration,5.0
AI4I,37,Periodic-Rolling-CP,7,0.08206616693739997,0.953130924829038,0.6947760139744521,50.0,2.0,0.86,0.14,0.5,1.0,1.0,0.5,1.0,1,,,,,,,rolling-calibration,5.0
AI4I,37,Periodic-Rolling-CP,8,0.08307922180230262,0.953130924829038,0.6947760139744521,50.0,1.0,0.88,0.12,0.0,0.0,1.0,1.0,1.0,1,,,,,,,rolling-calibration,5.0
AI4I,37,Periodic-Rolling-CP,9,0.08402231149164362,0.953130924829038,0.6947760139744521,50.0,0.0,0.94,0.06,0.0,0.0,0.0,0.0,1.0,1,,,,,,,rolling-calibration,5.0
AI4I,37,Periodic-Rolling-CP,10,0.08439527814462798,0.953130924829038,0.6947760139744521,50.0,1.0,0.94,0.06,1.0,1.0,0.0,0.0,1.0,1,,,,,,,rolling-calibration,5.0
AI4I,37,Periodic-Rolling-CP,11,0.08531081747056977,0.953130924829038,0.6947760139744521,50.0,1.0,0.94,0.06,0.0,0.0,1.0,1.0,1.0,1,,,,,,,rolling-calibration,5.0
AI4I,37,Periodic-Rolling-CP,12,0.08569446207043727,0.953130924829038,0.6947760139744521,50.0,2.0,0.9,0.1,0.5,1.0,1.0,0.5,1.0,1,,,,,,,rolling-calibration,5.0
AI4I,37,Periodic-Rolling-CP,13,0.08809968376308928,0.953130924829038,0.6947760139744521,50.0,1.0,0.98,0.02,0.0,0.0,1.0,1.0,1.0,1,,,,,,,rolling-calibration,5.0
AI4I,37,Periodic-Rolling-CP,14,0.08809968376308928,0.953130924829038,0.6947760139744521,50.0,0.0,1.0,0.0,0.0,0.0,0.0,0.0,1.0,1,,,,,,,rolling-calibration,5.0
AI4I,37,Periodic-Rolling-CP,15,0.08809968376308928,0.953130924829038,0.6947760139744521,50.0,0.0,0.98,0.02,0.0,0.0,0.0,0.0,1.0,1,,,,,,,rolling-calibration,5.0
AI4I,37,Periodic-Rolling-CP,16,0.08821561673276837,0.953130924829038,0.6947760139744521,50.0,1.0,0.92,0.08,0.0,0.0,1.0,1.0,1.0,1,,,,,,,rolling-calibration,5.0
AI4I,37,Periodic-Rolling-CP,17,0.08869530196987521,0.953130924829038,0.6947760139744521,50.0,0.0,0.98,0.02,0.0,0.0,0.0,0.0,1.0,1,,,,,,,rolling-calibration,5.0
AI4I,37,Periodic-Rolling-CP,18,0.0889172823068621,0.953130924829038,0.6947760139744521,50.0,1.0,0.96,0.04,0.0,0.0,1.0,1.0,1.0,1,,,,,,,rolling-calibration,5.0
AI4I,37,Periodic-Rolling-CP,19,0.08916635488350656,0.953130924829038,0.6947760139744521,50.0,0.0,0.98,0.02,0.0,0.0,0.0,0.0,1.0,1,,,,,,,rolling-calibration,5.0
AI4I,37,Periodic-Rolling-CP,20,0.0892079816230792,0.953130924829038,0.6947760139744521,50.0,4.0,0.86,0.14,0.25,1.0,3.0,0.75,1.0,1,,,,,,,rolling-calibration,5.0
AI4I,37,Periodic-Rolling-CP,21,0.08982167515319213,0.953130924829038,0.6947760139744521,50.0,1.0,0.96,0.04,0.0,0.0,1.0,1.0,1.0,1,,,,,,,rolling-calibration,5.0
AI4I,37,Periodic-Rolling-CP,22,0.08982167515319213,0.953130924829038,0.6947760139744521,50.0,0.0,1.0,0.0,0.0,0.0,0.0,0.0,1.0,1,,,,,,,rolling-calibration,5.0
AI4I,37,Periodic-Rolling-CP,23,0.08982167515319213,0.953130924829038,0.6947760139744521,50.0,2.0,0.94,0.06,0.5,1.0,1.0,0.5,1.0,1,,,,,,,rolling-calibration,5.0
AI4I,37,Periodic-Rolling-CP,24,0.09065145785071477,0.953130924829038,0.6947760139744521,50.0,0.0,0.96,0.04,0.0,0.0,0.0,0.0,1.0,1,,,,,,,rolling-calibration,5.0
AI4I,37,Periodic-Rolling-CP,25,0.09089126701962039,0.953130924829038,0.6947760139744521,50.0,0.0,0.96,0.04,0.0,0.0,0.0,0.0,1.0,1,,,,,,,rolling-calibration,5.0
AI4I,37,Periodic-Rolling-CP,26,0.09201589364883475,0.953130924829038,0.6947760139744521,50.0,0.0,0.96,0.04,0.0,0.0,0.0,0.0,1.0,1,,,,,,,rolling-calibration,5.0
AI4I,37,Periodic-Rolling-CP,27,0.09257146062743579,0.953130924829038,0.6947760139744521,50.0,0.0,1.0,0.0,0.0,0.0,0.0,0.0,1.0,1,,,,,,,rolling-calibration,5.0
AI4I,37,Periodic-Rolling-CP,28,0.09257146062743579,0.953130924829038,0.6947760139744521,50.0,1.0,0.98,0.02,0.0,0.0,1.0,1.0,1.0,1,,,,,,,rolling-calibration,5.0
AI4I,37,Periodic-Rolling-CP,29,0.09257146062743579,0.953130924829038,0.6947760139744521,50.0,1.0,0.92,0.08,0.0,0.0,1.0,1.0,0.9999687656171914,1,,,,,,,rolling-calibration,5.0
AI4I,37,Periodic-Rolling-CP,30,0.09263003016247594,0.953130924829038,0.6947760139744521,50.0,0.0,0.96,0.04,0.0,0.0,0.0,0.0,0.9964701616247167,1,,,,,,,rolling-calibration,5.0
AI4I,37,Periodic-Rolling-CP,31,0.09292371400281431,0.953130924829038,0.6947760139744521,50.0,1.0,0.98,0.02,1.0,1.0,0.0,0.0,0.993503496661844,1,,,,,,,rolling-calibration,5.0
AI4I,37,Periodic-Rolling-CP,32,0.09353687362669817,0.953130924829038,0.6947760139744521,50.0,1.0,0.96,0.04,0.0,0.0,1.0,1.0,1.0,1,,,,,,,rolling-calibration,5.0
AI4I,37,Periodic-Rolling-CP,33,0.09383966001425588,0.953130924829038,0.6947760139744521,50.0,6.0,0.68,0.32,0.0,0.0,6.0,1.0,1.0,1,,,,,,,rolling-calibration,5.0
AI4I,37,Periodic-Rolling-CP,34,0.10040185263552169,0.953130924829038,0.6947760139744521,50.0,0.0,0.96,0.04,0.0,0.0,0.0,0.0,1.0,1,,,,,,,rolling-calibration,5.0
AI4I,37,Periodic-Rolling-CP,35,0.10088574452622474,0.953130924829038,0.6947760139744521,50.0,2.0,0.96,0.04,0.0,0.0,2.0,1.0,1.0,1,,,,,,,rolling-calibration,5.0
AI4I,37,Periodic-Rolling-CP,36,0.10088574452622474,0.953130924829038,0.6947760139744521,50.0,2.0,0.84,0.16,0.0,0.0,2.0,1.0,1.0,1,,,,,,,rolling-calibration,5.0
AI4I,37,Periodic-Rolling-CP,37,0.1018515555349627,0.953130924829038,0.6947760139744521,50.0,0.0,0.98,0.02,0.0,0.0,0.0,0.0,1.0,1,,,,,,,rolling-calibration,5.0
AI4I,37,Periodic-Rolling-CP,38,0.1027006609606926,0.953130924829038,0.6947760139744521,50.0,0.0,0.96,0.04,0.0,0.0,0.0,0.0,1.0,1,,,,,,,rolling-calibration,5.0
AI4I,37,Periodic-Rolling-CP,39,0.10434239851651611,0.953130924829038,0.6947760139744521,50.0,1.0,0.98,0.02,0.0,0.0,1.0,1.0,1.0,1,,,,,,,rolling-calibration,5.0
AI4I,37,DTCG-Proposed,0,0.0,0.953130924829038,0.6947760139744521,50.0,1.0,0.0,1.0,0.0,0.0,1.0,1.0,0.9326966915323472,1,,,,,,,first-shift-hold,5.0
AI4I,37,DTCG-Proposed,1,0.07000922341303228,0.953130924829038,0.6947760139744521,50.0,0.0,0.94,0.06,0.0,0.0,0.0,0.0,0.8766365194456296,1,,,,,,,shifted-base-calibration,5.0
AI4I,37,DTCG-Proposed,2,0.07000922341303228,0.953130924829038,0.6947760139744521,50.0,1.0,0.88,0.12,1.0,1.0,0.0,0.0,0.9340422473359681,1,,,,,,,shifted-base-calibration,5.0
AI4I,37,DTCG-Proposed,3,0.07000922341303228,0.953130924829038,0.6947760139744521,50.0,3.0,0.78,0.22,0.0,0.0,3.0,1.0,0.992996275886081,1,,,,,,,shifted-base-calibration,5.0
AI4I,37,DTCG-Proposed,4,0.07000922341303228,0.953130924829038,0.6947760139744521,50.0,1.0,0.86,0.14,0.0,0.0,1.0,1.0,1.0,1,,,,,,,shifted-base-calibration,5.0
AI4I,37,DTCG-Proposed,5,0.07000922341303228,0.953130924829038,0.6947760139744521,50.0,0.0,0.78,0.22,0.0,0.0,0.0,0.0,1.0,1,,,,,,,shifted-rolling-calibration,5.0
AI4I,37,DTCG-Proposed,6,0.07000922341303228,0.953130924829038,0.6947760139744521,50.0,1.0,0.94,0.06,0.0,0.0,1.0,1.0,1.0,1,,,,,,,shifted-rolling-calibration,5.0
AI4I,37,DTCG-Proposed,7,0.07000922341303228,0.953130924829038,0.6947760139744521,50.0,2.0,0.84,0.16,0.0,0.0,2.0,1.0,1.0,1,,,,,,,shifted-rolling-calibration,5.0
AI4I,37,DTCG-Proposed,8,0.07000922341303228,0.953130924829038,0.6947760139744521,50.0,1.0,0.88,0.12,0.0,0.0,1.0,1.0,1.0,1,,,,,,,shifted-rolling-calibration,5.0
AI4I,37,DTCG-Proposed,9,0.07000922341303228,0.953130924829038,0.6947760139744521,50.0,0.0,0.92,0.08,0.0,0.0,0.0,0.0,1.0,1,,,,,,,shifted-rolling-calibration,5.0
AI4I,37,DTCG-Proposed,10,0.07000922341303228,0.953130924829038,0.6947760139744521,50.0,1.0,0.94,0.06,1.0,1.0,0.0,0.0,1.0,1,,,,,,,shifted-rolling-calibration,5.0
AI4I,37,DTCG-Proposed,11,0.07000922341303228,0.953130924829038,0.6947760139744521,50.0,1.0,0.94,0.06,0.0,0.0,1.0,1.0,1.0,1,,,,,,,shifted-rolling-calibration,5.0
AI4I,37,DTCG-Proposed,12,0.07000922341303228,0.953130924829038,0.6947760139744521,50.0,2.0,0.9,0.1,0.5,1.0,1.0,0.5,1.0,1,,,,,,,shifted-rolling-calibration,5.0
AI4I,37,DTCG-Proposed,13,0.07000922341303228,0.953130924829038,0.6947760139744521,50.0,1.0,0.96,0.04,0.0,0.0,1.0,1.0,1.0,1,,,,,,,shifted-rolling-calibration,5.0
AI4I,37,DTCG-Proposed,14,0.07000922341303228,0.953130924829038,0.6947760139744521,50.0,0.0,1.0,0.0,0.0,0.0,0.0,0.0,1.0,1,,,,,,,shifted-rolling-calibration,5.0
AI4I,37,DTCG-Proposed,15,0.07000922341303228,0.953130924829038,0.6947760139744521,50.0,0.0,0.98,0.02,0.0,0.0,0.0,0.0,1.0,1,,,,,,,shifted-rolling-calibration,5.0
AI4I,37,DTCG-Proposed,16,0.07000922341303228,0.953130924829038,0.6947760139744521,50.0,1.0,0.92,0.08,0.0,0.0,1.0,1.0,1.0,1,,,,,,,shifted-rolling-calibration,5.0
AI4I,37,DTCG-Proposed,17,0.07000922341303228,0.953130924829038,0.6947760139744521,50.0,0.0,0.98,0.02,0.0,0.0,0.0,0.0,1.0,1,,,,,,,shifted-rolling-calibration,5.0
AI4I,37,DTCG-Proposed,18,0.07000922341303228,0.953130924829038,0.6947760139744521,50.0,1.0,0.96,0.04,0.0,0.0,1.0,1.0,1.0,1,,,,,,,shifted-rolling-calibration,5.0
AI4I,37,DTCG-Proposed,19,0.07000922341303228,0.953130924829038,0.6947760139744521,50.0,0.0,0.98,0.02,0.0,0.0,0.0,0.0,1.0,1,,,,,,,shifted-rolling-calibration,5.0
AI4I,37,DTCG-Proposed,20,0.07000922341303228,0.953130924829038,0.6947760139744521,50.0,4.0,0.86,0.14,0.25,1.0,3.0,0.75,1.0,1,,,,,,,shifted-rolling-calibration,5.0
AI4I,37,DTCG-Proposed,21,0.07000922341303228,0.953130924829038,0.6947760139744521,50.0,1.0,0.96,0.04,0.0,0.0,1.0,1.0,1.0,1,,,,,,,shifted-rolling-calibration,5.0
AI4I,37,DTCG-Proposed,22,0.07000922341303228,0.953130924829038,0.6947760139744521,50.0,0.0,1.0,0.0,0.0,0.0,0.0,0.0,1.0,1,,,,,,,shifted-rolling-calibration,5.0
AI4I,37,DTCG-Proposed,23,0.07000922341303228,0.953130924829038,0.6947760139744521,50.0,2.0,0.94,0.06,0.5,1.0,1.0,0.5,1.0,1,,,,,,,shifted-rolling-calibration,5.0
AI4I,37,DTCG-Proposed,24,0.07000922341303228,0.953130924829038,0.6947760139744521,50.0,0.0,0.96,0.04,0.0,0.0,0.0,0.0,1.0,1,,,,,,,shifted-rolling-calibration,5.0
AI4I,37,DTCG-Proposed,25,0.07000922341303228,0.953130924829038,0.6947760139744521,50.0,0.0,0.96,0.04,0.0,0.0,0.0,0.0,1.0,1,,,,,,,shifted-rolling-calibration,5.0
AI4I,37,DTCG-Proposed,26,0.07000922341303228,0.953130924829038,0.6947760139744521,50.0,0.0,0.96,0.04,0.0,0.0,0.0,0.0,1.0,1,,,,,,,shifted-rolling-calibration,5.0
AI4I,37,DTCG-Proposed,27,0.07000922341303228,0.953130924829038,0.6947760139744521,50.0,0.0,1.0,0.0,0.0,0.0,0.0,0.0,1.0,1,,,,,,,shifted-rolling-calibration,5.0
AI4I,37,DTCG-Proposed,28,0.07000922341303228,0.953130924829038,0.6947760139744521,50.0,1.0,0.96,0.04,0.0,0.0,1.0,1.0,1.0,1,,,,,,,shifted-rolling-calibration,5.0
AI4I,37,DTCG-Proposed,29,0.07000922341303228,0.953130924829038,0.6947760139744521,50.0,1.0,0.9,0.1,0.0,0.0,1.0,1.0,0.9999687656171914,1,,,,,,,shifted-rolling-calibration,5.0
AI4I,37,DTCG-Proposed,30,0.07000922341303228,0.953130924829038,0.6947760139744521,50.0,0.0,0.94,0.06,0.0,0.0,0.0,0.0,0.9964701616247167,1,,,,,,,shifted-rolling-calibration,5.0
AI4I,37,DTCG-Proposed,31,0.07000922341303228,0.953130924829038,0.6947760139744521,50.0,1.0,0.92,0.08,1.0,1.0,0.0,0.0,0.993503496661844,1,,,,,,,shifted-rolling-calibration,5.0
AI4I,37,DTCG-Proposed,32,0.07000922341303228,0.953130924829038,0.6947760139744521,50.0,1.0,0.96,0.04,0.0,0.0,1.0,1.0,1.0,1,,,,,,,shifted-rolling-calibration,5.0
AI4I,37,DTCG-Proposed,33,0.07000922341303228,0.953130924829038,0.6947760139744521,50.0,6.0,0.66,0.34,0.0,0.0,6.0,1.0,1.0,1,,,,,,,shifted-rolling-calibration,5.0
AI4I,37,DTCG-Proposed,34,0.07000922341303228,0.953130924829038,0.6947760139744521,50.0,0.0,0.92,0.08,0.0,0.0,0.0,0.0,1.0,1,,,,,,,shifted-rolling-calibration,5.0
AI4I,37,DTCG-Proposed,35,0.07000922341303228,0.953130924829038,0.6947760139744521,50.0,2.0,0.92,0.08,0.0,0.0,2.0,1.0,1.0,1,,,,,,,shifted-rolling-calibration,5.0
AI4I,37,DTCG-Proposed,36,0.07000922341303228,0.953130924829038,0.6947760139744521,50.0,2.0,0.8,0.2,0.0,0.0,2.0,1.0,1.0,1,,,,,,,shifted-rolling-calibration,5.0
AI4I,37,DTCG-Proposed,37,0.07000922341303228,0.953130924829038,0.6947760139744521,50.0,0.0,0.98,0.02,0.0,0.0,0.0,0.0,1.0,1,,,,,,,shifted-rolling-calibration,5.0
AI4I,37,DTCG-Proposed,38,0.07000922341303228,0.953130924829038,0.6947760139744521,50.0,0.0,0.96,0.04,0.0,0.0,0.0,0.0,1.0,1,,,,,,,shifted-rolling-calibration,5.0
AI4I,37,DTCG-Proposed,39,0.07000922341303228,0.953130924829038,0.6947760139744521,50.0,1.0,0.98,0.02,0.0,0.0,1.0,1.0,1.0,1,,,,,,,shifted-rolling-calibration,5.0
AI4I,47,Probability-0.5,0,0.5,0.9493128832751475,0.6992945717988328,50.0,1.0,0.98,0.02,1.0,1.0,0.0,0.0,0.9266083869829792,1,,,,,,,,
AI4I,47,Probability-0.5,1,0.5,0.9493128832751475,0.6992945717988328,50.0,0.0,1.0,0.0,0.0,0.0,0.0,0.0,0.9037128947008566,1,,,,,,,,
AI4I,47,Probability-0.5,2,0.5,0.9493128832751475,0.6992945717988328,50.0,1.0,1.0,0.0,1.0,1.0,0.0,0.0,0.9414660824507372,1,,,,,,,,
AI4I,47,Probability-0.5,3,0.5,0.9493128832751475,0.6992945717988328,50.0,3.0,0.96,0.04,0.3333333333333333,1.0,2.0,0.6666666666666666,0.9937390097567361,1,,,,,,,,
AI4I,47,Probability-0.5,4,0.5,0.9493128832751475,0.6992945717988328,50.0,1.0,0.98,0.02,0.0,0.0,1.0,1.0,1.0,1,,,,,,,,
AI4I,47,Probability-0.5,5,0.5,0.9493128832751475,0.6992945717988328,50.0,0.0,1.0,0.0,0.0,0.0,0.0,0.0,1.0,1,,,,,,,,
AI4I,47,Probability-0.5,6,0.5,0.9493128832751475,0.6992945717988328,50.0,1.0,0.98,0.02,0.0,0.0,1.0,1.0,1.0,1,,,,,,,,
AI4I,47,Probability-0.5,7,0.5,0.9493128832751475,0.6992945717988328,50.0,2.0,0.98,0.02,0.5,1.0,1.0,0.5,1.0,1,,,,,,,,
AI4I,47,Probability-0.5,8,0.5,0.9493128832751475,0.6992945717988328,50.0,1.0,0.98,0.02,0.0,0.0,1.0,1.0,1.0,1,,,,,,,,
AI4I,47,Probability-0.5,9,0.5,0.9493128832751475,0.6992945717988328,50.0,0.0,1.0,0.0,0.0,0.0,0.0,0.0,1.0,1,,,,,,,,
AI4I,47,Probability-0.5,10,0.5,0.9493128832751475,0.6992945717988328,50.0,1.0,1.0,0.0,1.0,1.0,0.0,0.0,1.0,1,,,,,,,,
AI4I,47,Probability-0.5,11,0.5,0.9493128832751475,0.6992945717988328,50.0,1.0,0.98,0.02,0.0,0.0,1.0,1.0,1.0,1,,,,,,,,
AI4I,47,Probability-0.5,12,0.5,0.9493128832751475,0.6992945717988328,50.0,2.0,0.96,0.04,0.5,1.0,1.0,0.5,1.0,1,,,,,,,,
AI4I,47,Probability-0.5,13,0.5,0.9493128832751475,0.6992945717988328,50.0,1.0,1.0,0.0,1.0,1.0,0.0,0.0,1.0,1,,,,,,,,
AI4I,47,Probability-0.5,14,0.5,0.9493128832751475,0.6992945717988328,50.0,0.0,1.0,0.0,0.0,0.0,0.0,0.0,1.0,1,,,,,,,,
AI4I,47,Probability-0.5,15,0.5,0.9493128832751475,0.6992945717988328,50.0,0.0,1.0,0.0,0.0,0.0,0.0,0.0,1.0,1,,,,,,,,
AI4I,47,Probability-0.5,16,0.5,0.9493128832751475,0.6992945717988328,50.0,1.0,1.0,0.0,1.0,1.0,0.0,0.0,1.0,1,,,,,,,,
AI4I,47,Probability-0.5,17,0.5,0.9493128832751475,0.6992945717988328,50.0,0.0,1.0,0.0,0.0,0.0,0.0,0.0,1.0,1,,,,,,,,
AI4I,47,Probability-0.5,18,0.5,0.9493128832751475,0.6992945717988328,50.0,1.0,1.0,0.0,1.0,1.0,0.0,0.0,1.0,1,,,,,,,,
AI4I,47,Probability-0.5,19,0.5,0.9493128832751475,0.6992945717988328,50.0,0.0,1.0,0.0,0.0,0.0,0.0,0.0,1.0,1,,,,,,,,
AI4I,47,Probability-0.5,20,0.5,0.9493128832751475,0.6992945717988328,50.0,4.0,0.98,0.02,0.75,3.0,1.0,0.25,1.0,1,,,,,,,,
AI4I,47,Probability-0.5,21,0.5,0.9493128832751475,0.6992945717988328,50.0,1.0,0.98,0.02,0.0,0.0,1.0,1.0,1.0,1,,,,,,,,
AI4I,47,Probability-0.5,22,0.5,0.9493128832751475,0.6992945717988328,50.0,0.0,1.0,0.0,0.0,0.0,0.0,0.0,1.0,1,,,,,,,,
AI4I,47,Probability-0.5,23,0.5,0.9493128832751475,0.6992945717988328,50.0,2.0,0.98,0.02,0.5,1.0,1.0,0.5,1.0,1,,,,,,,,
AI4I,47,Probability-0.5,24,0.5,0.9493128832751475,0.6992945717988328,50.0,0.0,1.0,0.0,0.0,0.0,0.0,0.0,1.0,1,,,,,,,,
AI4I,47,Probability-0.5,25,0.5,0.9493128832751475,0.6992945717988328,50.0,0.0,1.0,0.0,0.0,0.0,0.0,0.0,1.0,1,,,,,,,,
AI4I,47,Probability-0.5,26,0.5,0.9493128832751475,0.6992945717988328,50.0,0.0,1.0,0.0,0.0,0.0,0.0,0.0,1.0,1,,,,,,,,
AI4I,47,Probability-0.5,27,0.5,0.9493128832751475,0.6992945717988328,50.0,0.0,1.0,0.0,0.0,0.0,0.0,0.0,1.0,1,,,,,,,,
AI4I,47,Probability-0.5,28,0.5,0.9493128832751475,0.6992945717988328,50.0,1.0,0.98,0.02,0.0,0.0,1.0,1.0,1.0,1,,,,,,,,
AI4I,47,Probability-0.5,29,0.5,0.9493128832751475,0.6992945717988328,50.0,1.0,0.98,0.02,0.0,0.0,1.0,1.0,1.0,1,,,,,,,,
AI4I,47,Probability-0.5,30,0.5,0.9493128832751475,0.6992945717988328,50.0,0.0,1.0,0.0,0.0,0.0,0.0,0.0,0.9969751147213887,1,,,,,,,,
AI4I,47,Probability-0.5,31,0.5,0.9493128832751475,0.6992945717988328,50.0,1.0,1.0,0.0,1.0,1.0,0.0,0.0,0.9923277905738881,1,,,,,,,,
AI4I,47,Probability-0.5,32,0.5,0.9493128832751475,0.6992945717988328,50.0,1.0,1.0,0.0,1.0,1.0,0.0,0.0,1.0,1,,,,,,,,
AI4I,47,Probability-0.5,33,0.5,0.9493128832751475,0.6992945717988328,50.0,6.0,0.9,0.1,0.16666666666666666,1.0,5.0,0.8333333333333334,1.0,1,,,,,,,,
AI4I,47,Probability-0.5,34,0.5,0.9493128832751475,0.6992945717988328,50.0,0.0,1.0,0.0,0.0,0.0,0.0,0.0,1.0,1,,,,,,,,
AI4I,47,Probability-0.5,35,0.5,0.9493128832751475,0.6992945717988328,50.0,2.0,0.98,0.02,0.5,1.0,1.0,0.5,1.0,1,,,,,,,,
AI4I,47,Probability-0.5,36,0.5,0.9493128832751475,0.6992945717988328,50.0,2.0,0.98,0.02,0.5,1.0,1.0,0.5,1.0,1,,,,,,,,
AI4I,47,Probability-0.5,37,0.5,0.9493128832751475,0.6992945717988328,50.0,0.0,1.0,0.0,0.0,0.0,0.0,0.0,1.0,1,,,,,,,,
AI4I,47,Probability-0.5,38,0.5,0.9493128832751475,0.6992945717988328,50.0,0.0,0.98,0.02,0.0,0.0,0.0,0.0,1.0,1,,,,,,,,
AI4I,47,Probability-0.5,39,0.5,0.9493128832751475,0.6992945717988328,50.0,1.0,0.98,0.02,0.0,0.0,1.0,1.0,1.0,1,,,,,,,,
AI4I,47,Global-CP,0,0.07912204504130199,0.9493128832751475,0.6992945717988328,50.0,1.0,0.86,0.14,0.0,0.0,1.0,1.0,0.9266083869829792,1,,,,,,,,
AI4I,47,Global-CP,1,0.07912204504130199,0.9493128832751475,0.6992945717988328,50.0,0.0,0.96,0.04,0.0,0.0,0.0,0.0,0.9037128947008566,1,,,,,,,,
AI4I,47,Global-CP,2,0.07912204504130199,0.9493128832751475,0.6992945717988328,50.0,1.0,0.94,0.06,1.0,1.0,0.0,0.0,0.9414660824507372,1,,,,,,,,
AI4I,47,Global-CP,3,0.07912204504130199,0.9493128832751475,0.6992945717988328,50.0,3.0,0.86,0.14,0.0,0.0,3.0,1.0,0.9937390097567361,1,,,,,,,,
AI4I,47,Global-CP,4,0.07912204504130199,0.9493128832751475,0.6992945717988328,50.0,1.0,0.88,0.12,0.0,0.0,1.0,1.0,1.0,1,,,,,,,,
AI4I,47,Global-CP,5,0.07912204504130199,0.9493128832751475,0.6992945717988328,50.0,0.0,0.84,0.16,0.0,0.0,0.0,0.0,1.0,1,,,,,,,,
AI4I,47,Global-CP,6,0.07912204504130199,0.9493128832751475,0.6992945717988328,50.0,1.0,0.98,0.02,0.0,0.0,1.0,1.0,1.0,1,,,,,,,,
AI4I,47,Global-CP,7,0.07912204504130199,0.9493128832751475,0.6992945717988328,50.0,2.0,0.84,0.16,0.5,1.0,1.0,0.5,1.0,1,,,,,,,,
AI4I,47,Global-CP,8,0.07912204504130199,0.9493128832751475,0.6992945717988328,50.0,1.0,0.88,0.12,0.0,0.0,1.0,1.0,1.0,1,,,,,,,,
AI4I,47,Global-CP,9,0.07912204504130199,0.9493128832751475,0.6992945717988328,50.0,0.0,0.94,0.06,0.0,0.0,0.0,0.0,1.0,1,,,,,,,,
AI4I,47,Global-CP,10,0.07912204504130199,0.9493128832751475,0.6992945717988328,50.0,1.0,0.96,0.04,1.0,1.0,0.0,0.0,1.0,1,,,,,,,,
AI4I,47,Global-CP,11,0.07912204504130199,0.9493128832751475,0.6992945717988328,50.0,1.0,0.94,0.06,0.0,0.0,1.0,1.0,1.0,1,,,,,,,,
AI4I,47,Global-CP,12,0.07912204504130199,0.9493128832751475,0.6992945717988328,50.0,2.0,0.9,0.1,0.5,1.0,1.0,0.5,1.0,1,,,,,,,,
AI4I,47,Global-CP,13,0.07912204504130199,0.9493128832751475,0.6992945717988328,50.0,1.0,0.98,0.02,0.0,0.0,1.0,1.0,1.0,1,,,,,,,,
AI4I,47,Global-CP,14,0.07912204504130199,0.9493128832751475,0.6992945717988328,50.0,0.0,1.0,0.0,0.0,0.0,0.0,0.0,1.0,1,,,,,,,,
AI4I,47,Global-CP,15,0.07912204504130199,0.9493128832751475,0.6992945717988328,50.0,0.0,0.98,0.02,0.0,0.0,0.0,0.0,1.0,1,,,,,,,,
AI4I,47,Global-CP,16,0.07912204504130199,0.9493128832751475,0.6992945717988328,50.0,1.0,0.92,0.08,0.0,0.0,1.0,1.0,1.0,1,,,,,,,,
AI4I,47,Global-CP,17,0.07912204504130199,0.9493128832751475,0.6992945717988328,50.0,0.0,0.98,0.02,0.0,0.0,0.0,0.0,1.0,1,,,,,,,,
AI4I,47,Global-CP,18,0.07912204504130199,0.9493128832751475,0.6992945717988328,50.0,1.0,0.96,0.04,0.0,0.0,1.0,1.0,1.0,1,,,,,,,,
AI4I,47,Global-CP,19,0.07912204504130199,0.9493128832751475,0.6992945717988328,50.0,0.0,0.98,0.02,0.0,0.0,0.0,0.0,1.0,1,,,,,,,,
AI4I,47,Global-CP,20,0.07912204504130199,0.9493128832751475,0.6992945717988328,50.0,4.0,0.86,0.14,0.25,1.0,3.0,0.75,1.0,1,,,,,,,,
AI4I,47,Global-CP,21,0.07912204504130199,0.9493128832751475,0.6992945717988328,50.0,1.0,0.96,0.04,0.0,0.0,1.0,1.0,1.0,1,,,,,,,,
AI4I,47,Global-CP,22,0.07912204504130199,0.9493128832751475,0.6992945717988328,50.0,0.0,1.0,0.0,0.0,0.0,0.0,0.0,1.0,1,,,,,,,,
AI4I,47,Global-CP,23,0.07912204504130199,0.9493128832751475,0.6992945717988328,50.0,2.0,0.94,0.06,0.5,1.0,1.0,0.5,1.0,1,,,,,,,,
AI4I,47,Global-CP,24,0.07912204504130199,0.9493128832751475,0.6992945717988328,50.0,0.0,0.96,0.04,0.0,0.0,0.0,0.0,1.0,1,,,,,,,,
AI4I,47,Global-CP,25,0.07912204504130199,0.9493128832751475,0.6992945717988328,50.0,0.0,0.96,0.04,0.0,0.0,0.0,0.0,1.0,1,,,,,,,,
AI4I,47,Global-CP,26,0.07912204504130199,0.9493128832751475,0.6992945717988328,50.0,0.0,0.96,0.04,0.0,0.0,0.0,0.0,1.0,1,,,,,,,,
AI4I,47,Global-CP,27,0.07912204504130199,0.9493128832751475,0.6992945717988328,50.0,0.0,1.0,0.0,0.0,0.0,0.0,0.0,1.0,1,,,,,,,,
AI4I,47,Global-CP,28,0.07912204504130199,0.9493128832751475,0.6992945717988328,50.0,1.0,0.98,0.02,0.0,0.0,1.0,1.0,1.0,1,,,,,,,,
AI4I,47,Global-CP,29,0.07912204504130199,0.9493128832751475,0.6992945717988328,50.0,1.0,0.9,0.1,0.0,0.0,1.0,1.0,1.0,1,,,,,,,,
AI4I,47,Global-CP,30,0.07912204504130199,0.9493128832751475,0.6992945717988328,50.0,0.0,0.96,0.04,0.0,0.0,0.0,0.0,0.9969751147213887,1,,,,,,,,
AI4I,47,Global-CP,31,0.07912204504130199,0.9493128832751475,0.6992945717988328,50.0,1.0,0.98,0.02,1.0,1.0,0.0,0.0,0.9923277905738881,1,,,,,,,,
AI4I,47,Global-CP,32,0.07912204504130199,0.9493128832751475,0.6992945717988328,50.0,1.0,0.98,0.02,0.0,0.0,1.0,1.0,1.0,1,,,,,,,,
AI4I,47,Global-CP,33,0.07912204504130199,0.9493128832751475,0.6992945717988328,50.0,6.0,0.66,0.34,0.0,0.0,6.0,1.0,1.0,1,,,,,,,,
AI4I,47,Global-CP,34,0.07912204504130199,0.9493128832751475,0.6992945717988328,50.0,0.0,0.96,0.04,0.0,0.0,0.0,0.0,1.0,1,,,,,,,,
AI4I,47,Global-CP,35,0.07912204504130199,0.9493128832751475,0.6992945717988328,50.0,2.0,0.94,0.06,0.0,0.0,2.0,1.0,1.0,1,,,,,,,,
AI4I,47,Global-CP,36,0.07912204504130199,0.9493128832751475,0.6992945717988328,50.0,2.0,0.78,0.22,0.0,0.0,2.0,1.0,1.0,1,,,,,,,,
AI4I,47,Global-CP,37,0.07912204504130199,0.9493128832751475,0.6992945717988328,50.0,0.0,0.98,0.02,0.0,0.0,0.0,0.0,1.0,1,,,,,,,,
AI4I,47,Global-CP,38,0.07912204504130199,0.9493128832751475,0.6992945717988328,50.0,0.0,0.96,0.04,0.0,0.0,0.0,0.0,1.0,1,,,,,,,,
AI4I,47,Global-CP,39,0.07912204504130199,0.9493128832751475,0.6992945717988328,50.0,1.0,0.98,0.02,0.0,0.0,1.0,1.0,1.0,1,,,,,,,,
AI4I,47,Mondrian-CP,0,0.06961850096617404,0.9493128832751475,0.6992945717988328,50.0,1.0,0.86,0.14,0.0,0.0,1.0,1.0,0.9266083869829792,1,,,,,,,,
AI4I,47,Mondrian-CP,1,0.06961850096617404,0.9493128832751475,0.6992945717988328,50.0,0.0,0.96,0.04,0.0,0.0,0.0,0.0,0.9037128947008566,1,,,,,,,,
AI4I,47,Mondrian-CP,2,0.06961850096617404,0.9493128832751475,0.6992945717988328,50.0,1.0,0.9,0.1,1.0,1.0,0.0,0.0,0.9414660824507372,1,,,,,,,,
AI4I,47,Mondrian-CP,3,0.06961850096617404,0.9493128832751475,0.6992945717988328,50.0,3.0,0.82,0.18,0.0,0.0,3.0,1.0,0.9937390097567361,1,,,,,,,,
AI4I,47,Mondrian-CP,4,0.06961850096617404,0.9493128832751475,0.6992945717988328,50.0,1.0,0.88,0.12,0.0,0.0,1.0,1.0,1.0,1,,,,,,,,
AI4I,47,Mondrian-CP,5,0.06961850096617404,0.9493128832751475,0.6992945717988328,50.0,0.0,0.82,0.18,0.0,0.0,0.0,0.0,1.0,1,,,,,,,,
AI4I,47,Mondrian-CP,6,0.06961850096617404,0.9493128832751475,0.6992945717988328,50.0,1.0,0.96,0.04,0.0,0.0,1.0,1.0,1.0,1,,,,,,,,
AI4I,47,Mondrian-CP,7,0.06961850096617404,0.9493128832751475,0.6992945717988328,50.0,2.0,0.82,0.18,0.0,0.0,2.0,1.0,1.0,1,,,,,,,,
AI4I,47,Mondrian-CP,8,0.06961850096617404,0.9493128832751475,0.6992945717988328,50.0,1.0,0.88,0.12,0.0,0.0,1.0,1.0,1.0,1,,,,,,,,
AI4I,47,Mondrian-CP,9,0.06961850096617404,0.9493128832751475,0.6992945717988328,50.0,0.0,0.94,0.06,0.0,0.0,0.0,0.0,1.0,1,,,,,,,,
AI4I,47,Mondrian-CP,10,0.06961850096617404,0.9493128832751475,0.6992945717988328,50.0,1.0,0.94,0.06,1.0,1.0,0.0,0.0,1.0,1,,,,,,,,
AI4I,47,Mondrian-CP,11,0.06961850096617404,0.9493128832751475,0.6992945717988328,50.0,1.0,0.94,0.06,0.0,0.0,1.0,1.0,1.0,1,,,,,,,,
AI4I,47,Mondrian-CP,12,0.06961850096617404,0.9493128832751475,0.6992945717988328,50.0,2.0,0.88,0.12,0.0,0.0,2.0,1.0,1.0,1,,,,,,,,
AI4I,47,Mondrian-CP,13,0.06961850096617404,0.9493128832751475,0.6992945717988328,50.0,1.0,0.98,0.02,0.0,0.0,1.0,1.0,1.0,1,,,,,,,,
AI4I,47,Mondrian-CP,14,0.06961850096617404,0.9493128832751475,0.6992945717988328,50.0,0.0,1.0,0.0,0.0,0.0,0.0,0.0,1.0,1,,,,,,,,
AI4I,47,Mondrian-CP,15,0.06961850096617404,0.9493128832751475,0.6992945717988328,50.0,0.0,0.96,0.04,0.0,0.0,0.0,0.0,1.0,1,,,,,,,,
AI4I,47,Mondrian-CP,16,0.06961850096617404,0.9493128832751475,0.6992945717988328,50.0,1.0,0.92,0.08,0.0,0.0,1.0,1.0,1.0,1,,,,,,,,
AI4I,47,Mondrian-CP,17,0.06961850096617404,0.9493128832751475,0.6992945717988328,50.0,0.0,0.98,0.02,0.0,0.0,0.0,0.0,1.0,1,,,,,,,,
AI4I,47,Mondrian-CP,18,0.06961850096617404,0.9493128832751475,0.6992945717988328,50.0,1.0,0.96,0.04,0.0,0.0,1.0,1.0,1.0,1,,,,,,,,
AI4I,47,Mondrian-CP,19,0.06961850096617404,0.9493128832751475,0.6992945717988328,50.0,0.0,0.98,0.02,0.0,0.0,0.0,0.0,1.0,1,,,,,,,,
AI4I,47,Mondrian-CP,20,0.06961850096617404,0.9493128832751475,0.6992945717988328,50.0,4.0,0.86,0.14,0.25,1.0,3.0,0.75,1.0,1,,,,,,,,
AI4I,47,Mondrian-CP,21,0.06961850096617404,0.9493128832751475,0.6992945717988328,50.0,1.0,0.96,0.04,0.0,0.0,1.0,1.0,1.0,1,,,,,,,,
AI4I,47,Mondrian-CP,22,0.06961850096617404,0.9493128832751475,0.6992945717988328,50.0,0.0,1.0,0.0,0.0,0.0,0.0,0.0,1.0,1,,,,,,,,
AI4I,47,Mondrian-CP,23,0.06961850096617404,0.9493128832751475,0.6992945717988328,50.0,2.0,0.94,0.06,0.5,1.0,1.0,0.5,1.0,1,,,,,,,,
AI4I,47,Mondrian-CP,24,0.06961850096617404,0.9493128832751475,0.6992945717988328,50.0,0.0,0.96,0.04,0.0,0.0,0.0,0.0,1.0,1,,,,,,,,
AI4I,47,Mondrian-CP,25,0.06961850096617404,0.9493128832751475,0.6992945717988328,50.0,0.0,0.96,0.04,0.0,0.0,0.0,0.0,1.0,1,,,,,,,,
AI4I,47,Mondrian-CP,26,0.06961850096617404,0.9493128832751475,0.6992945717988328,50.0,0.0,0.96,0.04,0.0,0.0,0.0,0.0,1.0,1,,,,,,,,
AI4I,47,Mondrian-CP,27,0.06961850096617404,0.9493128832751475,0.6992945717988328,50.0,0.0,1.0,0.0,0.0,0.0,0.0,0.0,1.0,1,,,,,,,,
AI4I,47,Mondrian-CP,28,0.06961850096617404,0.9493128832751475,0.6992945717988328,50.0,1.0,0.96,0.04,0.0,0.0,1.0,1.0,1.0,1,,,,,,,,
AI4I,47,Mondrian-CP,29,0.06961850096617404,0.9493128832751475,0.6992945717988328,50.0,1.0,0.88,0.12,0.0,0.0,1.0,1.0,1.0,1,,,,,,,,
AI4I,47,Mondrian-CP,30,0.06961850096617404,0.9493128832751475,0.6992945717988328,50.0,0.0,0.96,0.04,0.0,0.0,0.0,0.0,0.9969751147213887,1,,,,,,,,
AI4I,47,Mondrian-CP,31,0.06961850096617404,0.9493128832751475,0.6992945717988328,50.0,1.0,0.92,0.08,1.0,1.0,0.0,0.0,0.9923277905738881,1,,,,,,,,
AI4I,47,Mondrian-CP,32,0.06961850096617404,0.9493128832751475,0.6992945717988328,50.0,1.0,0.96,0.04,0.0,0.0,1.0,1.0,1.0,1,,,,,,,,
AI4I,47,Mondrian-CP,33,0.06961850096617404,0.9493128832751475,0.6992945717988328,50.0,6.0,0.66,0.34,0.0,0.0,6.0,1.0,1.0,1,,,,,,,,
AI4I,47,Mondrian-CP,34,0.06961850096617404,0.9493128832751475,0.6992945717988328,50.0,0.0,0.92,0.08,0.0,0.0,0.0,0.0,1.0,1,,,,,,,,
AI4I,47,Mondrian-CP,35,0.06961850096617404,0.9493128832751475,0.6992945717988328,50.0,2.0,0.94,0.06,0.0,0.0,2.0,1.0,1.0,1,,,,,,,,
AI4I,47,Mondrian-CP,36,0.06961850096617404,0.9493128832751475,0.6992945717988328,50.0,2.0,0.78,0.22,0.0,0.0,2.0,1.0,1.0,1,,,,,,,,
AI4I,47,Mondrian-CP,37,0.06961850096617404,0.9493128832751475,0.6992945717988328,50.0,0.0,0.98,0.02,0.0,0.0,0.0,0.0,1.0,1,,,,,,,,
AI4I,47,Mondrian-CP,38,0.06961850096617404,0.9493128832751475,0.6992945717988328,50.0,0.0,0.96,0.04,0.0,0.0,0.0,0.0,1.0,1,,,,,,,,
AI4I,47,Mondrian-CP,39,0.06961850096617404,0.9493128832751475,0.6992945717988328,50.0,1.0,0.98,0.02,0.0,0.0,1.0,1.0,1.0,1,,,,,,,,
AI4I,47,Weighted-Mondrian,0,0.07110558034359413,0.9493128832751475,0.6992945717988328,50.0,1.0,0.86,0.14,0.0,0.0,1.0,1.0,0.9266083869829792,1,1.719762153768088,0.12386242148299963,1.197000101877424,13.718421826559688,0.0,0.0,,
AI4I,47,Weighted-Mondrian,1,0.06725348109063278,0.9493128832751475,0.6992945717988328,50.0,0.0,0.96,0.04,0.0,0.0,0.0,0.0,0.9037128947008566,1,1.7070827326526812,0.20030754915041235,1.0465270072092405,6.9190358521563,0.0,0.0,,
AI4I,47,Weighted-Mondrian,2,0.0665601511914654,0.9493128832751475,0.6992945717988328,50.0,1.0,0.9,0.1,1.0,1.0,0.0,0.0,0.9414660824507372,1,1.70282954233161,0.12606505708025995,1.1186730890710193,9.299538358260254,0.0,0.0,,
AI4I,47,Weighted-Mondrian,3,0.06947422338926983,0.9493128832751475,0.6992945717988328,50.0,3.0,0.82,0.18,0.0,0.0,3.0,1.0,0.9937390097567361,1,1.6407898808981027,0.05,0.8470824269236734,12.51461990362208,0.0065,0.0,,
AI4I,47,Weighted-Mondrian,4,0.06164288332238798,0.9493128832751475,0.6992945717988328,50.0,1.0,0.86,0.14,0.0,0.0,1.0,1.0,1.0,1,1.4430464812930242,0.05,0.6721324022506128,17.274985235663934,0.02,0.0,,
AI4I,47,Weighted-Mondrian,5,0.05973774514342665,0.9493128832751475,0.6992945717988328,50.0,0.0,0.76,0.24,0.0,0.0,0.0,0.0,1.0,1,1.3577439811813528,0.05,0.6518105116710043,12.77567416740684,0.0185,0.0,,
AI4I,47,Weighted-Mondrian,6,0.06048593936980361,0.9493128832751475,0.6992945717988328,50.0,1.0,0.94,0.06,0.0,0.0,1.0,1.0,1.0,1,1.283392208022762,0.05,0.6231610258654278,15.65694386031808,0.003,0.0,,
AI4I,47,Weighted-Mondrian,7,0.05973774514342665,0.9493128832751475,0.6992945717988328,50.0,2.0,0.82,0.18,0.0,0.0,2.0,1.0,1.0,1,1.2723888453567354,0.05,0.6054757540678113,15.519379739811983,0.0055,0.0,,
AI4I,47,Weighted-Mondrian,8,0.06165448091298032,0.9493128832751475,0.6992945717988328,50.0,1.0,0.88,0.12,0.0,0.0,1.0,1.0,1.0,1,1.2677481825227925,0.05,0.6319279521175405,12.041923882744088,0.004,0.0,,
AI4I,47,Weighted-Mondrian,9,0.0596385101791913,0.9493128832751475,0.6992945717988328,50.0,0.0,0.94,0.06,0.0,0.0,0.0,0.0,1.0,1,1.1997725237562322,0.05,0.608687193929747,12.97905157767975,0.004,0.0,,
AI4I,47,Weighted-Mondrian,10,0.05938120567636249,0.9493128832751475,0.6992945717988328,50.0,1.0,0.94,0.06,1.0,1.0,0.0,0.0,1.0,1,1.1653533418216544,0.05139556896300336,0.5949224275439071,11.340500206732148,0.0,0.0,,
AI4I,47,Weighted-Mondrian,11,0.03900432433826562,0.9493128832751475,0.6992945717988328,50.0,1.0,0.94,0.06,0.0,0.0,1.0,1.0,1.0,1,1.022184782175904,0.08842048380083084,0.60151032225147,7.427731389737123,0.0,0.0,,
AI4I,47,Weighted-Mondrian,12,0.06116424891929537,0.9493128832751475,0.6992945717988328,50.0,2.0,0.88,0.12,0.0,0.0,2.0,1.0,1.0,1,0.9777258239459938,0.09636625145673633,0.6066212281741092,6.4271334410384835,0.0,0.0,,
AI4I,47,Weighted-Mondrian,13,0.061787427928109054,0.9493128832751475,0.6992945717988328,50.0,1.0,0.98,0.02,0.0,0.0,1.0,1.0,1.0,1,0.9670204313288691,0.1051704982394694,0.615495862831263,6.30597254429895,0.0,0.0,,
AI4I,47,Weighted-Mondrian,14,0.05973774514342665,0.9493128832751475,0.6992945717988328,50.0,0.0,1.0,0.0,0.0,0.0,0.0,0.0,1.0,1,0.9609477450340821,0.10042656573628642,0.6185124998486298,6.1512665920949665,0.0,0.0,,
AI4I,47,Weighted-Mondrian,15,0.06116424891929537,0.9493128832751475,0.6992945717988328,50.0,0.0,0.96,0.04,0.0,0.0,0.0,0.0,1.0,1,0.9796389355552118,0.09954957088661015,0.6073827691361255,6.888280266022044,0.0,0.0,,
AI4I,47,Weighted-Mondrian,16,0.06199842528221688,0.9493128832751475,0.6992945717988328,50.0,1.0,0.92,0.08,0.0,0.0,1.0,1.0,1.0,1,0.971971671267521,0.10321549834187665,0.6157721426365083,6.696440433604885,0.0,0.0,,
AI4I,47,Weighted-Mondrian,17,0.05961502935903904,0.9493128832751475,0.6992945717988328,50.0,0.0,0.98,0.02,0.0,0.0,0.0,0.0,1.0,1,1.0343381137574275,0.06886229963621424,0.6033024874183259,8.721346585758926,0.0,0.0,,
AI4I,47,Weighted-Mondrian,18,0.06048593936980361,0.9493128832751475,0.6992945717988328,50.0,1.0,0.96,0.04,0.0,0.0,1.0,1.0,1.0,1,0.9591367180488283,0.110793917891079,0.613933901574233,6.564197283176789,0.0,0.0,,
AI4I,47,Weighted-Mondrian,19,0.06128123049980636,0.9493128832751475,0.6992945717988328,50.0,0.0,0.98,0.02,0.0,0.0,0.0,0.0,1.0,1,0.9377053612906942,0.12493026419826234,0.6062541466019169,5.627358676231582,0.0,0.0,,
AI4I,47,Weighted-Mondrian,20,0.03900432433826562,0.9493128832751475,0.6992945717988328,50.0,4.0,0.86,0.14,0.25,1.0,3.0,0.75,1.0,1,0.9579415886017836,0.1096276023498912,0.6082296141951005,6.121292225339272,0.0,0.0,,
AI4I,47,Weighted-Mondrian,21,0.05973774514342665,0.9493128832751475,0.6992945717988328,50.0,1.0,0.96,0.04,0.0,0.0,1.0,1.0,1.0,1,0.9490039255607614,0.11695844112233492,0.6072560041170504,5.938428979886616,0.0,0.0,,
AI4I,47,Weighted-Mondrian,22,0.059671524166615454,0.9493128832751475,0.6992945717988328,50.0,0.0,1.0,0.0,0.0,0.0,0.0,0.0,1.0,1,0.9848946991671849,0.09257442181522307,0.604213688617439,6.857131017176994,0.0,0.0,,
AI4I,47,Weighted-Mondrian,23,0.05973774514342665,0.9493128832751475,0.6992945717988328,50.0,2.0,0.94,0.06,0.5,1.0,1.0,0.5,1.0,1,1.0205492035601416,0.08296341510253603,0.6001152198280748,7.836269649558776,0.0,0.0,,
AI4I,47,Weighted-Mondrian,24,0.03900432433826562,0.9493128832751475,0.6992945717988328,50.0,0.0,0.96,0.04,0.0,0.0,0.0,0.0,1.0,1,1.0617697687708878,0.07278341123713204,0.5915079349053005,8.828105982609992,0.0,0.0,,
AI4I,47,Weighted-Mondrian,25,0.0596385101791913,0.9493128832751475,0.6992945717988328,50.0,0.0,0.96,0.04,0.0,0.0,0.0,0.0,1.0,1,1.0928319113616525,0.06562069876548902,0.5824502293211931,9.898703238401295,0.0,0.0,,
AI4I,47,Weighted-Mondrian,26,0.03900432433826562,0.9493128832751475,0.6992945717988328,50.0,0.0,0.88,0.12,0.0,0.0,0.0,0.0,1.0,1,1.1349017986264494,0.06214526739761052,0.572523191895507,9.674749543732268,0.0,0.0,,
AI4I,47,Weighted-Mondrian,27,0.03900432433826562,0.9493128832751475,0.6992945717988328,50.0,0.0,0.98,0.02,0.0,0.0,0.0,0.0,1.0,1,1.0180111452525773,0.08955764806522241,0.5939911319924059,7.6020849644524935,0.0,0.0,,
AI4I,47,Weighted-Mondrian,28,0.05973774514342665,0.9493128832751475,0.6992945717988328,50.0,1.0,0.94,0.06,0.0,0.0,1.0,1.0,1.0,1,1.0484735381096983,0.08130567664960288,0.5882208812682426,8.987547277543285,0.0,0.0,,
AI4I,47,Weighted-Mondrian,29,0.06128123049980636,0.9493128832751475,0.6992945717988328,50.0,1.0,0.88,0.12,0.0,0.0,1.0,1.0,1.0,1,1.2553840436327433,0.05,0.60258368392265,11.809978432134224,0.001,0.0,,
AI4I,47,Weighted-Mondrian,30,0.05979055716800338,0.9493128832751475,0.6992945717988328,50.0,0.0,0.92,0.08,0.0,0.0,0.0,0.0,0.9969751147213887,1,1.5069550221078654,0.05,0.7202671718165673,17.99178677099271,0.01,0.0,,
AI4I,47,Weighted-Mondrian,31,0.065436154708403,0.9493128832751475,0.6992945717988328,50.0,1.0,0.88,0.12,1.0,1.0,0.0,0.0,0.9923277905738881,1,1.606473355650738,0.05,0.8018887593201989,14.916398226111362,0.0015,0.0,,
AI4I,47,Weighted-Mondrian,32,0.05973774514342665,0.9493128832751475,0.6992945717988328,50.0,1.0,0.94,0.06,0.0,0.0,1.0,1.0,1.0,1,1.4306208212067077,0.05,0.6557214683886545,14.333322946223536,0.011,0.0,,
AI4I,47,Weighted-Mondrian,33,0.05938120567636249,0.9493128832751475,0.6992945717988328,50.0,6.0,0.64,0.36,0.0,0.0,6.0,1.0,1.0,1,1.4122551793848765,0.05,0.6448869424870487,16.03126517088861,0.008,0.0,,
AI4I,47,Weighted-Mondrian,34,0.05973774514342665,0.9493128832751475,0.6992945717988328,50.0,0.0,0.92,0.08,0.0,0.0,0.0,0.0,1.0,1,1.345933422067944,0.05,0.6292183975065198,13.375454472011201,0.0085,0.0,,
AI4I,47,Weighted-Mondrian,35,0.05916784862196629,0.9493128832751475,0.6992945717988328,50.0,2.0,0.94,0.06,0.0,0.0,2.0,1.0,1.0,1,1.2172552577282352,0.05,0.6039921655184183,12.737190254759502,0.003,0.0,,
AI4I,47,Weighted-Mondrian,36,0.06164288332238798,0.9493128832751475,0.6992945717988328,50.0,2.0,0.78,0.22,0.0,0.0,2.0,1.0,1.0,1,1.1436926205984133,0.06319331224802575,0.5830881321358508,11.396929955688575,0.0,0.0,,
AI4I,47,Weighted-Mondrian,37,0.05938120567636249,0.9493128832751475,0.6992945717988328,50.0,0.0,0.98,0.02,0.0,0.0,0.0,0.0,1.0,1,1.2900257174390959,0.05,0.6002856627045722,14.281071470058757,0.001,0.0,,
AI4I,47,Weighted-Mondrian,38,0.03900432433826562,0.9493128832751475,0.6992945717988328,50.0,0.0,0.92,0.08,0.0,0.0,0.0,0.0,1.0,1,1.1238077725962285,0.06958698185969908,0.5663839575795218,10.78358425742577,0.0,0.0,,
AI4I,47,Weighted-Mondrian,39,0.03900432433826562,0.9493128832751475,0.6992945717988328,50.0,1.0,0.88,0.12,0.0,0.0,1.0,1.0,1.0,1,1.1021560921956701,0.06393542369741675,0.5400475975059136,8.437429513423174,0.0,0.0,,
AI4I,47,Periodic-Rolling-CP,0,0.06961850096617404,0.9493128832751475,0.6992945717988328,50.0,1.0,0.86,0.14,0.0,0.0,1.0,1.0,0.9266083869829792,1,,,,,,,stable,5.0
AI4I,47,Periodic-Rolling-CP,1,0.06961850096617404,0.9493128832751475,0.6992945717988328,50.0,0.0,0.96,0.04,0.0,0.0,0.0,0.0,0.9037128947008566,1,,,,,,,stable,5.0
AI4I,47,Periodic-Rolling-CP,2,0.06961850096617404,0.9493128832751475,0.6992945717988328,50.0,1.0,0.9,0.1,1.0,1.0,0.0,0.0,0.9414660824507372,1,,,,,,,stable,5.0
AI4I,47,Periodic-Rolling-CP,3,0.06961850096617404,0.9493128832751475,0.6992945717988328,50.0,3.0,0.82,0.18,0.0,0.0,3.0,1.0,0.9937390097567361,1,,,,,,,stable,5.0
AI4I,47,Periodic-Rolling-CP,4,0.06961850096617404,0.9493128832751475,0.6992945717988328,50.0,1.0,0.88,0.12,0.0,0.0,1.0,1.0,1.0,1,,,,,,,stable,5.0
AI4I,47,Periodic-Rolling-CP,5,0.0733698317623712,0.9493128832751475,0.6992945717988328,50.0,0.0,0.84,0.16,0.0,0.0,0.0,0.0,1.0,1,,,,,,,rolling-calibration,5.0
AI4I,47,Periodic-Rolling-CP,6,0.07636508532013174,0.9493128832751475,0.6992945717988328,50.0,1.0,0.96,0.04,0.0,0.0,1.0,1.0,1.0,1,,,,,,,rolling-calibration,5.0
AI4I,47,Periodic-Rolling-CP,7,0.07680959843733835,0.9493128832751475,0.6992945717988328,50.0,2.0,0.84,0.16,0.5,1.0,1.0,0.5,1.0,1,,,,,,,rolling-calibration,5.0
AI4I,47,Periodic-Rolling-CP,8,0.07756134897781954,0.9493128832751475,0.6992945717988328,50.0,1.0,0.88,0.12,0.0,0.0,1.0,1.0,1.0,1,,,,,,,rolling-calibration,5.0
AI4I,47,Periodic-Rolling-CP,9,0.07818592719637896,0.9493128832751475,0.6992945717988328,50.0,0.0,0.94,0.06,0.0,0.0,0.0,0.0,1.0,1,,,,,,,rolling-calibration,5.0
AI4I,47,Periodic-Rolling-CP,10,0.07882406100263684,0.9493128832751475,0.6992945717988328,50.0,1.0,0.96,0.04,1.0,1.0,0.0,0.0,1.0,1,,,,,,,rolling-calibration,5.0
AI4I,47,Periodic-Rolling-CP,11,0.07912204504130199,0.9493128832751475,0.6992945717988328,50.0,1.0,0.94,0.06,0.0,0.0,1.0,1.0,1.0,1,,,,,,,rolling-calibration,5.0
AI4I,47,Periodic-Rolling-CP,12,0.08007460496847492,0.9493128832751475,0.6992945717988328,50.0,2.0,0.9,0.1,0.5,1.0,1.0,0.5,1.0,1,,,,,,,rolling-calibration,5.0
AI4I,47,Periodic-Rolling-CP,13,0.08032478685988008,0.9493128832751475,0.6992945717988328,50.0,1.0,0.98,0.02,0.0,0.0,1.0,1.0,1.0,1,,,,,,,rolling-calibration,5.0
AI4I,47,Periodic-Rolling-CP,14,0.08032478685988008,0.9493128832751475,0.6992945717988328,50.0,0.0,1.0,0.0,0.0,0.0,0.0,0.0,1.0,1,,,,,,,rolling-calibration,5.0
AI4I,47,Periodic-Rolling-CP,15,0.08032478685988008,0.9493128832751475,0.6992945717988328,50.0,0.0,0.98,0.02,0.0,0.0,0.0,0.0,1.0,1,,,,,,,rolling-calibration,5.0
AI4I,47,Periodic-Rolling-CP,16,0.08072516113803568,0.9493128832751475,0.6992945717988328,50.0,1.0,0.92,0.08,0.0,0.0,1.0,1.0,1.0,1,,,,,,,rolling-calibration,5.0
AI4I,47,Periodic-Rolling-CP,17,0.08181171616724284,0.9493128832751475,0.6992945717988328,50.0,0.0,0.98,0.02,0.0,0.0,0.0,0.0,1.0,1,,,,,,,rolling-calibration,5.0
AI4I,47,Periodic-Rolling-CP,18,0.08207179910656506,0.9493128832751475,0.6992945717988328,50.0,1.0,0.96,0.04,0.0,0.0,1.0,1.0,1.0,1,,,,,,,rolling-calibration,5.0
AI4I,47,Periodic-Rolling-CP,19,0.08239393707880013,0.9493128832751475,0.6992945717988328,50.0,0.0,0.98,0.02,0.0,0.0,0.0,0.0,1.0,1,,,,,,,rolling-calibration,5.0
AI4I,47,Periodic-Rolling-CP,20,0.08284238501289361,0.9493128832751475,0.6992945717988328,50.0,4.0,0.86,0.14,0.25,1.0,3.0,0.75,1.0,1,,,,,,,rolling-calibration,5.0
AI4I,47,Periodic-Rolling-CP,21,0.08392104731869436,0.9493128832751475,0.6992945717988328,50.0,1.0,0.96,0.04,0.0,0.0,1.0,1.0,1.0,1,,,,,,,rolling-calibration,5.0
AI4I,47,Periodic-Rolling-CP,22,0.08454147134812448,0.9493128832751475,0.6992945717988328,50.0,0.0,1.0,0.0,0.0,0.0,0.0,0.0,1.0,1,,,,,,,rolling-calibration,5.0
AI4I,47,Periodic-Rolling-CP,23,0.08454147134812448,0.9493128832751475,0.6992945717988328,50.0,2.0,0.94,0.06,0.5,1.0,1.0,0.5,1.0,1,,,,,,,rolling-calibration,5.0
AI4I,47,Periodic-Rolling-CP,24,0.08517680221395388,0.9493128832751475,0.6992945717988328,50.0,0.0,0.96,0.04,0.0,0.0,0.0,0.0,1.0,1,,,,,,,rolling-calibration,5.0
AI4I,47,Periodic-Rolling-CP,25,0.08603025560510115,0.9493128832751475,0.6992945717988328,50.0,0.0,0.96,0.04,0.0,0.0,0.0,0.0,1.0,1,,,,,,,rolling-calibration,5.0
AI4I,47,Periodic-Rolling-CP,26,0.08610356315569467,0.9493128832751475,0.6992945717988328,50.0,0.0,0.96,0.04,0.0,0.0,0.0,0.0,1.0,1,,,,,,,rolling-calibration,5.0
AI4I,47,Periodic-Rolling-CP,27,0.08618604623183782,0.9493128832751475,0.6992945717988328,50.0,0.0,1.0,0.0,0.0,0.0,0.0,0.0,1.0,1,,,,,,,rolling-calibration,5.0
AI4I,47,Periodic-Rolling-CP,28,0.08618604623183782,0.9493128832751475,0.6992945717988328,50.0,1.0,0.98,0.02,0.0,0.0,1.0,1.0,1.0,1,,,,,,,rolling-calibration,5.0
AI4I,47,Periodic-Rolling-CP,29,0.08618604623183782,0.9493128832751475,0.6992945717988328,50.0,1.0,0.92,0.08,0.0,0.0,1.0,1.0,1.0,1,,,,,,,rolling-calibration,5.0
AI4I,47,Periodic-Rolling-CP,30,0.08670888783826676,0.9493128832751475,0.6992945717988328,50.0,0.0,0.98,0.02,0.0,0.0,0.0,0.0,0.9969751147213887,1,,,,,,,rolling-calibration,5.0
AI4I,47,Periodic-Rolling-CP,31,0.08717033429305406,0.9493128832751475,0.6992945717988328,50.0,1.0,0.98,0.02,1.0,1.0,0.0,0.0,0.9923277905738881,1,,,,,,,rolling-calibration,5.0
AI4I,47,Periodic-Rolling-CP,32,0.08719444852530728,0.9493128832751475,0.6992945717988328,50.0,1.0,0.98,0.02,0.0,0.0,1.0,1.0,1.0,1,,,,,,,rolling-calibration,5.0
AI4I,47,Periodic-Rolling-CP,33,0.08719444852530728,0.9493128832751475,0.6992945717988328,50.0,6.0,0.66,0.34,0.0,0.0,6.0,1.0,1.0,1,,,,,,,rolling-calibration,5.0
AI4I,47,Periodic-Rolling-CP,34,0.09099465311757304,0.9493128832751475,0.6992945717988328,50.0,0.0,0.98,0.02,0.0,0.0,0.0,0.0,1.0,1,,,,,,,rolling-calibration,5.0
AI4I,47,Periodic-Rolling-CP,35,0.09118755216475061,0.9493128832751475,0.6992945717988328,50.0,2.0,0.94,0.06,0.0,0.0,2.0,1.0,1.0,1,,,,,,,rolling-calibration,5.0
AI4I,47,Periodic-Rolling-CP,36,0.09118755216475061,0.9493128832751475,0.6992945717988328,50.0,2.0,0.8,0.2,0.0,0.0,2.0,1.0,1.0,1,,,,,,,rolling-calibration,5.0
AI4I,47,Periodic-Rolling-CP,37,0.09636764868145199,0.9493128832751475,0.6992945717988328,50.0,0.0,0.98,0.02,0.0,0.0,0.0,0.0,1.0,1,,,,,,,rolling-calibration,5.0
AI4I,47,Periodic-Rolling-CP,38,0.09777006805774134,0.9493128832751475,0.6992945717988328,50.0,0.0,0.96,0.04,0.0,0.0,0.0,0.0,1.0,1,,,,,,,rolling-calibration,5.0
AI4I,47,Periodic-Rolling-CP,39,0.09782118067690816,0.9493128832751475,0.6992945717988328,50.0,1.0,0.98,0.02,0.0,0.0,1.0,1.0,1.0,1,,,,,,,rolling-calibration,5.0
AI4I,47,DTCG-Proposed,0,0.0,0.9493128832751475,0.6992945717988328,50.0,1.0,0.0,1.0,0.0,0.0,1.0,1.0,0.9266083869829792,1,,,,,,,first-shift-hold,5.0
AI4I,47,DTCG-Proposed,1,0.06961850096617404,0.9493128832751475,0.6992945717988328,50.0,0.0,0.96,0.04,0.0,0.0,0.0,0.0,0.9037128947008566,1,,,,,,,shifted-base-calibration,5.0
AI4I,47,DTCG-Proposed,2,0.06961850096617404,0.9493128832751475,0.6992945717988328,50.0,1.0,0.9,0.1,1.0,1.0,0.0,0.0,0.9414660824507372,1,,,,,,,shifted-base-calibration,5.0
AI4I,47,DTCG-Proposed,3,0.06961850096617404,0.9493128832751475,0.6992945717988328,50.0,3.0,0.82,0.18,0.0,0.0,3.0,1.0,0.9937390097567361,1,,,,,,,shifted-base-calibration,5.0
AI4I,47,DTCG-Proposed,4,0.06961850096617404,0.9493128832751475,0.6992945717988328,50.0,1.0,0.88,0.12,0.0,0.0,1.0,1.0,1.0,1,,,,,,,shifted-base-calibration,5.0
AI4I,47,DTCG-Proposed,5,0.06961850096617404,0.9493128832751475,0.6992945717988328,50.0,0.0,0.82,0.18,0.0,0.0,0.0,0.0,1.0,1,,,,,,,shifted-rolling-calibration,5.0
AI4I,47,DTCG-Proposed,6,0.06961850096617404,0.9493128832751475,0.6992945717988328,50.0,1.0,0.96,0.04,0.0,0.0,1.0,1.0,1.0,1,,,,,,,shifted-rolling-calibration,5.0
AI4I,47,DTCG-Proposed,7,0.06961850096617404,0.9493128832751475,0.6992945717988328,50.0,2.0,0.82,0.18,0.0,0.0,2.0,1.0,1.0,1,,,,,,,shifted-rolling-calibration,5.0
AI4I,47,DTCG-Proposed,8,0.06961850096617404,0.9493128832751475,0.6992945717988328,50.0,1.0,0.88,0.12,0.0,0.0,1.0,1.0,1.0,1,,,,,,,shifted-rolling-calibration,5.0
AI4I,47,DTCG-Proposed,9,0.06961850096617404,0.9493128832751475,0.6992945717988328,50.0,0.0,0.94,0.06,0.0,0.0,0.0,0.0,1.0,1,,,,,,,shifted-rolling-calibration,5.0
AI4I,47,DTCG-Proposed,10,0.06961850096617404,0.9493128832751475,0.6992945717988328,50.0,1.0,0.94,0.06,1.0,1.0,0.0,0.0,1.0,1,,,,,,,shifted-rolling-calibration,5.0
AI4I,47,DTCG-Proposed,11,0.06961850096617404,0.9493128832751475,0.6992945717988328,50.0,1.0,0.94,0.06,0.0,0.0,1.0,1.0,1.0,1,,,,,,,shifted-rolling-calibration,5.0
AI4I,47,DTCG-Proposed,12,0.06961850096617404,0.9493128832751475,0.6992945717988328,50.0,2.0,0.88,0.12,0.0,0.0,2.0,1.0,1.0,1,,,,,,,shifted-rolling-calibration,5.0
AI4I,47,DTCG-Proposed,13,0.06961850096617404,0.9493128832751475,0.6992945717988328,50.0,1.0,0.98,0.02,0.0,0.0,1.0,1.0,1.0,1,,,,,,,shifted-rolling-calibration,5.0
AI4I,47,DTCG-Proposed,14,0.06961850096617404,0.9493128832751475,0.6992945717988328,50.0,0.0,1.0,0.0,0.0,0.0,0.0,0.0,1.0,1,,,,,,,shifted-rolling-calibration,5.0
AI4I,47,DTCG-Proposed,15,0.06961850096617404,0.9493128832751475,0.6992945717988328,50.0,0.0,0.96,0.04,0.0,0.0,0.0,0.0,1.0,1,,,,,,,shifted-rolling-calibration,5.0
AI4I,47,DTCG-Proposed,16,0.06961850096617404,0.9493128832751475,0.6992945717988328,50.0,1.0,0.92,0.08,0.0,0.0,1.0,1.0,1.0,1,,,,,,,shifted-rolling-calibration,5.0
AI4I,47,DTCG-Proposed,17,0.06961850096617404,0.9493128832751475,0.6992945717988328,50.0,0.0,0.98,0.02,0.0,0.0,0.0,0.0,1.0,1,,,,,,,shifted-rolling-calibration,5.0
AI4I,47,DTCG-Proposed,18,0.06961850096617404,0.9493128832751475,0.6992945717988328,50.0,1.0,0.96,0.04,0.0,0.0,1.0,1.0,1.0,1,,,,,,,shifted-rolling-calibration,5.0
AI4I,47,DTCG-Proposed,19,0.06961850096617404,0.9493128832751475,0.6992945717988328,50.0,0.0,0.98,0.02,0.0,0.0,0.0,0.0,1.0,1,,,,,,,shifted-rolling-calibration,5.0
AI4I,47,DTCG-Proposed,20,0.06961850096617404,0.9493128832751475,0.6992945717988328,50.0,4.0,0.86,0.14,0.25,1.0,3.0,0.75,1.0,1,,,,,,,shifted-rolling-calibration,5.0
AI4I,47,DTCG-Proposed,21,0.06961850096617404,0.9493128832751475,0.6992945717988328,50.0,1.0,0.96,0.04,0.0,0.0,1.0,1.0,1.0,1,,,,,,,shifted-rolling-calibration,5.0
AI4I,47,DTCG-Proposed,22,0.06961850096617404,0.9493128832751475,0.6992945717988328,50.0,0.0,1.0,0.0,0.0,0.0,0.0,0.0,1.0,1,,,,,,,shifted-rolling-calibration,5.0
AI4I,47,DTCG-Proposed,23,0.06961850096617404,0.9493128832751475,0.6992945717988328,50.0,2.0,0.94,0.06,0.5,1.0,1.0,0.5,1.0,1,,,,,,,shifted-rolling-calibration,5.0
AI4I,47,DTCG-Proposed,24,0.06961850096617404,0.9493128832751475,0.6992945717988328,50.0,0.0,0.96,0.04,0.0,0.0,0.0,0.0,1.0,1,,,,,,,shifted-rolling-calibration,5.0
AI4I,47,DTCG-Proposed,25,0.06961850096617404,0.9493128832751475,0.6992945717988328,50.0,0.0,0.96,0.04,0.0,0.0,0.0,0.0,1.0,1,,,,,,,shifted-rolling-calibration,5.0
AI4I,47,DTCG-Proposed,26,0.06961850096617404,0.9493128832751475,0.6992945717988328,50.0,0.0,0.96,0.04,0.0,0.0,0.0,0.0,1.0,1,,,,,,,shifted-rolling-calibration,5.0
AI4I,47,DTCG-Proposed,27,0.06961850096617404,0.9493128832751475,0.6992945717988328,50.0,0.0,1.0,0.0,0.0,0.0,0.0,0.0,1.0,1,,,,,,,shifted-rolling-calibration,5.0
AI4I,47,DTCG-Proposed,28,0.06961850096617404,0.9493128832751475,0.6992945717988328,50.0,1.0,0.96,0.04,0.0,0.0,1.0,1.0,1.0,1,,,,,,,shifted-rolling-calibration,5.0
AI4I,47,DTCG-Proposed,29,0.06961850096617404,0.9493128832751475,0.6992945717988328,50.0,1.0,0.88,0.12,0.0,0.0,1.0,1.0,1.0,1,,,,,,,shifted-rolling-calibration,5.0
AI4I,47,DTCG-Proposed,30,0.06961850096617404,0.9493128832751475,0.6992945717988328,50.0,0.0,0.96,0.04,0.0,0.0,0.0,0.0,0.9969751147213887,1,,,,,,,shifted-rolling-calibration,5.0
AI4I,47,DTCG-Proposed,31,0.06961850096617404,0.9493128832751475,0.6992945717988328,50.0,1.0,0.92,0.08,1.0,1.0,0.0,0.0,0.9923277905738881,1,,,,,,,shifted-rolling-calibration,5.0
AI4I,47,DTCG-Proposed,32,0.06961850096617404,0.9493128832751475,0.6992945717988328,50.0,1.0,0.96,0.04,0.0,0.0,1.0,1.0,1.0,1,,,,,,,shifted-rolling-calibration,5.0
AI4I,47,DTCG-Proposed,33,0.06961850096617404,0.9493128832751475,0.6992945717988328,50.0,6.0,0.66,0.34,0.0,0.0,6.0,1.0,1.0,1,,,,,,,shifted-rolling-calibration,5.0
AI4I,47,DTCG-Proposed,34,0.06961850096617404,0.9493128832751475,0.6992945717988328,50.0,0.0,0.92,0.08,0.0,0.0,0.0,0.0,1.0,1,,,,,,,shifted-rolling-calibration,5.0
AI4I,47,DTCG-Proposed,35,0.06961850096617404,0.9493128832751475,0.6992945717988328,50.0,2.0,0.94,0.06,0.0,0.0,2.0,1.0,1.0,1,,,,,,,shifted-rolling-calibration,5.0
AI4I,47,DTCG-Proposed,36,0.06961850096617404,0.9493128832751475,0.6992945717988328,50.0,2.0,0.78,0.22,0.0,0.0,2.0,1.0,1.0,1,,,,,,,shifted-rolling-calibration,5.0
AI4I,47,DTCG-Proposed,37,0.06961850096617404,0.9493128832751475,0.6992945717988328,50.0,0.0,0.98,0.02,0.0,0.0,0.0,0.0,1.0,1,,,,,,,shifted-rolling-calibration,5.0
AI4I,47,DTCG-Proposed,38,0.06961850096617404,0.9493128832751475,0.6992945717988328,50.0,0.0,0.96,0.04,0.0,0.0,0.0,0.0,1.0,1,,,,,,,shifted-rolling-calibration,5.0
AI4I,47,DTCG-Proposed,39,0.06961850096617404,0.9493128832751475,0.6992945717988328,50.0,1.0,0.98,0.02,0.0,0.0,1.0,1.0,1.0,1,,,,,,,shifted-rolling-calibration,5.0
